/*
Navicat MySQL Data Transfer

Source Server         : remote-test
Source Server Version : 50622
Source Host           : marketplace.cbcfuhpj9txw.us-east-1.rds.amazonaws.com:3306
Source Database       : mp_media_service_test

Target Server Type    : MYSQL
Target Server Version : 50622
File Encoding         : 65001

Date: 2016-04-29 09:56:42
*/

SET FOREIGN_KEY_CHECKS=0;

-- ----------------------------
-- Table structure for app
-- ----------------------------
DROP TABLE IF EXISTS `app`;
CREATE TABLE `app` (
  `id` int(10) unsigned NOT NULL AUTO_INCREMENT COMMENT '自增ID',
  `key` varchar(64) NOT NULL COMMENT '授权KEY',
  `secret` varchar(128) NOT NULL COMMENT '授权密钥',
  `allowed_ips` varchar(128) NOT NULL COMMENT 'IP白名单',
  `state` tinyint(1) unsigned NOT NULL DEFAULT '1' COMMENT '状态:0-已删除,1-正常',
  `create_time` int(10) unsigned NOT NULL COMMENT '创建时间',
  `update_time` int(10) unsigned NOT NULL COMMENT '更新时间',
  PRIMARY KEY (`id`),
  UNIQUE KEY `key` (`key`),
  KEY `state` (`state`)
) ENGINE=InnoDB AUTO_INCREMENT=3 DEFAULT CHARSET=utf8 COMMENT='应用表';

-- ----------------------------
-- Records of app
-- ----------------------------
INSERT INTO `app` VALUES ('1', 'testkey', 'testkey', '127.0.0.1,192.168.10.1,192.168.10.0-192.168.10.255,192.168.10.1,218.76.53.226,218.*,54.152.104.*,45.32.225.93,45.*.*.*,159.*.*.*', '1', '4294967295', '4294967295');
INSERT INTO `app` VALUES ('2', 'yang', '12345678', '127.0.0.1,192.168.10.1,192.168.10.0-192.168.10.255,192.168.10.1,218.76.53.226,218.*,54.152.104.*,45.32.225.93,45.*.*.*', '1', '1455438822', '1455438822');

-- ----------------------------
-- Table structure for category
-- ----------------------------
DROP TABLE IF EXISTS `category`;
CREATE TABLE `category` (
  `id` int(10) unsigned NOT NULL AUTO_INCREMENT COMMENT '自增ID',
  `name` varchar(128) NOT NULL COMMENT '分类名称',
  `url_name` varchar(32) NOT NULL COMMENT 'URL名称',
  `state` tinyint(1) unsigned NOT NULL DEFAULT '1' COMMENT '状态:0-已删除,1-正常',
  `create_time` int(10) unsigned NOT NULL COMMENT '创建时间',
  `update_time` int(10) unsigned NOT NULL COMMENT '更新时间',
  PRIMARY KEY (`id`),
  UNIQUE KEY `url_name` (`url_name`),
  KEY `state` (`state`)
) ENGINE=InnoDB AUTO_INCREMENT=4 DEFAULT CHARSET=utf8 COMMENT='媒体分类';

-- ----------------------------
-- Records of category
-- ----------------------------
INSERT INTO `category` VALUES ('1', '头像', 'avatars', '1', '123465456', '234645689');
INSERT INTO `category` VALUES ('2', '工单', 'order-photos', '1', '556454546', '887533513');
INSERT INTO `category` VALUES ('3', '报价附件', 'quote-talk-attachments', '1', '4294967295', '4294967295');

-- ----------------------------
-- Table structure for category_mcr_alias
-- ----------------------------
DROP TABLE IF EXISTS `category_mcr_alias`;
CREATE TABLE `category_mcr_alias` (
  `id` int(10) unsigned NOT NULL AUTO_INCREMENT COMMENT '自增ID',
  `category_id` int(10) unsigned NOT NULL COMMENT '分类ID',
  `pattern` varchar(32) NOT NULL COMMENT '别名模式',
  `converter_name` varchar(32) NOT NULL COMMENT '转换器名称',
  `converter_params` varchar(255) NOT NULL COMMENT '转换器参数',
  `create_time` int(10) unsigned NOT NULL COMMENT '创建时间',
  `update_time` int(10) unsigned NOT NULL COMMENT '更新时间',
  PRIMARY KEY (`id`),
  UNIQUE KEY `category_id` (`category_id`,`pattern`) USING HASH
) ENGINE=InnoDB AUTO_INCREMENT=7 DEFAULT CHARSET=utf8 COMMENT='分类-媒体-转换规则 别名表';

-- ----------------------------
-- Records of category_mcr_alias
-- ----------------------------
INSERT INTO `category_mcr_alias` VALUES ('1', '1', 'small', 'image-view', 'thumbnail/3,100x0/format/jpg/q/80', '1458544756', '1458544756');
INSERT INTO `category_mcr_alias` VALUES ('2', '1', 'medium', 'image-view', 'thumbnail/3,320x0/format/jpg/q/80', '1458544756', '1458544756');
INSERT INTO `category_mcr_alias` VALUES ('3', '1', 'large', 'image-view', 'thumbnail/3,640x0/format/jpg/q/80', '1458544756', '1458544756');

-- ----------------------------
-- Table structure for category_rule
-- ----------------------------
DROP TABLE IF EXISTS `category_rule`;
CREATE TABLE `category_rule` (
  `id` int(10) unsigned NOT NULL AUTO_INCREMENT COMMENT '自增ID',
  `category_id` int(10) unsigned NOT NULL COMMENT '分类ID',
  `rule_name` varchar(32) NOT NULL COMMENT '规则名',
  `rule_params` text NOT NULL COMMENT '规则参数',
  `create_time` int(10) unsigned NOT NULL COMMENT '创建时间',
  `update_time` int(10) unsigned NOT NULL COMMENT '更新时间',
  PRIMARY KEY (`id`),
  UNIQUE KEY `category_id` (`category_id`,`rule_name`) USING BTREE
) ENGINE=InnoDB AUTO_INCREMENT=4 DEFAULT CHARSET=utf8 COMMENT='分类规则';

-- ----------------------------
-- Records of category_rule
-- ----------------------------
INSERT INTO `category_rule` VALUES ('1', '1', 'contentTypeRule', '{\"allowedTypes\":[\"image/jpg\",\"image/jpeg\",\"image/jif\"]}', '1365435321', '4294967295');
INSERT INTO `category_rule` VALUES ('2', '2', 'contentTypeRule', '{\"allowedTypes\":[\"image/jpg\",\"image/jpeg\"]}', '1354632132', '4213212015');
INSERT INTO `category_rule` VALUES ('3', '3', 'contentTypeRule', '{\"allowedTypes\":[\"image/jpg\",\"image/jpeg\"]}', '3263322322', '4294967295');

-- ----------------------------
-- Table structure for media
-- ----------------------------
DROP TABLE IF EXISTS `media`;
CREATE TABLE `media` (
  `id` bigint(20) unsigned NOT NULL COMMENT '自定义分配ID',
  `app_id` int(10) unsigned NOT NULL COMMENT '应用ID',
  `category_id` int(10) unsigned NOT NULL COMMENT '分类ID',
  `object_id` bigint(20) unsigned NOT NULL COMMENT '文件对象ID',
  `object_md5_prefix` varchar(8) NOT NULL COMMENT 'Object md5哈希8位前缀,方便基于md5分片后的object查找',
  `name` varchar(255) NOT NULL COMMENT '原始文件名',
  `description` varchar(255) NOT NULL COMMENT '描述',
  `content_type` varchar(128) NOT NULL COMMENT 'Content Type',
  `create_time` int(10) unsigned NOT NULL COMMENT '创建时间',
  `update_time` int(10) unsigned NOT NULL COMMENT '更新时间',
  PRIMARY KEY (`id`),
  KEY `category_id` (`category_id`),
  KEY `object_id` (`object_id`),
  KEY `app_id` (`app_id`)
) ENGINE=InnoDB DEFAULT CHARSET=utf8 COMMENT='媒体文件表';

-- ----------------------------
-- Records of media
-- ----------------------------
INSERT INTO `media` VALUES ('4461860512127', '1', '3', '4460615737688', '94037c10', 'dd', '', 'image/jpeg', '1459396195', '1459396195');
INSERT INTO `media` VALUES ('4462552048000', '1', '1', '4462552048019', 'ee89c2c5', 'James', 'xxxx', 'image/jpg', '1459480611', '1459480611');
INSERT INTO `media` VALUES ('4462676640129', '1', '1', '4462676640148', 'd7214388', 'James', 'xxxx', 'image/jpg', '1459495820', '1459495820');
INSERT INTO `media` VALUES ('4462744183170', '1', '1', '4462744183189', '28a2b3aa', 'text', 'headImage', 'image/jpg', '1459504065', '1459504065');
INSERT INTO `media` VALUES ('4465374192003', '1', '2', '4460615737688', '94037c10', 'wo', 'niaho', 'image/jpg', '1459825111', '1459825111');
INSERT INTO `media` VALUES ('4465375207812', '1', '2', '4451358097502', 'd6ee14b5', 'wo', 'niaho', 'image/jpg', '1459825235', '1459825235');
INSERT INTO `media` VALUES ('4465379369349', '1', '2', '4451358097502', 'd6ee14b5', 'wo', 'niaho', 'image/jpg', '1459825743', '1459825743');
INSERT INTO `media` VALUES ('4465387749766', '1', '2', '4451358097502', 'd6ee14b5', 'ddndndn', '', 'image/jpeg', '1459826766', '1459826766');
INSERT INTO `media` VALUES ('4465406648711', '1', '2', '4454718963866', 'fce906ef', 'ceshiLatitude2', 'beforeWorkingPhoto', 'image/jpg', '1459829073', '1459829073');
INSERT INTO `media` VALUES ('4465517035912', '1', '2', '4454718963866', 'fce906ef', 'ceshiLatitude2', 'beforeWorkingPhoto', 'image/jpg', '1459842548', '1459842548');
INSERT INTO `media` VALUES ('4465558733193', '1', '2', '4451358097502', 'd6ee14b5', 'ddndndn', '', 'image/jpeg', '1459847638', '1459847638');
INSERT INTO `media` VALUES ('4465558856074', '1', '2', '4451358097502', 'd6ee14b5', 'ddndndn', '', 'image/jpeg', '1459847653', '1459847653');
INSERT INTO `media` VALUES ('4465558921611', '1', '2', '4451358097502', 'd6ee14b5', 'ddndndn', '', 'image/jpeg', '1459847661', '1459847661');
INSERT INTO `media` VALUES ('4465571881356', '1', '2', '4451358097502', 'd6ee14b5', 'wo', 'niaho', 'image/jpg', '1459849243', '1459849243');
INSERT INTO `media` VALUES ('4465571955085', '1', '2', '4451358097502', 'd6ee14b5', 'wo', 'niaho', 'image/jpg', '1459849252', '1459849252');
INSERT INTO `media` VALUES ('4465572037006', '1', '2', '4451358097502', 'd6ee14b5', 'wo', 'niaho', 'image/jpg', '1459849262', '1459849262');
INSERT INTO `media` VALUES ('4466089615759', '1', '2', '4451358097502', 'd6ee14b5', 'wo', 'niaho', 'image/jpg', '1459912443', '1459912443');
INSERT INTO `media` VALUES ('4466092147088', '1', '2', '4451358097502', 'd6ee14b5', 'wo', 'niaho', 'image/jpg', '1459912752', '1459912752');
INSERT INTO `media` VALUES ('4466093343121', '1', '2', '4451358097502', 'd6ee14b5', 'wo', 'niaho', 'image/jpg', '1459912898', '1459912898');
INSERT INTO `media` VALUES ('4466095038866', '1', '2', '4451358097502', 'd6ee14b5', 'wo', 'niaho', 'image/jpg', '1459913105', '1459913105');
INSERT INTO `media` VALUES ('4466101780883', '1', '3', '4461319520641', 'c50549ee', 'James', 'xxxx', 'image/jpg', '1459913928', '1459913928');
INSERT INTO `media` VALUES ('4466103615892', '1', '3', '4466103615911', 'ec0ebcc6', 'James', 'xxxx', 'image/jpg', '1459914152', '1459914152');
INSERT INTO `media` VALUES ('4466107744661', '1', '3', '4466107744680', '1d228292', 'James', 'xxxx', 'image/jpg', '1459914656', '1459914656');
INSERT INTO `media` VALUES ('4466109153686', '1', '3', '4466109153705', '00a5abfa', 'James', 'xxxx', 'image/jpg', '1459914828', '1459914828');
INSERT INTO `media` VALUES ('4466109301143', '1', '3', '4461319520641', 'c50549ee', 'James', 'xxxx', 'image/jpg', '1459914846', '1459914846');
INSERT INTO `media` VALUES ('4466137809304', '1', '2', '4451358097502', 'd6ee14b5', 'wo', 'niaho', 'image/jpg', '1459918326', '1459918326');
INSERT INTO `media` VALUES ('4466139824537', '1', '2', '4451358097502', 'd6ee14b5', 'wo', 'niaho', 'image/jpg', '1459918572', '1459918572');
INSERT INTO `media` VALUES ('4466177434010', '1', '2', '4451358097502', 'd6ee14b5', 'wo', 'niaho', 'image/jpg', '1459923163', '1459923163');
INSERT INTO `media` VALUES ('4466181374363', '1', '2', '4451358097502', 'd6ee14b5', 'wo', 'niaho', 'image/jpg', '1459923644', '1459923644');
INSERT INTO `media` VALUES ('4466181611932', '1', '2', '4451358097502', 'd6ee14b5', 'wo', 'niaho', 'image/jpg', '1459923673', '1459923673');
INSERT INTO `media` VALUES ('4466182496669', '1', '2', '4451358097502', 'd6ee14b5', 'wo', 'niaho', 'image/jpg', '1459923781', '1459923781');
INSERT INTO `media` VALUES ('4466190008734', '1', '2', '4451358097502', 'd6ee14b5', 'wo', 'niaho', 'image/jpg', '1459924698', '1459924698');
INSERT INTO `media` VALUES ('4466191393183', '1', '2', '4451358097502', 'd6ee14b5', 'wo', 'niaho', 'image/jpg', '1459924867', '1459924867');
INSERT INTO `media` VALUES ('4466192867744', '1', '2', '4451358097502', 'd6ee14b5', 'wo', 'niaho', 'image/jpg', '1459925047', '1459925047');
INSERT INTO `media` VALUES ('4466193465761', '1', '2', '4451358097502', 'd6ee14b5', 'wo', 'niaho', 'image/jpg', '1459925120', '1459925120');
INSERT INTO `media` VALUES ('4466212897186', '1', '1', '4466212897205', '2eb3c701', 'text', 'headImage', 'image/jpg', '1459927492', '1459927492');
INSERT INTO `media` VALUES ('4466240553379', '1', '3', '4461330366854', '0bb90e0c', 'James', 'xxxx', 'image/jpg', '1459930868', '1459930868');
INSERT INTO `media` VALUES ('4466249458084', '1', '2', '4451358097502', 'd6ee14b5', 'wo', 'niaho', 'image/jpg', '1459931955', '1459931955');
INSERT INTO `media` VALUES ('4466283897253', '1', '2', '4466283897272', '3b71a39a', 'ceshiLatitude2', 'beforeWorkingPhoto', 'image/jpg', '1459936159', '1459936159');
INSERT INTO `media` VALUES ('4466284274086', '1', '2', '4466284274105', '40d995f1', 'ceshiLatitude2', 'beforeWorkingPhoto', 'image/jpg', '1459936205', '1459936205');
INSERT INTO `media` VALUES ('4466284478887', '1', '2', '4466284478906', 'bc13f0aa', 'ceshiLatitude2', 'beforeWorkingPhoto', 'image/jpg', '1459936230', '1459936230');
INSERT INTO `media` VALUES ('4466798379432', '1', '2', '4451358097502', 'd6ee14b5', 'wo', 'niaho', 'image/jpg', '1459998962', '1459998962');
INSERT INTO `media` VALUES ('4466800050601', '1', '2', '4451358097502', 'd6ee14b5', 'wo', 'niaho', 'image/jpg', '1459999166', '1459999166');
INSERT INTO `media` VALUES ('4466800337322', '1', '2', '4451358097502', 'd6ee14b5', 'wo', 'niaho', 'image/jpg', '1459999201', '1459999201');
INSERT INTO `media` VALUES ('4466802327979', '1', '2', '4451358097502', 'd6ee14b5', 'wo', 'niaho', 'image/jpg', '1459999444', '1459999444');
INSERT INTO `media` VALUES ('4466807873964', '1', '2', '4466284478906', 'bc13f0aa', 'ceshiLatitude2', 'beforeWorkingPhoto', 'image/jpg', '1460000121', '1460000121');
INSERT INTO `media` VALUES ('4466807939501', '1', '2', '4466807939520', '599f9fcd', 'ceshiLatitude2', 'beforeWorkingPhoto', 'image/jpg', '1460000129', '1460000129');
INSERT INTO `media` VALUES ('4466808889774', '1', '2', '4466283897272', '3b71a39a', 'text', 'afterWorkingPhoto', 'image/jpg', '1460000245', '1460000245');
INSERT INTO `media` VALUES ('4466809962927', '1', '2', '4466809962946', '88b457fa', 'text', 'afterWorkingPhoto', 'image/jpg', '1460000376', '1460000376');
INSERT INTO `media` VALUES ('4466815476144', '1', '2', '4466815476163', '792f5bac', 'ceshiLatitude2', 'beforeWorkingPhoto', 'image/jpg', '1460001049', '1460001049');
INSERT INTO `media` VALUES ('4466979733937', '1', '2', '4451358097502', 'd6ee14b5', 'wo', 'niaho', 'image/jpg', '1460021100', '1460021100');
INSERT INTO `media` VALUES ('4466985247154', '1', '2', '4451358097502', 'd6ee14b5', 'wo', 'niaho', 'image/jpg', '1460021773', '1460021773');
INSERT INTO `media` VALUES ('4466985468339', '1', '2', '4451358097502', 'd6ee14b5', 'wo', 'niaho', 'image/jpg', '1460021800', '1460021800');
INSERT INTO `media` VALUES ('4466985689524', '1', '2', '4451358097502', 'd6ee14b5', 'wo', 'niaho', 'image/jpg', '1460021827', '1460021827');
INSERT INTO `media` VALUES ('4466986099125', '1', '2', '4451358097502', 'd6ee14b5', 'wo', 'niaho', 'image/jpg', '1460021877', '1460021877');
INSERT INTO `media` VALUES ('4466988114358', '1', '2', '4451358097502', 'd6ee14b5', 'wo', 'niaho', 'image/jpg', '1460022123', '1460022123');
INSERT INTO `media` VALUES ('4466989638071', '1', '2', '4451358097502', 'd6ee14b5', 'wo', 'niaho', 'image/jpg', '1460022309', '1460022309');
INSERT INTO `media` VALUES ('4466989687224', '1', '2', '4451358097502', 'd6ee14b5', 'wo', 'niaho', 'image/jpg', '1460022315', '1460022315');
INSERT INTO `media` VALUES ('4466990096825', '1', '2', '4451358097502', 'd6ee14b5', 'wo', 'niaho', 'image/jpg', '1460022365', '1460022365');
INSERT INTO `media` VALUES ('4467001631162', '1', '2', '4451358097502', 'd6ee14b5', 'wo', 'niaho', 'image/jpg', '1460023773', '1460023773');
INSERT INTO `media` VALUES ('4467004457403', '1', '2', '4451358097502', 'd6ee14b5', 'wo', 'niaho', 'image/jpg', '1460024118', '1460024118');
INSERT INTO `media` VALUES ('4467005153724', '1', '2', '4451358097502', 'd6ee14b5', 'wo', 'niaho', 'image/jpg', '1460024203', '1460024203');
INSERT INTO `media` VALUES ('4467013566909', '1', '2', '4451358097502', 'd6ee14b5', 'wo', 'niaho', 'image/jpg', '1460025230', '1460025230');
INSERT INTO `media` VALUES ('4467014599102', '1', '2', '4451358097502', 'd6ee14b5', 'wo', 'niaho', 'image/jpg', '1460025356', '1460025356');
INSERT INTO `media` VALUES ('4467476906431', '1', '1', '4467476906450', '458e9a50', 'James', 'xxxx', 'image/jpg', '1460081790', '1460081790');
INSERT INTO `media` VALUES ('4467477356992', '1', '1', '4467477357011', '82879673', 'James', 'xxxx', 'image/jpg', '1460081845', '1460081845');
INSERT INTO `media` VALUES ('4467477602753', '1', '1', '4467477602772', '1eaa5dad', 'James', 'xxxx', 'image/jpg', '1460081875', '1460081875');
INSERT INTO `media` VALUES ('4467515482562', '1', '2', '4467515482581', '11a7d964', 'ceshiLatitude2', 'beforeWorkingPhoto', 'image/jpg', '1460086499', '1460086499');
INSERT INTO `media` VALUES ('4467519955395', '1', '2', '4467519955414', '272100a8', 'text', 'afterWorkingPhoto', 'image/jpg', '1460087045', '1460087045');
INSERT INTO `media` VALUES ('4467521266116', '1', '2', '4467521266135', 'fafc6244', 'text', 'afterWorkingPhoto', 'image/jpg', '1460087205', '1460087205');
INSERT INTO `media` VALUES ('4467697615301', '1', '2', '4451358097502', 'd6ee14b5', 'wo', 'niaho', 'image/jpg', '1460108732', '1460108732');
INSERT INTO `media` VALUES ('4467697664454', '1', '2', '4451358097502', 'd6ee14b5', 'wo', 'niaho', 'image/jpg', '1460108738', '1460108738');
INSERT INTO `media` VALUES ('4467704963527', '1', '2', '4467704963546', '06aa5d54', 'ceshiLatitude2', 'beforeWorkingPhoto', 'image/jpg', '1460109629', '1460109629');
INSERT INTO `media` VALUES ('4467705430472', '1', '2', '4467705430491', '4ff74802', 'ceshiLatitude2', 'beforeWorkingPhoto', 'image/jpg', '1460109686', '1460109686');
INSERT INTO `media` VALUES ('4467706675657', '1', '2', '4467706675676', '7cceaf6a', 'text', 'afterWorkingPhoto', 'image/jpg', '1460109838', '1460109838');
INSERT INTO `media` VALUES ('4467710616010', '1', '2', '4467710616029', 'cf0d6815', 'ceshiLatitude2', 'beforeWorkingPhoto', 'image/jpg', '1460110319', '1460110319');
INSERT INTO `media` VALUES ('4467711762891', '1', '2', '4467711762910', '1614b934', 'ceshiLatitude2', 'beforeWorkingPhoto', 'image/jpg', '1460110459', '1460110459');
INSERT INTO `media` VALUES ('4469624758732', '1', '2', '4469624758751', '5ec16ed7', 'ceshiLatitude2', 'beforeWorkingPhoto', 'image/jpg', '1460343979', '1460343979');
INSERT INTO `media` VALUES ('4469625004493', '1', '2', '4469624758751', '5ec16ed7', 'ceshiLatitude2', 'beforeWorkingPhoto', 'image/jpg', '1460344009', '1460344009');
INSERT INTO `media` VALUES ('4469625315790', '1', '2', '4469625315809', 'da803f76', 'text', 'afterWorkingPhoto', 'image/jpg', '1460344047', '1460344047');
INSERT INTO `media` VALUES ('4469641208271', '1', '2', '4454718963866', 'fce906ef', 'ceshiLatitude2', 'beforeWorkingPhoto', 'image/jpg', '1460345987', '1460345987');
INSERT INTO `media` VALUES ('4469648064976', '1', '2', '4455614136514', '2af23b62', 'text', 'afterWorkingPhoto', 'image/jpg', '1460346824', '1460346824');
INSERT INTO `media` VALUES ('4469689246161', '1', '2', '4455615684803', 'd55c71c3', 'text', 'afterWorkingPhoto', 'image/jpg', '1460351851', '1460351851');
INSERT INTO `media` VALUES ('4469756682706', '1', '2', '4469756682725', '0a96aa8c', 'ceshiLatitude2', 'beforeWorkingPhoto', 'image/jpg', '1460360083', '1460360083');
INSERT INTO `media` VALUES ('4469757919699', '1', '2', '4469757919718', 'f32f530f', 'text', 'afterWorkingPhoto', 'image/jpg', '1460360234', '1460360234');
INSERT INTO `media` VALUES ('4469769855444', '1', '2', '4455615684803', 'd55c71c3', 'ceshiLatitude2', 'beforeWorkingPhoto', 'image/jpg', '1460361691', '1460361691');
INSERT INTO `media` VALUES ('4469770764757', '1', '2', '4469770764776', '3b615929', 'ceshiLatitude2', 'beforeWorkingPhoto', 'image/jpg', '1460361802', '1460361802');
INSERT INTO `media` VALUES ('4469772870102', '1', '2', '4455615684803', 'd55c71c3', 'ceshiLatitude2', 'beforeWorkingPhoto', 'image/jpg', '1460362059', '1460362059');
INSERT INTO `media` VALUES ('4469774139863', '1', '2', '4454718963866', 'fce906ef', 'ceshiLatitude2', 'beforeWorkingPhoto', 'image/jpg', '1460362214', '1460362214');
INSERT INTO `media` VALUES ('4469785657816', '1', '2', '4469785657835', '8d5eb5f0', 'text', 'afterWorkingPhoto', 'image/jpg', '1460363620', '1460363620');
INSERT INTO `media` VALUES ('4469793096153', '1', '2', '4469793096172', 'b3a658d4', 'ceshiLatitude2', 'beforeWorkingPhoto', 'image/jpg', '1460364528', '1460364528');
INSERT INTO `media` VALUES ('4469793808858', '1', '2', '4469793808877', '5b4972d1', 'ceshiLatitude2', 'beforeWorkingPhoto', 'image/jpg', '1460364615', '1460364615');
INSERT INTO `media` VALUES ('4469795193307', '1', '2', '4469795193326', 'b5b86b55', 'text', 'afterWorkingPhoto', 'image/jpg', '1460364784', '1460364784');
INSERT INTO `media` VALUES ('4469797315036', '1', '2', '4469797315055', 'a29ae675', 'ceshiLatitude2', 'beforeWorkingPhoto', 'image/jpg', '1460365043', '1460365043');
INSERT INTO `media` VALUES ('4469798707677', '1', '2', '4469798707696', '68458fe3', 'text', 'afterWorkingPhoto', 'image/jpg', '1460365213', '1460365213');
INSERT INTO `media` VALUES ('4469798838750', '1', '2', '4454718963866', 'fce906ef', 'ceshiLatitude2', 'beforeWorkingPhoto', 'image/jpg', '1460365229', '1460365229');
INSERT INTO `media` VALUES ('4469799723487', '1', '2', '4455615684803', 'd55c71c3', 'ceshiLatitude2', 'beforeWorkingPhoto', 'image/jpg', '1460365337', '1460365337');
INSERT INTO `media` VALUES ('4469801525728', '1', '2', '4469801525747', 'ff216636', 'text', 'afterWorkingPhoto', 'image/jpg', '1460365557', '1460365557');
INSERT INTO `media` VALUES ('4469802877409', '1', '2', '4469802877428', '2e46deac', 'text', 'afterWorkingPhoto', 'image/jpg', '1460365722', '1460365722');
INSERT INTO `media` VALUES ('4469803262434', '1', '2', '4454718963866', 'fce906ef', 'ceshiLatitude2', 'beforeWorkingPhoto', 'image/jpg', '1460365769', '1460365769');
INSERT INTO `media` VALUES ('4469805982179', '1', '2', '4455614136514', '2af23b62', 'ceshiLatitude2', 'beforeWorkingPhoto', 'image/jpg', '1460366101', '1460366101');
INSERT INTO `media` VALUES ('4469806399972', '1', '2', '4455614136514', '2af23b62', 'ceshiLatitude2', 'beforeWorkingPhoto', 'image/jpg', '1460366152', '1460366152');
INSERT INTO `media` VALUES ('4469807006181', '1', '2', '4455614136514', '2af23b62', 'ceshiLatitude2', 'beforeWorkingPhoto', 'image/jpg', '1460366226', '1460366226');
INSERT INTO `media` VALUES ('4469809734118', '1', '2', '4469809734137', '98e5d0be', 'ceshiLatitude2', 'beforeWorkingPhoto', 'image/jpg', '1460366559', '1460366559');
INSERT INTO `media` VALUES ('4469810217447', '1', '2', '4469810217466', 'd4ba109b', 'text', 'afterWorkingPhoto', 'image/jpg', '1460366618', '1460366618');
INSERT INTO `media` VALUES ('4469811503592', '1', '2', '4469811503611', '067195d6', 'ceshiLatitude2', 'beforeWorkingPhoto', 'image/jpg', '1460366775', '1460366775');
INSERT INTO `media` VALUES ('4469812724201', '1', '2', '4469812724220', '0c2d0b5c', 'text', 'afterWorkingPhoto', 'image/jpg', '1460366924', '1460366924');
INSERT INTO `media` VALUES ('4469813395946', '1', '2', '4452056014966', 'e25d3834', 'text', 'afterWorkingPhoto', 'image/jpg', '1460367006', '1460367006');
INSERT INTO `media` VALUES ('4469813961195', '1', '2', '4452056014966', 'e25d3834', 'text', 'afterWorkingPhoto', 'image/jpg', '1460367075', '1460367075');
INSERT INTO `media` VALUES ('4469815083500', '1', '2', '4469811503611', '067195d6', 'text', 'afterWorkingPhoto', 'image/jpg', '1460367212', '1460367212');
INSERT INTO `media` VALUES ('4469822841325', '1', '2', '4454718963866', 'fce906ef', 'ceshiLatitude2', 'beforeWorkingPhoto', 'image/jpg', '1460368159', '1460368159');
INSERT INTO `media` VALUES ('4469827076590', '1', '2', '4454718963866', 'fce906ef', 'ceshiLatitude2', 'beforeWorkingPhoto', 'image/jpg', '1460368676', '1460368676');
INSERT INTO `media` VALUES ('4469833064943', '1', '2', '4455614136514', '2af23b62', 'ceshiLatitude2', 'beforeWorkingPhoto', 'image/jpg', '1460369407', '1460369407');
INSERT INTO `media` VALUES ('4469833794032', '1', '2', '4454718963866', 'fce906ef', 'text', 'afterWorkingPhoto', 'image/jpg', '1460369496', '1460369496');
INSERT INTO `media` VALUES ('4470283436530', '1', '2', '1604110058747', '99b3f2bd', 'text', 'afterWorkingPhoto', 'image/jpg', '1460424386', '1460424386');
INSERT INTO `media` VALUES ('4470286991859', '1', '3', '4461319520641', 'c50549ee', 'James', 'xxxx', 'image/jpg', '1460424818', '1460424818');
INSERT INTO `media` VALUES ('4470314492407', '1', '1', '4451358097502', 'd6ee14b5', 'ddd', 'ddd', 'image/jpg', '1460428175', '1460428175');
INSERT INTO `media` VALUES ('4470315344376', '1', '1', '4451358097502', 'd6ee14b5', 'ddd', 'ddd', 'image/jpg', '1460428279', '1460428279');
INSERT INTO `media` VALUES ('4470316130809', '1', '1', '4451358097502', 'd6ee14b5', 'ddd', 'ddd', 'image/jpg', '1460428375', '1460428375');
INSERT INTO `media` VALUES ('4470317466107', '1', '3', '4451358097502', 'd6ee14b5', 'ddd', 'ddd', 'image/jpg', '1460428538', '1460428538');
INSERT INTO `media` VALUES ('4470318678524', '1', '2', '1604121603461', '1efc7fb6', 'ceshiLatitude2', 'beforeWorkingPhoto', 'image/jpg', '1460428688', '1460428688');
INSERT INTO `media` VALUES ('4470318760445', '1', '1', '4451358097502', 'd6ee14b5', 'wo', 'niaho', 'image/jpg', '1460428696', '1460428696');
INSERT INTO `media` VALUES ('4470319120895', '1', '3', '4451358097502', 'd6ee14b5', 'wo', 'niaho', 'image/jpg', '1460428740', '1460428740');
INSERT INTO `media` VALUES ('4470320153088', '1', '2', '4451358097502', 'd6ee14b5', 'wo', 'niaho', 'image/jpg', '1460428866', '1460428866');
INSERT INTO `media` VALUES ('4470324724225', '1', '1', '4457708658994', '23ff7521', 'James', 'xxxx', 'image/jpg', '1460429424', '1460429424');
INSERT INTO `media` VALUES ('4470333440515', '1', '3', '4470333440524', '0ab0a5ea', 'MessageImage', 'test', 'image/jpg', '1460430490', '1460430490');
INSERT INTO `media` VALUES ('4470333678085', '1', '3', '4469811503611', '067195d6', 'MessageImage', 'test', 'image/jpg', '1460430517', '1460430517');
INSERT INTO `media` VALUES ('4470334038534', '1', '3', '4454718963866', 'fce906ef', 'MessageImage', 'test', 'image/jpg', '1460430561', '1460430561');
INSERT INTO `media` VALUES ('4470334112263', '1', '3', '4455615684803', 'd55c71c3', 'MessageImage', 'test', 'image/jpg', '1460430570', '1460430570');
INSERT INTO `media` VALUES ('4470339723784', '1', '3', '4461319520641', 'c50549ee', 'James', 'xxxx', 'image/jpg', '1460431255', '1460431255');
INSERT INTO `media` VALUES ('4470345466377', '1', '2', '1604123294222', '8ca7690e', 'ceshiLatitude2', 'beforeWorkingPhoto', 'image/jpg', '1460431958', '1460431958');
INSERT INTO `media` VALUES ('4470347522570', '1', '2', '4469811503611', '067195d6', 'text', 'afterWorkingPhoto', 'image/jpg', '1460432207', '1460432207');
INSERT INTO `media` VALUES ('4470349627916', '1', '2', '4469811503611', '067195d6', 'text', 'afterWorkingPhoto', 'image/jpg', '1460432464', '1460432464');
INSERT INTO `media` VALUES ('4470352495120', '1', '2', '4467711762910', '1614b934', 'text', 'afterWorkingPhoto', 'image/jpg', '1460432814', '1460432814');
INSERT INTO `media` VALUES ('4470356402705', '2', '1', '4455591887030', '26c1b5ad', 'zhaopian1', 'xueid', 'image/jpg', '1460433291', '1460433291');
INSERT INTO `media` VALUES ('4470362014226', '1', '2', '4452056014966', 'e25d3834', 'ceshiLatitude2', 'beforeWorkingPhoto', 'image/jpg', '1460433976', '1460433976');
INSERT INTO `media` VALUES ('4470362063379', '1', '2', '1604110390283', 'cba8abf6', 'ceshiLatitude2', 'beforeWorkingPhoto', 'image/jpg', '1460433984', '1460433984');
INSERT INTO `media` VALUES ('4470364054037', '1', '2', '4454718963866', 'fce906ef', 'ceshiLatitude2', 'beforeWorkingPhoto', 'image/jpg', '1460434225', '1460434225');
INSERT INTO `media` VALUES ('4470364135958', '1', '2', '4455615684803', 'd55c71c3', 'ceshiLatitude2', 'beforeWorkingPhoto', 'image/jpg', '1460434235', '1460434235');
INSERT INTO `media` VALUES ('4470364373527', '1', '2', '4455614136514', '2af23b62', 'ceshiLatitude2', 'beforeWorkingPhoto', 'image/jpg', '1460434264', '1460434264');
INSERT INTO `media` VALUES ('4471004357146', '2', '1', '4471004357143', 'f2f3981a', 'zhaopian1', 'xueid', 'image/jpg', '1460512388', '1460512388');
INSERT INTO `media` VALUES ('4471004766747', '2', '1', '4471004766744', '8e0208b1', 'zhaopian1', 'xueid', 'image/jpg', '1460512438', '1460512438');
INSERT INTO `media` VALUES ('4471008109084', '1', '3', '4451358097502', 'd6ee14b5', 'wd大调o', 'niaho', 'image/jpg', '1460512845', '1460512845');
INSERT INTO `media` VALUES ('4471008862749', '1', '2', '4469811503611', '067195d6', 'ceshiLatitude2', 'beforeWorkingPhoto', 'image/jpg', '1460512937', '1460512937');
INSERT INTO `media` VALUES ('4471008911902', '1', '2', '1604133046699', '97cd0965', 'ceshiLatitude2', 'beforeWorkingPhoto', 'image/jpg', '1460512945', '1460512945');
INSERT INTO `media` VALUES ('4471010140704', '1', '3', '4471010140699', 'af607aaa', 'wd大调o', 'niaho', 'image/jpg', '1460513094', '1460513094');
INSERT INTO `media` VALUES ('4471011467809', '1', '1', '4457700827437', '9ea70c03', 'James', 'xxxx', 'image/jpg', '1460513255', '1460513255');
INSERT INTO `media` VALUES ('4471012762146', '1', '3', '4471010140699', 'af607aaa', 'wo', 'niaho', 'image/jpg', '1460513413', '1460513413');
INSERT INTO `media` VALUES ('4471019102760', '2', '1', '4471004766744', '8e0208b1', 'zhaopian1', 'xueid', 'image/jpg', '1460514187', '1460514187');
INSERT INTO `media` VALUES ('4471019643433', '1', '1', '4457702785327', 'ca5ba237', 'James', 'xxxx', 'image/jpg', '1460514253', '1460514253');
INSERT INTO `media` VALUES ('4471023854122', '1', '2', '4452056014966', 'e25d3834', 'text', 'afterWorkingPhoto', 'image/jpg', '1460514767', '1460514767');
INSERT INTO `media` VALUES ('4471024828971', '1', '2', '1604133046699', '97cd0965', 'text', 'afterWorkingPhoto', 'image/jpg', '1460514886', '1460514886');
INSERT INTO `media` VALUES ('4471025254956', '1', '2', '4452058415224', '3da2cad7', 'text', 'afterWorkingPhoto', 'image/jpg', '1460514938', '1460514938');
INSERT INTO `media` VALUES ('4471033946670', '1', '3', '4455615684803', 'd55c71c3', 'MessageImage', 'test', 'image/jpg', '1460515999', '1460515999');
INSERT INTO `media` VALUES ('4471044784687', '1', '2', '4454718963866', 'fce906ef', 'ceshiLatitude2', 'beforeWorkingPhoto', 'image/jpg', '1460517322', '1460517322');
INSERT INTO `media` VALUES ('4471045022256', '1', '2', '4454718963866', 'fce906ef', 'ceshiLatitude2', 'beforeWorkingPhoto', 'image/jpg', '1460517351', '1460517351');
INSERT INTO `media` VALUES ('4471045186097', '1', '2', '4454718963866', 'fce906ef', 'ceshiLatitude2', 'beforeWorkingPhoto', 'image/jpg', '1460517371', '1460517371');
INSERT INTO `media` VALUES ('4471046840882', '1', '1', '1604133046699', '97cd0965', 'text', 'headImage', 'image/jpg', '1460517573', '1460517573');
INSERT INTO `media` VALUES ('4471047594547', '1', '2', '4455615684803', 'd55c71c3', 'ceshiLatitude2', 'beforeWorkingPhoto', 'image/jpg', '1460517665', '1460517665');
INSERT INTO `media` VALUES ('4471047717428', '1', '2', '4455615684803', 'd55c71c3', 'ceshiLatitude2', 'beforeWorkingPhoto', 'image/jpg', '1460517680', '1460517680');
INSERT INTO `media` VALUES ('4471048512054', '1', '2', '4454718963866', 'fce906ef', 'ceshiLatitude2', 'beforeWorkingPhoto', 'image/jpg', '1460517777', '1460517777');
INSERT INTO `media` VALUES ('4471048520247', '1', '2', '4454718963866', 'fce906ef', 'ceshiLatitude2', 'beforeWorkingPhoto', 'image/jpg', '1460517778', '1460517778');
INSERT INTO `media` VALUES ('4471048528440', '1', '2', '4454718963866', 'fce906ef', 'ceshiLatitude2', 'beforeWorkingPhoto', 'image/jpg', '1460517779', '1460517779');
INSERT INTO `media` VALUES ('4471050224189', '1', '2', '4455614136514', '2af23b62', 'ceshiLatitude2', 'beforeWorkingPhoto', 'image/jpg', '1460517986', '1460517986');
INSERT INTO `media` VALUES ('4471050306110', '1', '1', '4457701540142', 'c1167a7c', 'James', 'xxxx', 'image/jpg', '1460517996', '1460517996');
INSERT INTO `media` VALUES ('4471050887743', '1', '2', '4455614136514', '2af23b62', 'ceshiLatitude2', 'beforeWorkingPhoto', 'image/jpg', '1460518067', '1460518067');
INSERT INTO `media` VALUES ('4471056040512', '1', '2', '4455615684803', 'd55c71c3', 'ceshiLatitude2', 'beforeWorkingPhoto', 'image/jpg', '1460518696', '1460518696');
INSERT INTO `media` VALUES ('4471056048705', '1', '2', '4455615684803', 'd55c71c3', 'ceshiLatitude2', 'beforeWorkingPhoto', 'image/jpg', '1460518697', '1460518697');
INSERT INTO `media` VALUES ('4471056048706', '1', '2', '4455615684803', 'd55c71c3', 'ceshiLatitude2', 'beforeWorkingPhoto', 'image/jpg', '1460518697', '1460518697');
INSERT INTO `media` VALUES ('4471062839876', '1', '2', '4455615684803', 'd55c71c3', 'text', 'beforeWorkingPhoto', 'image/jpg', '1460519526', '1460519526');
INSERT INTO `media` VALUES ('4471062979141', '1', '2', '4455615684803', 'd55c71c3', 'text', 'beforeWorkingPhoto', 'image/jpg', '1460519543', '1460519543');
INSERT INTO `media` VALUES ('4471063126598', '1', '2', '4454718963866', 'fce906ef', 'text', 'beforeWorkingPhoto', 'image/jpg', '1460519561', '1460519561');
INSERT INTO `media` VALUES ('4471063306823', '1', '2', '4455614136514', '2af23b62', 'text', 'beforeWorkingPhoto', 'image/jpg', '1460519583', '1460519583');
INSERT INTO `media` VALUES ('4471063953992', '1', '2', '4455614136514', '2af23b62', 'text', 'beforeWorkingPhoto', 'image/jpg', '1460519662', '1460519662');
INSERT INTO `media` VALUES ('4471064183369', '1', '2', '4455614136514', '2af23b62', 'text', 'beforeWorkingPhoto', 'image/jpg', '1460519690', '1460519690');
INSERT INTO `media` VALUES ('4471064920650', '1', '2', '4455614136514', '2af23b62', 'text', 'beforeWorkingPhoto', 'image/jpg', '1460519780', '1460519780');
INSERT INTO `media` VALUES ('4471065952843', '1', '2', '1604130075359', 'd188db0e', 'ceshiLatitude2', 'beforeWorkingPhoto', 'image/jpg', '1460519908', '1460519908');
INSERT INTO `media` VALUES ('4471066149452', '1', '2', '4454718963866', 'fce906ef', 'text', 'beforeWorkingPhoto', 'image/jpg', '1460519930', '1460519930');
INSERT INTO `media` VALUES ('4471066460749', '1', '2', '4454718963866', 'fce906ef', 'text', 'beforeWorkingPhoto', 'image/jpg', '1460519968', '1460519968');
INSERT INTO `media` VALUES ('4471066468942', '1', '2', '4454718963866', 'fce906ef', 'text', 'beforeWorkingPhoto', 'image/jpg', '1460519969', '1460519969');
INSERT INTO `media` VALUES ('4471066468943', '1', '2', '4469811503611', '067195d6', 'text', 'afterWorkingPhoto', 'image/jpg', '1460519969', '1460519969');
INSERT INTO `media` VALUES ('4471071310416', '1', '2', '1604121001314', '4e6dea64', 'ceshiLatitude2', 'beforeWorkingPhoto', 'image/jpg', '1460520562', '1460520562');
INSERT INTO `media` VALUES ('4471071638097', '1', '2', '4469811503611', '067195d6', 'text', 'afterWorkingPhoto', 'image/jpg', '1460520600', '1460520600');
INSERT INTO `media` VALUES ('4471151616594', '2', '1', '4455591887030', '26c1b5ad', 'zhaopian1', 'xueid', 'image/jpg', '1460530363', '1460530363');
INSERT INTO `media` VALUES ('4471156507219', '1', '1', '4471156507178', '7cd5f196', 'wo', 'niaho', 'image/jpg', '1460530962', '1460530962');
INSERT INTO `media` VALUES ('4471159374420', '1', '1', '4471156507178', '7cd5f196', 'wo', 'niaho', 'image/jpg', '1460531310', '1460531310');
INSERT INTO `media` VALUES ('4471161455189', '1', '1', '4471161455147', '3ed4fd6f', 'wo', 'niaho', 'image/jpg', '1460531565', '1460531565');
INSERT INTO `media` VALUES ('4471162339926', '1', '3', '4471161455147', '3ed4fd6f', 'wo', 'niaho', 'image/jpg', '1460531672', '1460531672');
INSERT INTO `media` VALUES ('4471163888215', '1', '2', '4471161455147', '3ed4fd6f', 'wo', 'niaho', 'image/jpg', '1460531861', '1460531861');
INSERT INTO `media` VALUES ('4471164158552', '1', '2', '4471161455147', '3ed4fd6f', 'wo', 'niaho', 'image/jpg', '1460531894', '1460531894');
INSERT INTO `media` VALUES ('4471166861914', '1', '1', '4451358097502', 'd6ee14b5', 'dd', '', 'image/jpg', '1460532224', '1460532224');
INSERT INTO `media` VALUES ('4471167787612', '1', '3', '4451358097502', 'd6ee14b5', 'dd', '', 'image/jpg', '1460532337', '1460532337');
INSERT INTO `media` VALUES ('4471168418397', '1', '3', '4471168418348', '61926112', 'dd', '', 'image/jpg', '1460532415', '1460532415');
INSERT INTO `media` VALUES ('4471173890654', '1', '2', '4471161455147', '3ed4fd6f', 'wo', 'niaho', 'image/jpg', '1460533082', '1460533082');
INSERT INTO `media` VALUES ('4471174488671', '1', '2', '4471161455147', '3ed4fd6f', 'wo', 'niaho', 'image/jpg', '1460533156', '1460533156');
INSERT INTO `media` VALUES ('4471185990241', '1', '3', '4471161455147', '3ed4fd6f', 'wd大调o', 'niaho', 'image/jpg', '1460534559', '1460534559');
INSERT INTO `media` VALUES ('4471186244194', '1', '1', '4471161455147', '3ed4fd6f', 'wd大调o', 'niaho', 'image/jpg', '1460534590', '1460534590');
INSERT INTO `media` VALUES ('4471187989091', '1', '2', '4471161455147', '3ed4fd6f', 'wo', 'niaho', 'image/jpg', '1460534803', '1460534803');
INSERT INTO `media` VALUES ('4471190241892', '1', '3', '4471161455147', '3ed4fd6f', 'wo', 'niaho', 'image/jpg', '1460535078', '1460535078');
INSERT INTO `media` VALUES ('4471190487653', '1', '1', '4471161455147', '3ed4fd6f', 'wo', 'niaho', 'image/jpg', '1460535108', '1460535108');
INSERT INTO `media` VALUES ('4471212311142', '1', '1', '4471212311085', '1e40d4f3', 'James', 'xxxx', 'image/jpg', '1460537773', '1460537773');
INSERT INTO `media` VALUES ('4471213597287', '1', '3', '4471161455147', '3ed4fd6f', 'wd大调o', 'niaho', 'image/jpg', '1460537929', '1460537929');
INSERT INTO `media` VALUES ('4471217029736', '1', '3', '4471161455147', '3ed4fd6f', 'wd大dddd啊哈哈哈哈哈调o', 'niaho', 'image/jpg', '1460538348', '1460538348');
INSERT INTO `media` VALUES ('4471231439465', '2', '1', '4455591887030', '26c1b5ad', 'zhaopian1', 'xueid', 'image/jpg', '1460540107', '1460540107');
INSERT INTO `media` VALUES ('4471701889642', '1', '3', '4471701889582', '61192090', 'James', 'xxxx', 'image/jpg', '1460597536', '1460597536');
INSERT INTO `media` VALUES ('4471703446124', '1', '2', '1604133046699', '97cd0965', 'text', 'beforeWorkingPhoto', 'image/jpg', '1460597725', '1460597725');
INSERT INTO `media` VALUES ('4471703741037', '1', '3', '4471703740976', '22cfe779', 'dd', 'ds', 'image/jpg', '1460597762', '1460597762');
INSERT INTO `media` VALUES ('4471703929454', '1', '2', '4471703929393', '9c7f967e', 'text', 'beforeWorkingPhoto', 'image/jpg', '1460597786', '1460597786');
INSERT INTO `media` VALUES ('4471703937647', '1', '2', '1604130075359', 'd188db0e', 'text', 'beforeWorkingPhoto', 'image/jpg', '1460597785', '1460597785');
INSERT INTO `media` VALUES ('4471704773232', '1', '2', '4452056014966', 'e25d3834', 'text', 'beforeWorkingPhoto', 'image/jpg', '1460597887', '1460597887');
INSERT INTO `media` VALUES ('4471705117297', '1', '2', '4471705117234', '733f5244', 'text', 'beforeWorkingPhoto', 'image/jpg', '1460597932', '1460597932');
INSERT INTO `media` VALUES ('4471705526898', '1', '2', '4471705526835', 'ec04a2b6', 'text', 'beforeWorkingPhoto', 'image/jpg', '1460597981', '1460597981');
INSERT INTO `media` VALUES ('4471705715315', '1', '2', '1604130075359', 'd188db0e', 'text', 'beforeWorkingPhoto', 'image/jpg', '1460598002', '1460598002');
INSERT INTO `media` VALUES ('4471705862772', '1', '2', '4471705862708', '2bd95293', 'text', 'beforeWorkingPhoto', 'image/jpg', '1460598023', '1460598023');
INSERT INTO `media` VALUES ('4471705952885', '1', '2', '4469811503611', '067195d6', 'text', 'beforeWorkingPhoto', 'image/jpg', '1460598031', '1460598031');
INSERT INTO `media` VALUES ('4471706395254', '1', '2', '4452056014966', 'e25d3834', 'text', 'beforeWorkingPhoto', 'image/jpg', '1460598085', '1460598085');
INSERT INTO `media` VALUES ('4471706436215', '1', '2', '4452056014966', 'e25d3834', 'text', 'beforeWorkingPhoto', 'image/jpg', '1460598090', '1460598090');
INSERT INTO `media` VALUES ('4471706468984', '1', '2', '4452056014966', 'e25d3834', 'text', 'beforeWorkingPhoto', 'image/jpg', '1460598094', '1460598094');
INSERT INTO `media` VALUES ('4471707353721', '1', '2', '4452058415224', '3da2cad7', 'text', 'beforeWorkingPhoto', 'image/jpg', '1460598202', '1460598202');
INSERT INTO `media` VALUES ('4471707492986', '1', '2', '4452058415224', '3da2cad7', 'text', 'beforeWorkingPhoto', 'image/jpg', '1460598219', '1460598219');
INSERT INTO `media` VALUES ('4471707681403', '1', '2', '4452058415224', '3da2cad7', 'text', 'beforeWorkingPhoto', 'image/jpg', '1460598242', '1460598242');
INSERT INTO `media` VALUES ('4471708091004', '1', '1', '4471708090933', '8d80a644', 'James', 'xxxx', 'image/jpg', '1460598293', '1460598293');
INSERT INTO `media` VALUES ('4471712342653', '1', '2', '4469757919718', 'f32f530f', 'text', 'beforeWorkingPhoto', 'image/jpg', '1460598811', '1460598811');
INSERT INTO `media` VALUES ('4471712408190', '1', '2', '4471705862708', '2bd95293', 'text', 'beforeWorkingPhoto', 'image/jpg', '1460598819', '1460598819');
INSERT INTO `media` VALUES ('4471712531071', '1', '2', '4471712530998', '6b7e3517', 'text', 'beforeWorkingPhoto', 'image/jpg', '1460598836', '1460598836');
INSERT INTO `media` VALUES ('4471713702528', '1', '2', '4471705862708', '2bd95293', 'text', 'beforeWorkingPhoto', 'image/jpg', '1460598977', '1460598977');
INSERT INTO `media` VALUES ('4471713710721', '1', '2', '1604110390283', 'cba8abf6', 'text', 'beforeWorkingPhoto', 'image/jpg', '1460598978', '1460598978');
INSERT INTO `media` VALUES ('4471713768066', '1', '2', '4452056014966', 'e25d3834', 'text', 'beforeWorkingPhoto', 'image/jpg', '1460598985', '1460598985');
INSERT INTO `media` VALUES ('4471715136131', '1', '2', '4452058415224', '3da2cad7', 'text', 'beforeWorkingPhoto', 'image/jpg', '1460599152', '1460599152');
INSERT INTO `media` VALUES ('4471715185284', '1', '2', '4452056014966', 'e25d3834', 'text', 'beforeWorkingPhoto', 'image/jpg', '1460599158', '1460599158');
INSERT INTO `media` VALUES ('4471715201669', '1', '2', '1604110390283', 'cba8abf6', 'text', 'beforeWorkingPhoto', 'image/jpg', '1460599160', '1460599160');
INSERT INTO `media` VALUES ('4471748895366', '1', '2', '4452056014966', 'e25d3834', 'text', 'beforeWorkingPhoto', 'image/jpg', '1460603273', '1460603273');
INSERT INTO `media` VALUES ('4471748960903', '1', '2', '1604110390283', 'cba8abf6', 'text', 'beforeWorkingPhoto', 'image/jpg', '1460603281', '1460603281');
INSERT INTO `media` VALUES ('4471749509768', '1', '2', '4452058415224', '3da2cad7', 'text', 'beforeWorkingPhoto', 'image/jpg', '1460603348', '1460603348');
INSERT INTO `media` VALUES ('4471749911177', '1', '2', '1604110390283', 'cba8abf6', 'text', 'beforeWorkingPhoto', 'image/jpg', '1460603397', '1460603397');
INSERT INTO `media` VALUES ('4471749952138', '1', '2', '4452056014966', 'e25d3834', 'text', 'beforeWorkingPhoto', 'image/jpg', '1460603402', '1460603402');
INSERT INTO `media` VALUES ('4471752073867', '1', '2', '4452058415224', '3da2cad7', 'text', 'beforeWorkingPhoto', 'image/jpg', '1460603661', '1460603661');
INSERT INTO `media` VALUES ('4471752131212', '1', '2', '4452058415224', '3da2cad7', 'text', 'beforeWorkingPhoto', 'image/jpg', '1460603668', '1460603668');
INSERT INTO `media` VALUES ('4471752229517', '1', '2', '4452058415224', '3da2cad7', 'text', 'beforeWorkingPhoto', 'image/jpg', '1460603680', '1460603680');
INSERT INTO `media` VALUES ('4471753622158', '1', '2', '4452056014966', 'e25d3834', 'text', 'beforeWorkingPhoto', 'image/jpg', '1460603850', '1460603850');
INSERT INTO `media` VALUES ('4471753728655', '1', '2', '4452056014966', 'e25d3834', 'text', 'beforeWorkingPhoto', 'image/jpg', '1460603863', '1460603863');
INSERT INTO `media` VALUES ('4471753769616', '1', '2', '4452056014966', 'e25d3834', 'text', 'beforeWorkingPhoto', 'image/jpg', '1460603868', '1460603868');
INSERT INTO `media` VALUES ('4471755358865', '1', '2', '4452056014966', 'e25d3834', 'text', 'beforeWorkingPhoto', 'image/jpg', '1460604062', '1460604062');
INSERT INTO `media` VALUES ('4471755408018', '1', '2', '4452056014966', 'e25d3834', 'text', 'beforeWorkingPhoto', 'image/jpg', '1460604068', '1460604068');
INSERT INTO `media` VALUES ('4471757693587', '1', '2', '1604130075359', 'd188db0e', 'text', 'beforeWorkingPhoto', 'image/jpg', '1460604347', '1460604347');
INSERT INTO `media` VALUES ('4471757718164', '1', '2', '1604130075359', 'd188db0e', 'text', 'beforeWorkingPhoto', 'image/jpg', '1460604350', '1460604350');
INSERT INTO `media` VALUES ('4471757767317', '1', '2', '1604130075359', 'd188db0e', 'text', 'beforeWorkingPhoto', 'image/jpg', '1460604356', '1460604356');
INSERT INTO `media` VALUES ('4471759520406', '1', '2', '4452056014966', 'e25d3834', 'text', 'beforeWorkingPhoto', 'image/jpg', '1460604570', '1460604570');
INSERT INTO `media` VALUES ('4471759553175', '1', '2', '1604110390283', 'cba8abf6', 'text', 'beforeWorkingPhoto', 'image/jpg', '1460604574', '1460604574');
INSERT INTO `media` VALUES ('4471759659672', '1', '2', '4452056014966', 'e25d3834', 'text', 'beforeWorkingPhoto', 'image/jpg', '1460604587', '1460604587');
INSERT INTO `media` VALUES ('4471762903705', '1', '2', '4471705862708', '2bd95293', 'text', 'beforeWorkingPhoto', 'image/jpg', '1460604983', '1460604983');
INSERT INTO `media` VALUES ('4471763026586', '1', '2', '4471705862708', '2bd95293', 'text', 'beforeWorkingPhoto', 'image/jpg', '1460604998', '1460604998');
INSERT INTO `media` VALUES ('4471763329691', '1', '2', '4471705862708', '2bd95293', 'text', 'beforeWorkingPhoto', 'image/jpg', '1460605035', '1460605035');
INSERT INTO `media` VALUES ('4471763985052', '1', '2', '4469811503611', '067195d6', 'text', 'beforeWorkingPhoto', 'image/jpg', '1460605115', '1460605115');
INSERT INTO `media` VALUES ('4471764042397', '1', '2', '4469811503611', '067195d6', 'text', 'beforeWorkingPhoto', 'image/jpg', '1460605122', '1460605122');
INSERT INTO `media` VALUES ('4471764181662', '1', '2', '4469811503611', '067195d6', 'text', 'beforeWorkingPhoto', 'image/jpg', '1460605139', '1460605139');
INSERT INTO `media` VALUES ('4471776445087', '1', '2', '4454718963866', 'fce906ef', 'text', 'beforeWorkingPhoto', 'image/jpg', '1460606636', '1460606636');
INSERT INTO `media` VALUES ('4471776608928', '1', '2', '4454718963866', 'fce906ef', 'text', 'beforeWorkingPhoto', 'image/jpg', '1460606656', '1460606656');
INSERT INTO `media` VALUES ('4471776772769', '1', '2', '4454718963866', 'fce906ef', 'text', 'beforeWorkingPhoto', 'image/jpg', '1460606676', '1460606676');
INSERT INTO `media` VALUES ('4471843938978', '1', '2', '4455614136514', '2af23b62', 'text', 'beforeWorkingPhoto', 'image/jpg', '1460614875', '1460614875');
INSERT INTO `media` VALUES ('4471845446307', '1', '2', '4455614136514', '2af23b62', 'text', 'beforeWorkingPhoto', 'image/jpg', '1460615059', '1460615059');
INSERT INTO `media` VALUES ('4471846052516', '1', '2', '4455614136514', '2af23b62', 'text', 'beforeWorkingPhoto', 'image/jpg', '1460615133', '1460615133');
INSERT INTO `media` VALUES ('4471848108709', '1', '2', '4455615684803', 'd55c71c3', 'text', 'beforeWorkingPhoto', 'image/jpg', '1460615384', '1460615384');
INSERT INTO `media` VALUES ('4471848215206', '1', '2', '4455615684803', 'd55c71c3', 'text', 'beforeWorkingPhoto', 'image/jpg', '1460615397', '1460615397');
INSERT INTO `media` VALUES ('4471852769959', '1', '2', '4455615684803', 'd55c71c3', 'text', 'beforeWorkingPhoto', 'image/jpg', '1460615953', '1460615953');
INSERT INTO `media` VALUES ('4471852917416', '1', '2', '4454718963866', 'fce906ef', 'text', 'beforeWorkingPhoto', 'image/jpg', '1460615971', '1460615971');
INSERT INTO `media` VALUES ('4471853507241', '1', '2', '4455614136514', '2af23b62', 'text', 'beforeWorkingPhoto', 'image/jpg', '1460616043', '1460616043');
INSERT INTO `media` VALUES ('4471854113450', '1', '2', '4455614136514', '2af23b62', 'text', 'beforeWorkingPhoto', 'image/jpg', '1460616117', '1460616117');
INSERT INTO `media` VALUES ('4471854293675', '1', '2', '4455615684803', 'd55c71c3', 'text', 'beforeWorkingPhoto', 'image/jpg', '1460616139', '1460616139');
INSERT INTO `media` VALUES ('4471854424748', '1', '2', '4454718963866', 'fce906ef', 'text', 'beforeWorkingPhoto', 'image/jpg', '1460616155', '1460616155');
INSERT INTO `media` VALUES ('4471854539437', '1', '2', '4455614136514', '2af23b62', 'text', 'beforeWorkingPhoto', 'image/jpg', '1460616169', '1460616169');
INSERT INTO `media` VALUES ('4471871357617', '1', '1', '4471004357143', 'f2f3981a', 'ddd', 'sdfs', 'image/jpg', '1460618222', '1460618222');
INSERT INTO `media` VALUES ('4471873987253', '1', '1', '4471004357143', 'f2f3981a', 'nihao', 'il', 'image/jpg', '1460618543', '1460618543');
INSERT INTO `media` VALUES ('4471875363510', '1', '2', '4455615684803', 'd55c71c3', 'text', 'beforeWorkingPhoto', 'image/jpg', '1460618711', '1460618711');
INSERT INTO `media` VALUES ('4471875748535', '1', '2', '4454718963866', 'fce906ef', 'text', 'beforeWorkingPhoto', 'image/jpg', '1460618758', '1460618758');
INSERT INTO `media` VALUES ('4471875904184', '1', '2', '4454718963866', 'fce906ef', 'text', 'beforeWorkingPhoto', 'image/jpg', '1460618777', '1460618777');
INSERT INTO `media` VALUES ('4471880925881', '1', '2', '4455615684803', 'd55c71c3', 'text', 'beforeWorkingPhoto', 'image/jpg', '1460619390', '1460619390');
INSERT INTO `media` VALUES ('4471880934074', '1', '2', '4454718963866', 'fce906ef', 'text', 'beforeWorkingPhoto', 'image/jpg', '1460619391', '1460619391');
INSERT INTO `media` VALUES ('4471880991419', '1', '2', '4454718963866', 'fce906ef', 'text', 'beforeWorkingPhoto', 'image/jpg', '1460619398', '1460619398');
INSERT INTO `media` VALUES ('4471881319100', '1', '2', '4455614136514', '2af23b62', 'text', 'beforeWorkingPhoto', 'image/jpg', '1460619438', '1460619438');
INSERT INTO `media` VALUES ('4471883678397', '1', '2', '4471004357143', 'f2f3981a', 'nihao', 'il', 'image/jpg', '1460619726', '1460619726');
INSERT INTO `media` VALUES ('4471888855742', '1', '2', '4455615684803', 'd55c71c3', 'text', 'beforeWorkingPhoto', 'image/jpg', '1460620358', '1460620358');
INSERT INTO `media` VALUES ('4471888880319', '1', '2', '4455615684803', 'd55c71c3', 'text', 'beforeWorkingPhoto', 'image/jpg', '1460620361', '1460620361');
INSERT INTO `media` VALUES ('4471888937664', '1', '2', '4455615684803', 'd55c71c3', 'text', 'beforeWorkingPhoto', 'image/jpg', '1460620368', '1460620368');
INSERT INTO `media` VALUES ('4471888978625', '1', '2', '4455615684803', 'd55c71c3', 'text', 'beforeWorkingPhoto', 'image/jpg', '1460620373', '1460620373');
INSERT INTO `media` VALUES ('4471889126082', '1', '2', '4455615684803', 'd55c71c3', 'text', 'beforeWorkingPhoto', 'image/jpg', '1460620391', '1460620391');
INSERT INTO `media` VALUES ('4471889756867', '1', '2', '4455614136514', '2af23b62', 'text', 'beforeWorkingPhoto', 'image/jpg', '1460620468', '1460620468');
INSERT INTO `media` VALUES ('4471889871556', '1', '2', '4455614136514', '2af23b62', 'text', 'beforeWorkingPhoto', 'image/jpg', '1460620482', '1460620482');
INSERT INTO `media` VALUES ('4471889978053', '1', '2', '4455614136514', '2af23b62', 'text', 'beforeWorkingPhoto', 'image/jpg', '1460620495', '1460620495');
INSERT INTO `media` VALUES ('4471890043590', '1', '2', '4455614136514', '2af23b62', 'text', 'beforeWorkingPhoto', 'image/jpg', '1460620503', '1460620503');
INSERT INTO `media` VALUES ('4471890182855', '1', '2', '4455614136514', '2af23b62', 'text', 'beforeWorkingPhoto', 'image/jpg', '1460620520', '1460620520');
INSERT INTO `media` VALUES ('4471890281160', '1', '2', '4455614136514', '2af23b62', 'text', 'beforeWorkingPhoto', 'image/jpg', '1460620532', '1460620532');
INSERT INTO `media` VALUES ('4471897244361', '1', '2', '4471004357143', 'f2f3981a', 'nihao', 'il', 'image/jpg', '1460621382', '1460621382');
INSERT INTO `media` VALUES ('4471897555658', '1', '2', '4471004357143', 'f2f3981a', 'nihao', 'il', 'image/jpg', '1460621420', '1460621420');
INSERT INTO `media` VALUES ('4471901840075', '1', '2', '4455615684803', 'd55c71c3', 'text', 'beforeWorkingPhoto', 'image/jpg', '1460621943', '1460621943');
INSERT INTO `media` VALUES ('4471901840076', '1', '2', '4455615684803', 'd55c71c3', 'text', 'beforeWorkingPhoto', 'image/jpg', '1460621943', '1460621943');
INSERT INTO `media` VALUES ('4471901848269', '1', '2', '4455614136514', '2af23b62', 'text', 'beforeWorkingPhoto', 'image/jpg', '1460621944', '1460621944');
INSERT INTO `media` VALUES ('4471901889230', '1', '2', '4455615684803', 'd55c71c3', 'text', 'beforeWorkingPhoto', 'image/jpg', '1460621949', '1460621949');
INSERT INTO `media` VALUES ('4471901987535', '1', '2', '4455615684803', 'd55c71c3', 'text', 'beforeWorkingPhoto', 'image/jpg', '1460621961', '1460621961');
INSERT INTO `media` VALUES ('4471902044880', '1', '2', '4455615684803', 'd55c71c3', 'text', 'beforeWorkingPhoto', 'image/jpg', '1460621968', '1460621968');
INSERT INTO `media` VALUES ('4471902233297', '1', '2', '4455615684803', 'd55c71c3', 'text', 'beforeWorkingPhoto', 'image/jpg', '1460621991', '1460621991');
INSERT INTO `media` VALUES ('4471903158994', '1', '2', '4454718963866', 'fce906ef', 'text', 'beforeWorkingPhoto', 'image/jpg', '1460622104', '1460622104');
INSERT INTO `media` VALUES ('4471903224531', '1', '2', '4455614136514', '2af23b62', 'text', 'beforeWorkingPhoto', 'image/jpg', '1460622112', '1460622112');
INSERT INTO `media` VALUES ('4471903298260', '1', '2', '4454718963866', 'fce906ef', 'text', 'beforeWorkingPhoto', 'image/jpg', '1460622121', '1460622121');
INSERT INTO `media` VALUES ('4471903396565', '1', '2', '4455615684803', 'd55c71c3', 'text', 'beforeWorkingPhoto', 'image/jpg', '1460622133', '1460622133');
INSERT INTO `media` VALUES ('4471904289494', '1', '2', '4455614136514', '2af23b62', 'text', 'beforeWorkingPhoto', 'image/jpg', '1460622242', '1460622242');
INSERT INTO `media` VALUES ('4471904338647', '1', '2', '4454718963866', 'fce906ef', 'text', 'beforeWorkingPhoto', 'image/jpg', '1460622248', '1460622248');
INSERT INTO `media` VALUES ('4471904395992', '1', '2', '4454718963866', 'fce906ef', 'text', 'beforeWorkingPhoto', 'image/jpg', '1460622255', '1460622255');
INSERT INTO `media` VALUES ('4471904420569', '1', '2', '4455614136514', '2af23b62', 'text', 'beforeWorkingPhoto', 'image/jpg', '1460622258', '1460622258');
INSERT INTO `media` VALUES ('4471904469722', '1', '2', '4454718963866', 'fce906ef', 'text', 'beforeWorkingPhoto', 'image/jpg', '1460622264', '1460622264');
INSERT INTO `media` VALUES ('4471904477915', '1', '2', '4454718963866', 'fce906ef', 'text', 'beforeWorkingPhoto', 'image/jpg', '1460622265', '1460622265');
INSERT INTO `media` VALUES ('4471904486108', '1', '2', '4455615684803', 'd55c71c3', 'text', 'beforeWorkingPhoto', 'image/jpg', '1460622266', '1460622266');
INSERT INTO `media` VALUES ('4471904527069', '1', '2', '4455615684803', 'd55c71c3', 'text', 'beforeWorkingPhoto', 'image/jpg', '1460622271', '1460622271');
INSERT INTO `media` VALUES ('4471904535262', '1', '2', '4455615684803', 'd55c71c3', 'text', 'beforeWorkingPhoto', 'image/jpg', '1460622272', '1460622272');
INSERT INTO `media` VALUES ('4471904707295', '1', '2', '4455614136514', '2af23b62', 'text', 'beforeWorkingPhoto', 'image/jpg', '1460622293', '1460622293');
INSERT INTO `media` VALUES ('4471909524192', '1', '2', '4471909524024', '6adc7451', 'text', 'beforeWorkingPhoto', 'image/jpg', '1460622883', '1460622883');
INSERT INTO `media` VALUES ('4471909540577', '1', '2', '4471909540409', '4e2518a8', 'text', 'beforeWorkingPhoto', 'image/jpg', '1460622885', '1460622885');
INSERT INTO `media` VALUES ('4471909548770', '1', '2', '4471909524024', '6adc7451', 'text', 'beforeWorkingPhoto', 'image/jpg', '1460622884', '1460622884');
INSERT INTO `media` VALUES ('4471909597924', '1', '2', '4471909540409', '4e2518a8', 'text', 'beforeWorkingPhoto', 'image/jpg', '1460622890', '1460622890');
INSERT INTO `media` VALUES ('4471909868261', '1', '2', '4471004357143', 'f2f3981a', 'nihao', 'il', 'image/jpg', '1460622923', '1460622923');
INSERT INTO `media` VALUES ('4471919428326', '1', '3', '4471919428155', '80ad3816', 'James', 'xxxx', 'image/jpg', '1460624091', '1460624091');
INSERT INTO `media` VALUES ('4471920255719', '1', '2', '4471920255548', '03f00b96', 'text', 'beforeWorkingPhoto', 'image/jpg', '1460624193', '1460624193');
INSERT INTO `media` VALUES ('4471920288488', '1', '2', '4471920288317', 'daae3596', 'text', 'beforeWorkingPhoto', 'image/jpg', '1460624197', '1460624197');
INSERT INTO `media` VALUES ('4471920304873', '1', '2', '4471920304702', '5671cd20', 'text', 'beforeWorkingPhoto', 'image/jpg', '1460624199', '1460624199');
INSERT INTO `media` VALUES ('4471920386794', '1', '2', '4471920386623', 'ba786ebb', 'text', 'beforeWorkingPhoto', 'image/jpg', '1460624209', '1460624209');
INSERT INTO `media` VALUES ('4471920386795', '1', '2', '4471920386624', '78ce94e3', 'text', 'beforeWorkingPhoto', 'image/jpg', '1460624209', '1460624209');
INSERT INTO `media` VALUES ('4471921566444', '1', '2', '4471909524024', '6adc7451', 'text', 'beforeWorkingPhoto', 'image/jpg', '1460624351', '1460624351');
INSERT INTO `media` VALUES ('4471921591021', '1', '2', '4471920255548', '03f00b96', 'text', 'beforeWorkingPhoto', 'image/jpg', '1460624354', '1460624354');
INSERT INTO `media` VALUES ('4471921607406', '1', '2', '4471909540409', '4e2518a8', 'text', 'beforeWorkingPhoto', 'image/jpg', '1460624356', '1460624356');
INSERT INTO `media` VALUES ('4471921623791', '1', '2', '4471920304702', '5671cd20', 'text', 'beforeWorkingPhoto', 'image/jpg', '1460624358', '1460624358');
INSERT INTO `media` VALUES ('4471921812208', '1', '2', '4471920386624', '78ce94e3', 'text', 'beforeWorkingPhoto', 'image/jpg', '1460624381', '1460624381');
INSERT INTO `media` VALUES ('4471921877745', '1', '2', '4471920288317', 'daae3596', 'text', 'beforeWorkingPhoto', 'image/jpg', '1460624389', '1460624389');
INSERT INTO `media` VALUES ('4471921926898', '1', '2', '4471920386623', 'ba786ebb', 'text', 'beforeWorkingPhoto', 'image/jpg', '1460624395', '1460624395');
INSERT INTO `media` VALUES ('4471923655411', '1', '2', '4471920386624', '78ce94e3', 'text', 'beforeWorkingPhoto', 'image/jpg', '1460624606', '1460624606');
INSERT INTO `media` VALUES ('4471923663604', '1', '2', '4471920304702', '5671cd20', 'text', 'beforeWorkingPhoto', 'image/jpg', '1460624607', '1460624607');
INSERT INTO `media` VALUES ('4471923688181', '1', '2', '4471920255548', '03f00b96', 'text', 'beforeWorkingPhoto', 'image/jpg', '1460624610', '1460624610');
INSERT INTO `media` VALUES ('4471923778294', '1', '2', '4471920288317', 'daae3596', 'text', 'beforeWorkingPhoto', 'image/jpg', '1460624621', '1460624621');
INSERT INTO `media` VALUES ('4471924949751', '1', '2', '4471920386623', 'ba786ebb', 'text', 'beforeWorkingPhoto', 'image/jpg', '1460624764', '1460624764');
INSERT INTO `media` VALUES ('4471925179128', '1', '2', '4471920288317', 'daae3596', 'text', 'beforeWorkingPhoto', 'image/jpg', '1460624792', '1460624792');
INSERT INTO `media` VALUES ('4471938147065', '1', '2', '4471909524024', '6adc7451', 'text', 'beforeWorkingPhoto', 'image/jpg', '1460626375', '1460626375');
INSERT INTO `media` VALUES ('4471938179834', '1', '2', '4471920288317', 'daae3596', 'text', 'beforeWorkingPhoto', 'image/jpg', '1460626379', '1460626379');
INSERT INTO `media` VALUES ('4471938204411', '1', '2', '4471920386624', '78ce94e3', 'text', 'beforeWorkingPhoto', 'image/jpg', '1460626382', '1460626382');
INSERT INTO `media` VALUES ('4471938212604', '1', '2', '4471920255548', '03f00b96', 'text', 'beforeWorkingPhoto', 'image/jpg', '1460626383', '1460626383');
INSERT INTO `media` VALUES ('4471938228989', '1', '2', '4471920386623', 'ba786ebb', 'text', 'beforeWorkingPhoto', 'image/jpg', '1460626385', '1460626385');
INSERT INTO `media` VALUES ('4471938245374', '1', '2', '4471909540409', '4e2518a8', 'text', 'beforeWorkingPhoto', 'image/jpg', '1460626387', '1460626387');
INSERT INTO `media` VALUES ('4471938376447', '1', '2', '4471920304702', '5671cd20', 'text', 'beforeWorkingPhoto', 'image/jpg', '1460626403', '1460626403');
INSERT INTO `media` VALUES ('4471945921280', '1', '3', '4471945921089', '9d15ab00', 'James', 'xxxx', 'image/jpg', '1460627326', '1460627326');
INSERT INTO `media` VALUES ('4472403124993', '1', '2', '4471004357143', 'f2f3981a', 'nihao', 'il', 'image/jpg', '1460683135', '1460683135');
INSERT INTO `media` VALUES ('4472460575490', '1', '2', '4471920288317', 'daae3596', 'text', 'beforeWorkingPhoto', 'image/jpg', '1460690148', '1460690148');
INSERT INTO `media` VALUES ('4472460649219', '1', '2', '4471920386624', '78ce94e3', 'text', 'beforeWorkingPhoto', 'image/jpg', '1460690157', '1460690157');
INSERT INTO `media` VALUES ('4472460698372', '1', '2', '4471920255548', '03f00b96', 'text', 'beforeWorkingPhoto', 'image/jpg', '1460690163', '1460690163');
INSERT INTO `media` VALUES ('4472460821253', '1', '2', '4471920304702', '5671cd20', 'text', 'beforeWorkingPhoto', 'image/jpg', '1460690178', '1460690178');
INSERT INTO `media` VALUES ('4472460854022', '1', '2', '4471920386623', 'ba786ebb', 'text', 'beforeWorkingPhoto', 'image/jpg', '1460690182', '1460690182');
INSERT INTO `media` VALUES ('4472552907527', '1', '2', '4452056014966', 'e25d3834', 'text', 'beforeWorkingPhoto', 'image/jpg', '1460701419', '1460701419');
INSERT INTO `media` VALUES ('4472552907528', '1', '2', '4452058415224', '3da2cad7', 'text', 'beforeWorkingPhoto', 'image/jpg', '1460701419', '1460701419');
INSERT INTO `media` VALUES ('4472595497737', '1', '2', '1604130075359', 'd188db0e', 'text', 'beforeWorkingPhoto', 'image/jpg', '1460706618', '1460706618');
INSERT INTO `media` VALUES ('4474557842188', '1', '2', '4471004357143', 'f2f3981a', 'nihao', 'il', 'image/jpg', '1460946162', '1460946162');
INSERT INTO `media` VALUES ('4474588562189', '1', '2', '4471004357143', 'f2f3981a', 'dddd', 'ddd', 'image/jpg', '1460949912', '1460949912');
INSERT INTO `media` VALUES ('4474590937870', '1', '2', '4471004357143', 'f2f3981a', 'dddd', 'ddd', 'image/jpg', '1460950202', '1460950202');
INSERT INTO `media` VALUES ('4474592994063', '1', '2', '4455615684803', 'd55c71c3', 'text', 'beforeWorkingPhoto', 'image/jpg', '1460950453', '1460950453');
INSERT INTO `media` VALUES ('4474598834960', '1', '2', '4455614136514', '2af23b62', 'text', 'beforeWorkingPhoto', 'image/jpg', '1460951166', '1460951166');
INSERT INTO `media` VALUES ('4474601104145', '1', '2', '4454718963866', 'fce906ef', 'text', 'beforeWorkingPhoto', 'image/jpg', '1460951443', '1460951443');
INSERT INTO `media` VALUES ('4474601603858', '1', '2', '4455615684803', 'd55c71c3', 'text', 'beforeWorkingPhoto', 'image/jpg', '1460951504', '1460951504');
INSERT INTO `media` VALUES ('4474601693971', '1', '2', '4471004357143', 'f2f3981a', 'dddd', 'ddd', 'image/jpg', '1460951515', '1460951515');
INSERT INTO `media` VALUES ('4474680738585', '1', '2', '4454718963866', 'fce906ef', 'text', 'beforeWorkingPhoto', 'image/jpg', '1460961164', '1460961164');
INSERT INTO `media` VALUES ('4474682123034', '1', '2', '4455614136514', '2af23b62', 'text', 'beforeWorkingPhoto', 'image/jpg', '1460961333', '1460961333');
INSERT INTO `media` VALUES ('4474697622301', '1', '3', '4474697622083', '675aef11', 'James', 'xxxx', 'image/jpg', '1460963226', '1460963226');
INSERT INTO `media` VALUES ('4474701472542', '1', '3', '4471701889582', '61192090', 'James', 'xxxx', 'image/jpg', '1460963695', '1460963695');
INSERT INTO `media` VALUES ('4474703594271', '1', '1', '4474703594052', 'f2488a52', 'James', 'xxxx', 'image/jpg', '1460963955', '1460963955');
INSERT INTO `media` VALUES ('4474729825056', '1', '2', '4455615684803', 'd55c71c3', 'text', 'beforeWorkingPhoto', 'image/jpg', '1460967156', '1460967156');
INSERT INTO `media` VALUES ('4474744701732', '1', '3', '4471004357143', 'f2f3981a', 'ddd', 'ddddd', 'image/jpg', '1460968972', '1460968972');
INSERT INTO `media` VALUES ('4474744898341', '1', '3', '4471004357143', 'f2f3981a', 'ddd', 'ddddd', 'image/jpg', '1460968996', '1460968996');
INSERT INTO `media` VALUES ('4474762560294', '1', '2', '4454718963866', 'fce906ef', 'text', 'beforeWorkingPhoto', 'image/jpg', '1460971152', '1460971152');
INSERT INTO `media` VALUES ('4474770809639', '1', '2', '4471004357143', 'f2f3981a', 'ennn', 'eng', 'image/jpg', '1460972159', '1460972159');
INSERT INTO `media` VALUES ('4474773218088', '1', '3', '4474773217861', '8a6bc6fe', 'MessageImage', 'test', 'image/jpg', '1460972454', '1460972454');
INSERT INTO `media` VALUES ('4474775020329', '1', '2', '4471004357143', 'f2f3981a', 'ennn', 'eng', 'image/jpg', '1460972673', '1460972673');
INSERT INTO `media` VALUES ('4474778166058', '1', '2', '4451358097502', 'd6ee14b5', 'wo', 'niaho', 'image/jpg', '1460973057', '1460973057');
INSERT INTO `media` VALUES ('4474779042603', '1', '2', '4451358097502', 'd6ee14b5', 'wo', 'niaho', 'image/jpg', '1460973164', '1460973164');
INSERT INTO `media` VALUES ('4475230528300', '1', '1', '4471004357143', 'f2f3981a', 'nge', 'engie', 'image/jpg', '1461028277', '1461028277');
INSERT INTO `media` VALUES ('4475232584494', '1', '2', '4471004357143', 'f2f3981a', 'nge', 'gnei', 'image/jpg', '1461028528', '1461028528');
INSERT INTO `media` VALUES ('4475233485615', '1', '3', '4471004357143', 'f2f3981a', 'ange', 'nage', 'image/jpg', '1461028638', '1461028638');
INSERT INTO `media` VALUES ('4475236598576', '1', '3', '4471004766744', '8e0208b1', 'ddd', 'ddddd', 'image/jpg', '1461029018', '1461029018');
INSERT INTO `media` VALUES ('4475237040945', '1', '1', '4471004766744', '8e0208b1', 'ddd', 'ddddd', 'image/jpg', '1461029072', '1461029072');
INSERT INTO `media` VALUES ('4475242095410', '1', '1', '4475242095174', '9b1799a0', 'James', 'xxxx', 'image/jpg', '1461029690', '1461029690');
INSERT INTO `media` VALUES ('4475255898931', '1', '2', '4454718963866', 'fce906ef', 'text', 'beforeWorkingPhoto', 'image/jpg', '1461031374', '1461031374');
INSERT INTO `media` VALUES ('4475256382260', '1', '2', '4471004766744', '8e0208b1', 'ddd', 'ddddd', 'image/jpg', '1461031433', '1461031433');
INSERT INTO `media` VALUES ('4475256963893', '1', '2', '4471004766744', '8e0208b1', 'ddd', 'ddddd', 'image/jpg', '1461031504', '1461031504');
INSERT INTO `media` VALUES ('4475266351926', '1', '2', '4471004357143', 'f2f3981a', 'ddd', 'ddddd', 'image/jpg', '1461032650', '1461032650');
INSERT INTO `media` VALUES ('4475277673271', '1', '3', '4460615737688', '94037c10', 'wd大调o', 'niaho', 'image/jpg', '1461034032', '1461034032');
INSERT INTO `media` VALUES ('4475277697848', '1', '3', '4460615737688', '94037c10', 'wd大调o', 'niaho', 'image/jpg', '1461034035', '1461034035');
INSERT INTO `media` VALUES ('4475299103545', '1', '2', '4471004766744', '8e0208b1', 'ddd', 'ddddd', 'image/jpg', '1461036648', '1461036648');
INSERT INTO `media` VALUES ('4475305362234', '1', '3', '4460615737688', '94037c10', 'wd大调o', 'niaho', 'image/jpg', '1461037412', '1461037412');
INSERT INTO `media` VALUES ('4475305943867', '1', '3', '4460615737688', '94037c10', 'wd大调o', 'niaho', 'image/jpg', '1461037483', '1461037483');
INSERT INTO `media` VALUES ('4475388289852', '1', '3', '4475388289607', 'f44158d8', 'James', 'xxxx', 'image/jpg', '1461047536', '1461047536');
INSERT INTO `media` VALUES ('4475394114365', '1', '2', '4460615737688', '94037c10', 'wo', 'niaho', 'image/jpg', '1461048246', '1461048246');
INSERT INTO `media` VALUES ('4475394483006', '1', '3', '4475388289607', 'f44158d8', 'James', 'xxxx', 'image/jpg', '1461048291', '1461048291');
INSERT INTO `media` VALUES ('4475395408703', '1', '3', '4475388289607', 'f44158d8', 'James', 'xxxx', 'image/jpg', '1461048404', '1461048404');
INSERT INTO `media` VALUES ('4475395433280', '1', '2', '4460615737688', '94037c10', 'wo', 'niaho', 'image/jpg', '1461048407', '1461048407');
INSERT INTO `media` VALUES ('4475395466049', '1', '3', '4475395465800', '28d9ae11', 'James', 'xxxx', 'image/jpg', '1461048413', '1461048413');
INSERT INTO `media` VALUES ('4475396662082', '1', '2', '4460615737688', '94037c10', 'wo', 'niaho', 'image/jpg', '1461048557', '1461048557');
INSERT INTO `media` VALUES ('4475399021379', '1', '2', '4460615737688', '94037c10', 'wo', 'niaho', 'image/jpg', '1461048845', '1461048845');
INSERT INTO `media` VALUES ('4475399570244', '1', '2', '4460615737688', '94037c10', 'wo', 'niaho', 'image/jpg', '1461048912', '1461048912');
INSERT INTO `media` VALUES ('4475400233797', '1', '2', '4460615737688', '94037c10', 'wo', 'niaho', 'image/jpg', '1461048993', '1461048993');
INSERT INTO `media` VALUES ('4475404591942', '1', '3', '4475404591689', 'c51d1c9f', 'MessageImage', 'test', 'image/jpg', '1461049526', '1461049526');
INSERT INTO `media` VALUES ('4475404886855', '1', '3', '4475404886602', '9fab6d16', 'James', 'xxxx', 'image/jpg', '1461049563', '1461049563');
INSERT INTO `media` VALUES ('4475405050696', '1', '3', '4475405050443', 'de4e77b4', 'James', 'xxxx', 'image/jpg', '1461049582', '1461049582');
INSERT INTO `media` VALUES ('4475405435721', '1', '3', '4475405435468', '894e5c5b', 'James', 'xxxx', 'image/jpg', '1461049630', '1461049630');
INSERT INTO `media` VALUES ('4475405869898', '1', '3', '4475405869645', '91b88edf', 'James', 'xxxx', 'image/jpg', '1461049683', '1461049683');
INSERT INTO `media` VALUES ('4475423916875', '1', '2', '4460615737688', '94037c10', 'wo', 'niaho', 'image/jpg', '1461051884', '1461051884');
INSERT INTO `media` VALUES ('4475425891148', '1', '2', '4460615737688', '94037c10', 'wo', 'niaho', 'image/jpg', '1461052125', '1461052125');
INSERT INTO `media` VALUES ('4475426661197', '1', '2', '4460615737688', '94037c10', 'wo', 'niaho', 'image/jpg', '1461052219', '1461052219');
INSERT INTO `media` VALUES ('4475426915150', '1', '2', '4460615737688', '94037c10', 'wo', 'niaho', 'image/jpg', '1461052250', '1461052250');
INSERT INTO `media` VALUES ('4475427160911', '1', '2', '4460615737688', '94037c10', 'wo', 'niaho', 'image/jpg', '1461052280', '1461052280');
INSERT INTO `media` VALUES ('4475427357520', '1', '2', '4460615737688', '94037c10', 'wo', 'niaho', 'image/jpg', '1461052304', '1461052304');
INSERT INTO `media` VALUES ('4475427562321', '1', '3', '4475388289607', 'f44158d8', 'James', 'xxxx', 'image/jpg', '1461052329', '1461052329');
INSERT INTO `media` VALUES ('4475427668818', '1', '2', '4460615737688', '94037c10', 'wo', 'niaho', 'image/jpg', '1461052342', '1461052342');
INSERT INTO `media` VALUES ('4475427840851', '1', '2', '4460615737688', '94037c10', 'wo', 'niaho', 'image/jpg', '1461052363', '1461052363');
INSERT INTO `media` VALUES ('4475428176724', '1', '3', '4475388289607', 'f44158d8', 'James', 'xxxx', 'image/jpg', '1461052404', '1461052404');
INSERT INTO `media` VALUES ('4475428299605', '1', '2', '4460615737688', '94037c10', 'wo', 'niaho', 'image/jpg', '1461052419', '1461052419');
INSERT INTO `media` VALUES ('4475428619094', '1', '2', '4460615737688', '94037c10', 'wo', 'niaho', 'image/jpg', '1461052458', '1461052458');
INSERT INTO `media` VALUES ('4475434263383', '1', '2', '4460615737688', '94037c10', 'wo', 'niaho', 'image/jpg', '1461053147', '1461053147');
INSERT INTO `media` VALUES ('4475435696984', '1', '2', '4460615737688', '94037c10', 'wo', 'niaho', 'image/jpg', '1461053322', '1461053322');
INSERT INTO `media` VALUES ('4475435918169', '1', '2', '4460615737688', '94037c10', 'wo', 'niaho', 'image/jpg', '1461053349', '1461053349');
INSERT INTO `media` VALUES ('4475438359386', '1', '2', '4460615737688', '94037c10', 'wo', 'niaho', 'image/jpg', '1461053647', '1461053647');
INSERT INTO `media` VALUES ('4475438613339', '1', '2', '4460615737688', '94037c10', 'wo', 'niaho', 'image/jpg', '1461053678', '1461053678');
INSERT INTO `media` VALUES ('4475439235932', '1', '2', '4460615737688', '94037c10', 'wo', 'niaho', 'image/jpg', '1461053754', '1461053754');
INSERT INTO `media` VALUES ('4475457848157', '1', '2', '4460615737688', '94037c10', 'wo', 'niaho', 'image/jpg', '1461056026', '1461056026');
INSERT INTO `media` VALUES ('4475458011998', '1', '2', '4460615737688', '94037c10', 'wo', 'niaho', 'image/jpg', '1461056046', '1461056046');
INSERT INTO `media` VALUES ('4475458937695', '1', '2', '4460615737688', '94037c10', 'wo', 'niaho', 'image/jpg', '1461056159', '1461056159');
INSERT INTO `media` VALUES ('4475459412832', '1', '2', '4460615737688', '94037c10', 'wo', 'niaho', 'image/jpg', '1461056217', '1461056217');
INSERT INTO `media` VALUES ('4475467760481', '1', '2', '4460615737688', '94037c10', 'wo', 'niaho', 'image/jpg', '1461057236', '1461057236');
INSERT INTO `media` VALUES ('4475470119778', '1', '2', '4460615737688', '94037c10', 'wo', 'niaho', 'image/jpg', '1461057524', '1461057524');
INSERT INTO `media` VALUES ('4475470234467', '1', '2', '4460615737688', '94037c10', 'wo', 'niaho', 'image/jpg', '1461057538', '1461057538');
INSERT INTO `media` VALUES ('4475471831908', '1', '2', '4460615737688', '94037c10', 'wo', 'niaho', 'image/jpg', '1461057733', '1461057733');
INSERT INTO `media` VALUES ('4475479294821', '1', '2', '4471161455147', '3ed4fd6f', 'wo', 'niaho', 'image/jpg', '1461058644', '1461058644');
INSERT INTO `media` VALUES ('4475481457510', '1', '1', '4460615737688', '94037c10', 'wo', 'niaho', 'image/jpg', '1461058908', '1461058908');
INSERT INTO `media` VALUES ('4475482751847', '1', '1', '4460615737688', '94037c10', 'wo', 'niaho', 'image/jpg', '1461059066', '1461059066');
INSERT INTO `media` VALUES ('4475483726696', '1', '1', '4460615737688', '94037c10', 'wo', 'niaho', 'image/jpg', '1461059185', '1461059185');
INSERT INTO `media` VALUES ('4475484423017', '1', '1', '4460615737688', '94037c10', 'wo', 'niaho', 'image/jpg', '1461059270', '1461059270');
INSERT INTO `media` VALUES ('4475485086570', '1', '1', '4460615737688', '94037c10', 'wo', 'niaho', 'image/jpg', '1461059351', '1461059351');
INSERT INTO `media` VALUES ('4475485586283', '1', '1', '4460615737688', '94037c10', 'wo', 'niaho', 'image/jpg', '1461059412', '1461059412');
INSERT INTO `media` VALUES ('4475489436524', '1', '1', '4460615737688', '94037c10', 'wo', 'niaho', 'image/jpg', '1461059882', '1461059882');
INSERT INTO `media` VALUES ('4475489633133', '1', '1', '4460615737688', '94037c10', 'wo', 'niaho', 'image/jpg', '1461059906', '1461059906');
INSERT INTO `media` VALUES ('4475490149230', '1', '1', '4460615737688', '94037c10', 'wo', 'niaho', 'image/jpg', '1461059969', '1461059969');
INSERT INTO `media` VALUES ('4475490960239', '1', '2', '4460615737688', '94037c10', 'wo', 'niaho', 'image/jpg', '1461060068', '1461060068');
INSERT INTO `media` VALUES ('4475491894128', '1', '2', '4460615737688', '94037c10', 'wo', 'niaho', 'image/jpg', '1461060182', '1461060182');
INSERT INTO `media` VALUES ('4475962221425', '1', '2', '4454718963866', 'fce906ef', 'text', 'beforeWorkingPhoto', 'image/jpg', '1461117595', '1461117595');
INSERT INTO `media` VALUES ('4475983815538', '1', '3', '4475983815246', 'c47c7325', 'James', 'xxxx', 'image/jpg', '1461120233', '1461120233');
INSERT INTO `media` VALUES ('4475987002227', '1', '2', '4455614136514', '2af23b62', 'text', 'beforeWorkingPhoto', 'image/jpg', '1461120620', '1461120620');
INSERT INTO `media` VALUES ('4475989099380', '1', '2', '4454718963866', 'fce906ef', 'text', 'beforeWorkingPhoto', 'image/jpg', '1461120876', '1461120876');
INSERT INTO `media` VALUES ('4476001207157', '1', '2', '4455615684803', 'd55c71c3', 'text', 'beforeWorkingPhoto', 'image/jpg', '1461122354', '1461122354');
INSERT INTO `media` VALUES ('4476003804022', '1', '2', '4455615684803', 'd55c71c3', 'text', 'beforeWorkingPhoto', 'image/jpg', '1461122671', '1461122671');
INSERT INTO `media` VALUES ('4476120990583', '1', '2', '4456344977645', '4f1dd41e', 'wo', 'niaho', 'image/jpg', '1461136976', '1461136976');
INSERT INTO `media` VALUES ('4476121416568', '1', '2', '4456344977645', '4f1dd41e', 'wo', 'niaho', 'image/jpg', '1461137028', '1461137028');
INSERT INTO `media` VALUES ('4476130321273', '1', '2', '4454718963866', 'fce906ef', 'text', 'beforeWorkingPhoto', 'image/jpg', '1461138115', '1461138115');
INSERT INTO `media` VALUES ('4476130517882', '1', '2', '4455614136514', '2af23b62', 'text', 'beforeWorkingPhoto', 'image/jpg', '1461138139', '1461138139');
INSERT INTO `media` VALUES ('4476130730875', '1', '2', '4454718963866', 'fce906ef', 'text', 'afterWorkingPhoto', 'image/jpg', '1461138165', '1461138165');
INSERT INTO `media` VALUES ('4476130960252', '1', '2', '4455614136514', '2af23b62', 'text', 'afterWorkingPhoto', 'image/jpg', '1461138193', '1461138193');
INSERT INTO `media` VALUES ('4476131050365', '1', '2', '4455615684803', 'd55c71c3', 'text', 'afterWorkingPhoto', 'image/jpg', '1461138204', '1461138204');
INSERT INTO `media` VALUES ('4476141347710', '1', '2', '4452056014966', 'e25d3834', 'text', 'beforeWorkingPhoto', 'image/jpg', '1461139461', '1461139461');
INSERT INTO `media` VALUES ('4476150645631', '1', '2', '1604110390283', 'cba8abf6', 'text', 'beforeWorkingPhoto', 'image/jpg', '1461140596', '1461140596');
INSERT INTO `media` VALUES ('4476151251840', '1', '2', '4476151251535', '5187b48d', 'text', 'afterWorkingPhoto', 'image/jpg', '1461140672', '1461140672');
INSERT INTO `media` VALUES ('4476151251841', '1', '2', '1604110390283', 'cba8abf6', 'text', 'afterWorkingPhoto', 'image/jpg', '1461140670', '1461140670');
INSERT INTO `media` VALUES ('4476151292802', '1', '2', '4452056014966', 'e25d3834', 'text', 'afterWorkingPhoto', 'image/jpg', '1461140675', '1461140675');
INSERT INTO `media` VALUES ('4476151366531', '1', '2', '4452056014966', 'e25d3834', 'text', 'afterWorkingPhoto', 'image/jpg', '1461140684', '1461140684');
INSERT INTO `media` VALUES ('4476151374724', '1', '2', '4452056014966', 'e25d3834', 'text', 'afterWorkingPhoto', 'image/jpg', '1461140685', '1461140685');
INSERT INTO `media` VALUES ('4476151407493', '1', '2', '4476151407184', '6829195e', 'text', 'afterWorkingPhoto', 'image/jpg', '1461140692', '1461140692');
INSERT INTO `media` VALUES ('4476151456646', '1', '2', '4476151407184', '6829195e', 'text', 'afterWorkingPhoto', 'image/jpg', '1461140695', '1461140695');
INSERT INTO `media` VALUES ('4476172698503', '1', '3', '4452056014966', 'e25d3834', 'MessageImage', 'test', 'image/jpg', '1461143288', '1461143288');
INSERT INTO `media` VALUES ('4476173427592', '1', '3', '4476151407184', '6829195e', 'MessageImage', 'test', 'image/jpg', '1461143377', '1461143377');
INSERT INTO `media` VALUES ('4476173992841', '1', '3', '4476173992529', 'b7d06df7', 'James', 'xxxx', 'image/jpg', '1461143448', '1461143448');
INSERT INTO `media` VALUES ('4476657361802', '1', '2', '1604110390283', 'cba8abf6', 'text', 'beforeWorkingPhoto', 'image/jpg', '1461202451', '1461202451');
INSERT INTO `media` VALUES ('4476657435531', '1', '2', '4452056014966', 'e25d3834', 'text', 'beforeWorkingPhoto', 'image/jpg', '1461202460', '1461202460');
INSERT INTO `media` VALUES ('4476657542028', '1', '2', '4476657541714', 'd2846bc8', 'text', 'beforeWorkingPhoto', 'image/jpg', '1461202476', '1461202476');
INSERT INTO `media` VALUES ('4476657599373', '1', '2', '4476151407184', '6829195e', 'text', 'beforeWorkingPhoto', 'image/jpg', '1461202480', '1461202480');
INSERT INTO `media` VALUES ('4476657681294', '1', '2', '4476657680979', '68d7111c', 'text', 'beforeWorkingPhoto', 'image/jpg', '1461202492', '1461202492');
INSERT INTO `media` VALUES ('4476659565455', '1', '2', '4476659565140', 'd0e96475', 'text', 'beforeWorkingPhoto', 'image/jpg', '1461202722', '1461202722');
INSERT INTO `media` VALUES ('4476659671952', '1', '2', '4476659671637', '5ee27264', 'text', 'beforeWorkingPhoto', 'image/jpg', '1461202735', '1461202735');
INSERT INTO `media` VALUES ('4476659696529', '1', '2', '4476659696214', 'd10232a6', 'text', 'beforeWorkingPhoto', 'image/jpg', '1461202738', '1461202738');
INSERT INTO `media` VALUES ('4476659966866', '1', '2', '4476659966551', '0552d81a', 'text', 'afterWorkingPhoto', 'image/jpg', '1461202772', '1461202772');
INSERT INTO `media` VALUES ('4476662645651', '1', '2', '1604110390283', 'cba8abf6', 'text', 'afterWorkingPhoto', 'image/jpg', '1461203096', '1461203096');
INSERT INTO `media` VALUES ('4476662662036', '1', '2', '4452056014966', 'e25d3834', 'text', 'afterWorkingPhoto', 'image/jpg', '1461203098', '1461203098');
INSERT INTO `media` VALUES ('4476662768533', '1', '2', '4476662768216', 'a704df00', 'text', 'afterWorkingPhoto', 'image/jpg', '1461203113', '1461203113');
INSERT INTO `media` VALUES ('4476662883222', '1', '2', '4452058415224', '3da2cad7', 'text', 'afterWorkingPhoto', 'image/jpg', '1461203125', '1461203125');
INSERT INTO `media` VALUES ('4476662883223', '1', '2', '4452058415224', '3da2cad7', 'text', 'afterWorkingPhoto', 'image/jpg', '1461203125', '1461203125');
INSERT INTO `media` VALUES ('4476663104408', '1', '2', '4476663104089', '8e870b73', 'text', 'afterWorkingPhoto', 'image/jpg', '1461203154', '1461203154');
INSERT INTO `media` VALUES ('4476668117913', '1', '2', '4456344977645', '4f1dd41e', 'wo', 'niaho', 'image/jpg', '1461203764', '1461203764');
INSERT INTO `media` VALUES ('4476668126106', '1', '2', '1604110390283', 'cba8abf6', 'text', 'afterWorkingPhoto', 'image/jpg', '1461203765', '1461203765');
INSERT INTO `media` VALUES ('4476668191643', '1', '2', '4452056014966', 'e25d3834', 'text', 'afterWorkingPhoto', 'image/jpg', '1461203773', '1461203773');
INSERT INTO `media` VALUES ('4476668248988', '1', '2', '4476668248666', '8aaf6d96', 'text', 'afterWorkingPhoto', 'image/jpg', '1461203782', '1461203782');
INSERT INTO `media` VALUES ('4476668314525', '1', '2', '4452056014966', 'e25d3834', 'text', 'afterWorkingPhoto', 'image/jpg', '1461203788', '1461203788');
INSERT INTO `media` VALUES ('4476668355486', '1', '2', '4476668355163', '7d7a2890', 'text', 'afterWorkingPhoto', 'image/jpg', '1461203795', '1461203795');
INSERT INTO `media` VALUES ('4476668412831', '1', '2', '4476668248666', '8aaf6d96', 'text', 'afterWorkingPhoto', 'image/jpg', '1461203800', '1461203800');
INSERT INTO `media` VALUES ('4476668478368', '1', '2', '4476668355163', '7d7a2890', 'text', 'afterWorkingPhoto', 'image/jpg', '1461203808', '1461203808');
INSERT INTO `media` VALUES ('4476668527521', '1', '2', '4476668527196', '58c3f362', 'wo', 'niaho', 'image/jpg', '1461203815', '1461203815');
INSERT INTO `media` VALUES ('4476668781474', '1', '2', '4476668527196', '58c3f362', 'wo', 'niaho', 'image/jpg', '1461203845', '1461203845');
INSERT INTO `media` VALUES ('4476669305763', '1', '2', '4452058415224', '3da2cad7', 'text', 'afterWorkingPhoto', 'image/jpg', '1461203909', '1461203909');
INSERT INTO `media` VALUES ('4476669338532', '1', '2', '4476659966551', '0552d81a', 'text', 'afterWorkingPhoto', 'image/jpg', '1461203913', '1461203913');
INSERT INTO `media` VALUES ('4476669338533', '1', '2', '4452056014966', 'e25d3834', 'text', 'afterWorkingPhoto', 'image/jpg', '1461203913', '1461203913');
INSERT INTO `media` VALUES ('4476669379494', '1', '2', '4476668527196', '58c3f362', 'wo', 'niaho', 'image/jpg', '1461203918', '1461203918');
INSERT INTO `media` VALUES ('4476669494183', '1', '2', '4476669493853', '7e7eeae1', 'text', 'afterWorkingPhoto', 'image/jpg', '1461203934', '1461203934');
INSERT INTO `media` VALUES ('4476669535144', '1', '2', '4452056014966', 'e25d3834', 'text', 'afterWorkingPhoto', 'image/jpg', '1461203937', '1461203937');
INSERT INTO `media` VALUES ('4476669543337', '1', '2', '4476668248666', '8aaf6d96', 'text', 'afterWorkingPhoto', 'image/jpg', '1461203938', '1461203938');
INSERT INTO `media` VALUES ('4476669592490', '1', '2', '4476659966551', '0552d81a', 'text', 'afterWorkingPhoto', 'image/jpg', '1461203944', '1461203944');
INSERT INTO `media` VALUES ('4476671501227', '1', '2', '1604110390283', 'cba8abf6', 'text', 'afterWorkingPhoto', 'image/jpg', '1461204177', '1461204177');
INSERT INTO `media` VALUES ('4476671665068', '1', '2', '4476669493853', '7e7eeae1', 'text', 'afterWorkingPhoto', 'image/jpg', '1461204197', '1461204197');
INSERT INTO `media` VALUES ('4476671706029', '1', '2', '4452056014966', 'e25d3834', 'text', 'afterWorkingPhoto', 'image/jpg', '1461204202', '1461204202');
INSERT INTO `media` VALUES ('4476673246126', '1', '2', '1604110390283', 'cba8abf6', 'text', 'beforeWorkingPhoto', 'image/jpg', '1461204390', '1461204390');
INSERT INTO `media` VALUES ('4476673295279', '1', '2', '4452056014966', 'e25d3834', 'text', 'beforeWorkingPhoto', 'image/jpg', '1461204396', '1461204396');
INSERT INTO `media` VALUES ('4476673295280', '1', '2', '4452058415224', '3da2cad7', 'text', 'beforeWorkingPhoto', 'image/jpg', '1461204396', '1461204396');
INSERT INTO `media` VALUES ('4476673418161', '1', '2', '4476669493853', '7e7eeae1', 'text', 'beforeWorkingPhoto', 'image/jpg', '1461204411', '1461204411');
INSERT INTO `media` VALUES ('4476673418162', '1', '2', '4476673417822', '7685c75b', 'text', 'beforeWorkingPhoto', 'image/jpg', '1461204413', '1461204413');
INSERT INTO `media` VALUES ('4476673508275', '1', '2', '4476673507935', '54db4277', 'text', 'beforeWorkingPhoto', 'image/jpg', '1461204424', '1461204424');
INSERT INTO `media` VALUES ('4476674565044', '1', '2', '4452056014966', 'e25d3834', 'text', 'beforeWorkingPhoto', 'image/jpg', '1461204551', '1461204551');
INSERT INTO `media` VALUES ('4476674597813', '1', '2', '1604110390283', 'cba8abf6', 'text', 'beforeWorkingPhoto', 'image/jpg', '1461204555', '1461204555');
INSERT INTO `media` VALUES ('4476674974646', '1', '2', '4452058415224', '3da2cad7', 'text', 'beforeWorkingPhoto', 'image/jpg', '1461204601', '1461204601');
INSERT INTO `media` VALUES ('4476676809655', '1', '2', '4476669493853', '7e7eeae1', 'text', 'afterWorkingPhoto', 'image/jpg', '1461204825', '1461204825');
INSERT INTO `media` VALUES ('4476676858808', '1', '2', '4452058415224', '3da2cad7', 'text', 'afterWorkingPhoto', 'image/jpg', '1461204831', '1461204831');
INSERT INTO `media` VALUES ('4476676858809', '1', '2', '4476676858464', '8299c5ef', 'text', 'afterWorkingPhoto', 'image/jpg', '1461204833', '1461204833');
INSERT INTO `media` VALUES ('4476676924346', '1', '2', '4452056014966', 'e25d3834', 'text', 'afterWorkingPhoto', 'image/jpg', '1461204839', '1461204839');
INSERT INTO `media` VALUES ('4476676948923', '1', '2', '1604110390283', 'cba8abf6', 'text', 'afterWorkingPhoto', 'image/jpg', '1461204842', '1461204842');
INSERT INTO `media` VALUES ('4476676973500', '1', '2', '4476676973153', 'e50af82e', 'text', 'afterWorkingPhoto', 'image/jpg', '1461204847', '1461204847');
INSERT INTO `media` VALUES ('4476677923773', '1', '2', '1604110390283', 'cba8abf6', 'text', 'afterWorkingPhoto', 'image/jpg', '1461204961', '1461204961');
INSERT INTO `media` VALUES ('4476677923774', '1', '2', '4476676858464', '8299c5ef', 'text', 'afterWorkingPhoto', 'image/jpg', '1461204961', '1461204961');
INSERT INTO `media` VALUES ('4476677964735', '1', '2', '4452056014966', 'e25d3834', 'text', 'afterWorkingPhoto', 'image/jpg', '1461204966', '1461204966');
INSERT INTO `media` VALUES ('4476678005696', '1', '2', '4476669493853', '7e7eeae1', 'text', 'afterWorkingPhoto', 'image/jpg', '1461204971', '1461204971');
INSERT INTO `media` VALUES ('4476678046657', '1', '2', '4476668355163', '7d7a2890', 'text', 'afterWorkingPhoto', 'image/jpg', '1461204976', '1461204976');
INSERT INTO `media` VALUES ('4476678095810', '1', '2', '4476676973153', 'e50af82e', 'text', 'afterWorkingPhoto', 'image/jpg', '1461204982', '1461204982');
INSERT INTO `media` VALUES ('4476678161347', '1', '2', '4476669493853', '7e7eeae1', 'text', 'afterWorkingPhoto', 'image/jpg', '1461204990', '1461204990');
INSERT INTO `media` VALUES ('4476678489028', '1', '2', '4476659671637', '5ee27264', 'text', 'afterWorkingPhoto', 'image/jpg', '1461205030', '1461205030');
INSERT INTO `media` VALUES ('4476679332805', '1', '2', '4476659671637', '5ee27264', 'text', 'afterWorkingPhoto', 'image/jpg', '1461205133', '1461205133');
INSERT INTO `media` VALUES ('4476680233926', '1', '2', '4476676858464', '8299c5ef', 'text', 'afterWorkingPhoto', 'image/jpg', '1461205243', '1461205243');
INSERT INTO `media` VALUES ('4476680315847', '1', '2', '4476676973153', 'e50af82e', 'text', 'afterWorkingPhoto', 'image/jpg', '1461205253', '1461205253');
INSERT INTO `media` VALUES ('4476680324040', '1', '2', '4452056014966', 'e25d3834', 'text', 'afterWorkingPhoto', 'image/jpg', '1461205254', '1461205254');
INSERT INTO `media` VALUES ('4476680373193', '1', '2', '4476659966551', '0552d81a', 'text', 'afterWorkingPhoto', 'image/jpg', '1461205260', '1461205260');
INSERT INTO `media` VALUES ('4476680446922', '1', '2', '1604110390283', 'cba8abf6', 'text', 'afterWorkingPhoto', 'image/jpg', '1461205269', '1461205269');
INSERT INTO `media` VALUES ('4476680537035', '1', '2', '4476659671637', '5ee27264', 'text', 'afterWorkingPhoto', 'image/jpg', '1461205280', '1461205280');
INSERT INTO `media` VALUES ('4476680618956', '1', '2', '4476668355163', '7d7a2890', 'text', 'afterWorkingPhoto', 'image/jpg', '1461205290', '1461205290');
INSERT INTO `media` VALUES ('4476682126285', '1', '2', '4452056014966', 'e25d3834', 'text', 'afterWorkingPhoto', 'image/jpg', '1461205474', '1461205474');
INSERT INTO `media` VALUES ('4476682200014', '1', '2', '1604110390283', 'cba8abf6', 'text', 'afterWorkingPhoto', 'image/jpg', '1461205483', '1461205483');
INSERT INTO `media` VALUES ('4476682208207', '1', '2', '4476669493853', '7e7eeae1', 'text', 'afterWorkingPhoto', 'image/jpg', '1461205484', '1461205484');
INSERT INTO `media` VALUES ('4476682290128', '1', '2', '4476676973153', 'e50af82e', 'text', 'afterWorkingPhoto', 'image/jpg', '1461205494', '1461205494');
INSERT INTO `media` VALUES ('4476682347473', '1', '2', '4476659966551', '0552d81a', 'text', 'afterWorkingPhoto', 'image/jpg', '1461205501', '1461205501');
INSERT INTO `media` VALUES ('4476682421202', '1', '2', '4452058415224', '3da2cad7', 'text', 'afterWorkingPhoto', 'image/jpg', '1461205510', '1461205510');
INSERT INTO `media` VALUES ('4476682462163', '1', '2', '4476659671637', '5ee27264', 'text', 'afterWorkingPhoto', 'image/jpg', '1461205515', '1461205515');
INSERT INTO `media` VALUES ('4476682494932', '1', '2', '4476676858464', '8299c5ef', 'text', 'afterWorkingPhoto', 'image/jpg', '1461205519', '1461205519');
INSERT INTO `media` VALUES ('4476682601429', '1', '2', '4476668355163', '7d7a2890', 'text', 'afterWorkingPhoto', 'image/jpg', '1461205532', '1461205532');
INSERT INTO `media` VALUES ('4476683584470', '1', '2', '4476676973153', 'e50af82e', 'text', 'afterWorkingPhoto', 'image/jpg', '1461205652', '1461205652');
INSERT INTO `media` VALUES ('4476683609047', '1', '2', '4476669493853', '7e7eeae1', 'text', 'afterWorkingPhoto', 'image/jpg', '1461205655', '1461205655');
INSERT INTO `media` VALUES ('4476683764696', '1', '2', '4476659966551', '0552d81a', 'text', 'afterWorkingPhoto', 'image/jpg', '1461205674', '1461205674');
INSERT INTO `media` VALUES ('4476683797465', '1', '2', '4476668355163', '7d7a2890', 'text', 'afterWorkingPhoto', 'image/jpg', '1461205678', '1461205678');
INSERT INTO `media` VALUES ('4476683838426', '1', '2', '4452056014966', 'e25d3834', 'text', 'afterWorkingPhoto', 'image/jpg', '1461205683', '1461205683');
INSERT INTO `media` VALUES ('4476683879387', '1', '2', '4476659671637', '5ee27264', 'text', 'afterWorkingPhoto', 'image/jpg', '1461205688', '1461205688');
INSERT INTO `media` VALUES ('4476683969500', '1', '2', '4452058415224', '3da2cad7', 'text', 'afterWorkingPhoto', 'image/jpg', '1461205699', '1461205699');
INSERT INTO `media` VALUES ('4476684346333', '1', '2', '4476668527196', '58c3f362', 'wo', 'niaho', 'image/jpg', '1461205745', '1461205745');
INSERT INTO `media` VALUES ('4476692972510', '1', '2', '1604110390283', 'cba8abf6', 'text', 'afterWorkingPhoto', 'image/jpg', '1461206798', '1461206798');
INSERT INTO `media` VALUES ('4476694627295', '1', '2', '4476676858464', '8299c5ef', 'text', 'afterWorkingPhoto', 'image/jpg', '1461207000', '1461207000');
INSERT INTO `media` VALUES ('4476694676448', '1', '2', '4452056014966', 'e25d3834', 'text', 'afterWorkingPhoto', 'image/jpg', '1461207006', '1461207006');
INSERT INTO `media` VALUES ('4476694782945', '1', '2', '4452058415224', '3da2cad7', 'text', 'afterWorkingPhoto', 'image/jpg', '1461207019', '1461207019');
INSERT INTO `media` VALUES ('4476694823906', '1', '2', '4476676973153', 'e50af82e', 'text', 'afterWorkingPhoto', 'image/jpg', '1461207024', '1461207024');
INSERT INTO `media` VALUES ('4476694873059', '1', '2', '4476669493853', '7e7eeae1', 'text', 'afterWorkingPhoto', 'image/jpg', '1461207030', '1461207030');
INSERT INTO `media` VALUES ('4476694938596', '1', '2', '4476659671637', '5ee27264', 'text', 'afterWorkingPhoto', 'image/jpg', '1461207038', '1461207038');
INSERT INTO `media` VALUES ('4476695200741', '1', '2', '4476659966551', '0552d81a', 'text', 'afterWorkingPhoto', 'image/jpg', '1461207070', '1461207070');
INSERT INTO `media` VALUES ('4476701058022', '1', '2', '4476668355163', '7d7a2890', 'text', 'afterWorkingPhoto', 'image/jpg', '1461207785', '1461207785');
INSERT INTO `media` VALUES ('4476701066215', '1', '2', '4476669493853', '7e7eeae1', 'text', 'afterWorkingPhoto', 'image/jpg', '1461207786', '1461207786');
INSERT INTO `media` VALUES ('4476701107176', '1', '2', '4476659966551', '0552d81a', 'text', 'afterWorkingPhoto', 'image/jpg', '1461207791', '1461207791');
INSERT INTO `media` VALUES ('4476701238249', '1', '2', '4452058415224', '3da2cad7', 'text', 'afterWorkingPhoto', 'image/jpg', '1461207807', '1461207807');
INSERT INTO `media` VALUES ('4476701262826', '1', '2', '4476676973153', 'e50af82e', 'text', 'afterWorkingPhoto', 'image/jpg', '1461207810', '1461207810');
INSERT INTO `media` VALUES ('4476701311979', '1', '2', '1604110390283', 'cba8abf6', 'text', 'afterWorkingPhoto', 'image/jpg', '1461207816', '1461207816');
INSERT INTO `media` VALUES ('4476701344748', '1', '2', '4452056014966', 'e25d3834', 'text', 'afterWorkingPhoto', 'image/jpg', '1461207820', '1461207820');
INSERT INTO `media` VALUES ('4476701361133', '1', '2', '4476676858464', '8299c5ef', 'text', 'afterWorkingPhoto', 'image/jpg', '1461207822', '1461207822');
INSERT INTO `media` VALUES ('4476701639662', '1', '2', '4476659671637', '5ee27264', 'text', 'afterWorkingPhoto', 'image/jpg', '1461207856', '1461207856');
INSERT INTO `media` VALUES ('4476706685935', '1', '2', '4452058415224', '3da2cad7', 'text', 'afterWorkingPhoto', 'image/jpg', '1461208472', '1461208472');
INSERT INTO `media` VALUES ('4476706710512', '1', '2', '4452056014966', 'e25d3834', 'text', 'afterWorkingPhoto', 'image/jpg', '1461208475', '1461208475');
INSERT INTO `media` VALUES ('4476706784241', '1', '2', '1604110390283', 'cba8abf6', 'text', 'afterWorkingPhoto', 'image/jpg', '1461208484', '1461208484');
INSERT INTO `media` VALUES ('4476706907122', '1', '2', '4476669493853', '7e7eeae1', 'text', 'afterWorkingPhoto', 'image/jpg', '1461208499', '1461208499');
INSERT INTO `media` VALUES ('4476706915315', '1', '2', '4476676858464', '8299c5ef', 'text', 'afterWorkingPhoto', 'image/jpg', '1461208500', '1461208500');
INSERT INTO `media` VALUES ('4476707103732', '1', '2', '4476676973153', 'e50af82e', 'text', 'afterWorkingPhoto', 'image/jpg', '1461208523', '1461208523');
INSERT INTO `media` VALUES ('4476707128309', '1', '2', '4476659671637', '5ee27264', 'text', 'afterWorkingPhoto', 'image/jpg', '1461208526', '1461208526');
INSERT INTO `media` VALUES ('4476707300342', '1', '2', '4476659966551', '0552d81a', 'text', 'afterWorkingPhoto', 'image/jpg', '1461208547', '1461208547');
INSERT INTO `media` VALUES ('4476707439607', '1', '2', '4476668355163', '7d7a2890', 'text', 'afterWorkingPhoto', 'image/jpg', '1461208564', '1461208564');
INSERT INTO `media` VALUES ('4476713165816', '1', '3', '4476713165410', '68ebf46c', 'James', 'xxxx', 'image/jpg', '1461209265', '1461209265');
INSERT INTO `media` VALUES ('4476713706489', '1', '3', '4476713706083', '88a05318', 'James', 'xxxx', 'image/jpg', '1461209331', '1461209331');
INSERT INTO `media` VALUES ('4476714443770', '1', '3', '4476714443364', '27306775', 'James', 'xxxx', 'image/jpg', '1461209420', '1461209420');
INSERT INTO `media` VALUES ('4476715230203', '1', '3', '4476715229797', '2ce24326', 'James', 'xxxx', 'image/jpg', '1461209517', '1461209517');
INSERT INTO `media` VALUES ('4476715328508', '1', '3', '4476713165410', '68ebf46c', 'James', 'xxxx', 'image/jpg', '1461209527', '1461209527');
INSERT INTO `media` VALUES ('4476718810109', '1', '2', '4476668355163', '7d7a2890', 'text', 'afterWorkingPhoto', 'image/jpg', '1461209952', '1461209952');
INSERT INTO `media` VALUES ('4476718810110', '1', '2', '4476659671637', '5ee27264', 'text', 'afterWorkingPhoto', 'image/jpg', '1461209952', '1461209952');
INSERT INTO `media` VALUES ('4476718826495', '1', '2', '4476669493853', '7e7eeae1', 'text', 'afterWorkingPhoto', 'image/jpg', '1461209954', '1461209954');
INSERT INTO `media` VALUES ('4476718990336', '1', '2', '4476659966551', '0552d81a', 'text', 'afterWorkingPhoto', 'image/jpg', '1461209974', '1461209974');
INSERT INTO `media` VALUES ('4476719211521', '1', '2', '4476676973153', 'e50af82e', 'text', 'afterWorkingPhoto', 'image/jpg', '1461210001', '1461210001');
INSERT INTO `media` VALUES ('4476719219714', '1', '2', '4452058415224', '3da2cad7', 'text', 'afterWorkingPhoto', 'image/jpg', '1461210002', '1461210002');
INSERT INTO `media` VALUES ('4476719301635', '1', '2', '4452056014966', 'e25d3834', 'text', 'afterWorkingPhoto', 'image/jpg', '1461210012', '1461210012');
INSERT INTO `media` VALUES ('4476719670276', '1', '2', '4476676858464', '8299c5ef', 'text', 'afterWorkingPhoto', 'image/jpg', '1461210057', '1461210057');
INSERT INTO `media` VALUES ('4476725117957', '1', '2', '4452056014966', 'e25d3834', 'text', 'afterWorkingPhoto', 'image/jpg', '1461210722', '1461210722');
INSERT INTO `media` VALUES ('4476727411718', '1', '3', '4476727411302', '74638fc3', 'James', 'xxxx', 'image/jpg', '1461211004', '1461211004');
INSERT INTO `media` VALUES ('4476784313351', '1', '2', '4452058415224', '3da2cad7', 'text', 'beforeWorkingPhoto', 'image/jpg', '1461217948', '1461217948');
INSERT INTO `media` VALUES ('4476784329736', '1', '2', '1604110390283', 'cba8abf6', 'text', 'beforeWorkingPhoto', 'image/jpg', '1461217950', '1461217950');
INSERT INTO `media` VALUES ('4476784346121', '1', '2', '4476784345703', 'a2a9b829', 'text', 'beforeWorkingPhoto', 'image/jpg', '1461217954', '1461217954');
INSERT INTO `media` VALUES ('4476784411658', '1', '2', '1604110390283', 'cba8abf6', 'text', 'beforeWorkingPhoto', 'image/jpg', '1461217960', '1461217960');
INSERT INTO `media` VALUES ('4476785689611', '1', '2', '4452058415224', '3da2cad7', 'text', 'afterWorkingPhoto', 'image/jpg', '1461218116', '1461218116');
INSERT INTO `media` VALUES ('4476785697804', '1', '2', '4476785697384', 'a2e4d0e5', 'text', 'afterWorkingPhoto', 'image/jpg', '1461218118', '1461218118');
INSERT INTO `media` VALUES ('4476785705997', '1', '2', '4476785705577', '417b5c57', 'text', 'afterWorkingPhoto', 'image/jpg', '1461218120', '1461218120');
INSERT INTO `media` VALUES ('4476785738766', '1', '2', '4476785738346', 'c1756ba8', 'text', 'afterWorkingPhoto', 'image/jpg', '1461218124', '1461218124');
INSERT INTO `media` VALUES ('4476785746959', '1', '2', '4476785746539', '7196be94', 'text', 'afterWorkingPhoto', 'image/jpg', '1461218125', '1461218125');
INSERT INTO `media` VALUES ('4476785787920', '1', '2', '4452058415224', '3da2cad7', 'text', 'afterWorkingPhoto', 'image/jpg', '1461218128', '1461218128');
INSERT INTO `media` VALUES ('4476793209873', '1', '3', '4476793209452', 'd7051691', 'MessageImage', 'test', 'image/jpg', '1461219036', '1461219036');
INSERT INTO `media` VALUES ('4476805809170', '1', '2', '4476785746539', '7196be94', 'text', 'beforeWorkingPhoto', 'image/jpg', '1461220572', '1461220572');
INSERT INTO `media` VALUES ('4476805833747', '1', '2', '4452056014966', 'e25d3834', 'text', 'beforeWorkingPhoto', 'image/jpg', '1461220575', '1461220575');
INSERT INTO `media` VALUES ('4476805850132', '1', '2', '1604110390283', 'cba8abf6', 'text', 'beforeWorkingPhoto', 'image/jpg', '1461220577', '1461220577');
INSERT INTO `media` VALUES ('4476816778261', '1', '2', '4452056014966', 'e25d3834', 'text', 'beforeWorkingPhoto', 'image/jpg', '1461221911', '1461221911');
INSERT INTO `media` VALUES ('4476816851990', '1', '2', '4452056014966', 'e25d3834', 'text', 'beforeWorkingPhoto', 'image/jpg', '1461221920', '1461221920');
INSERT INTO `media` VALUES ('4476816892951', '1', '2', '4476659966551', '0552d81a', 'text', 'beforeWorkingPhoto', 'image/jpg', '1461221925', '1461221925');
INSERT INTO `media` VALUES ('4476816892952', '1', '2', '4476659966551', '0552d81a', 'text', 'beforeWorkingPhoto', 'image/jpg', '1461221925', '1461221925');
INSERT INTO `media` VALUES ('4476816958489', '1', '2', '1604110390283', 'cba8abf6', 'text', 'beforeWorkingPhoto', 'image/jpg', '1461221933', '1461221933');
INSERT INTO `media` VALUES ('4476817056794', '1', '2', '1604110390283', 'cba8abf6', 'text', 'beforeWorkingPhoto', 'image/jpg', '1461221945', '1461221945');
INSERT INTO `media` VALUES ('4476818121755', '1', '2', '4452056014966', 'e25d3834', 'text', 'beforeWorkingPhoto', 'image/jpg', '1461222075', '1461222075');
INSERT INTO `media` VALUES ('4476818154524', '1', '2', '4476784345703', 'a2a9b829', 'text', 'beforeWorkingPhoto', 'image/jpg', '1461222079', '1461222079');
INSERT INTO `media` VALUES ('4476818170909', '1', '2', '4476818170477', '1aa683cc', 'text', 'beforeWorkingPhoto', 'image/jpg', '1461222082', '1461222082');
INSERT INTO `media` VALUES ('4476818236446', '1', '2', '4476818236014', '7fd36af4', 'text', 'beforeWorkingPhoto', 'image/jpg', '1461222091', '1461222091');
INSERT INTO `media` VALUES ('4476818252831', '1', '2', '4476818252399', 'ead98a26', 'text', 'beforeWorkingPhoto', 'image/jpg', '1461222093', '1461222093');
INSERT INTO `media` VALUES ('4476818351136', '1', '2', '4476818350704', '411ba3ba', 'text', 'beforeWorkingPhoto', 'image/jpg', '1461222105', '1461222105');
INSERT INTO `media` VALUES ('4476820579361', '1', '2', '4476785746539', '7196be94', 'text', 'beforeWorkingPhoto', 'image/jpg', '1461222375', '1461222375');
INSERT INTO `media` VALUES ('4476820587554', '1', '2', '4476818236014', '7fd36af4', 'text', 'beforeWorkingPhoto', 'image/jpg', '1461222376', '1461222376');
INSERT INTO `media` VALUES ('4476820669475', '1', '2', '4452058415224', '3da2cad7', 'text', 'beforeWorkingPhoto', 'image/jpg', '1461222386', '1461222386');
INSERT INTO `media` VALUES ('4476822184996', '1', '2', '4452056014966', 'e25d3834', 'text', 'afterWorkingPhoto', 'image/jpg', '1461222571', '1461222571');
INSERT INTO `media` VALUES ('4476822234149', '1', '2', '4476822233713', 'b8f1efeb', 'text', 'afterWorkingPhoto', 'image/jpg', '1461222579', '1461222579');
INSERT INTO `media` VALUES ('4476822324262', '1', '2', '4476822233713', 'b8f1efeb', 'text', 'afterWorkingPhoto', 'image/jpg', '1461222588', '1461222588');
INSERT INTO `media` VALUES ('4476822357031', '1', '2', '4476822356594', '3f44e5f0', 'text', 'afterWorkingPhoto', 'image/jpg', '1461222594', '1461222594');
INSERT INTO `media` VALUES ('4476822430760', '1', '2', '4476822430323', '12ee98dc', 'text', 'afterWorkingPhoto', 'image/jpg', '1461222603', '1461222603');
INSERT INTO `media` VALUES ('4476822479913', '1', '2', '4476785705577', '417b5c57', 'text', 'afterWorkingPhoto', 'image/jpg', '1461222607', '1461222607');
INSERT INTO `media` VALUES ('4476827452458', '1', '2', '4455615684803', 'd55c71c3', 'text', 'beforeWorkingPhoto', 'image/jpg', '1461223214', '1461223214');
INSERT INTO `media` VALUES ('4476827477035', '1', '2', '4454718963866', 'fce906ef', 'text', 'beforeWorkingPhoto', 'image/jpg', '1461223217', '1461223217');
INSERT INTO `media` VALUES ('4476827681836', '1', '2', '4454718963866', 'fce906ef', 'text', 'beforeWorkingPhoto', 'image/jpg', '1461223242', '1461223242');
INSERT INTO `media` VALUES ('4476827821101', '1', '2', '4455614136514', '2af23b62', 'text', 'beforeWorkingPhoto', 'image/jpg', '1461223259', '1461223259');
INSERT INTO `media` VALUES ('4476832138286', '1', '2', '4476785738346', 'c1756ba8', 'text', 'beforeWorkingPhoto', 'image/jpg', '1461223786', '1461223786');
INSERT INTO `media` VALUES ('4476832343087', '1', '2', '4476785705577', '417b5c57', 'text', 'beforeWorkingPhoto', 'image/jpg', '1461223811', '1461223811');
INSERT INTO `media` VALUES ('4476832343088', '1', '2', '4476822430323', '12ee98dc', 'text', 'beforeWorkingPhoto', 'image/jpg', '1461223811', '1461223811');
INSERT INTO `media` VALUES ('4476832539697', '1', '2', '4476832539252', '97b46290', 'text', 'beforeWorkingPhoto', 'image/jpg', '1461223837', '1461223837');
INSERT INTO `media` VALUES ('4476832588850', '1', '2', '4476832588405', '1c2782fb', 'text', 'beforeWorkingPhoto', 'image/jpg', '1461223843', '1461223843');
INSERT INTO `media` VALUES ('4476832662579', '1', '2', '4476822356594', '3f44e5f0', 'text', 'beforeWorkingPhoto', 'image/jpg', '1461223850', '1461223850');
INSERT INTO `media` VALUES ('4476832662580', '1', '2', '4476785697384', 'a2e4d0e5', 'text', 'beforeWorkingPhoto', 'image/jpg', '1461223850', '1461223850');
INSERT INTO `media` VALUES ('4476832810037', '1', '2', '4476822233713', 'b8f1efeb', 'text', 'beforeWorkingPhoto', 'image/jpg', '1461223868', '1461223868');
INSERT INTO `media` VALUES ('4476832883766', '1', '2', '4476832883318', '0add8747', 'text', 'beforeWorkingPhoto', 'image/jpg', '1461223879', '1461223879');
INSERT INTO `media` VALUES ('4476832957495', '1', '2', '4476832957047', '91c82c06', 'text', 'beforeWorkingPhoto', 'image/jpg', '1461223888', '1461223888');
INSERT INTO `media` VALUES ('4476834284600', '1', '2', '1604110390283', 'cba8abf6', 'text', 'beforeWorkingPhoto', 'image/jpg', '1461224048', '1461224048');
INSERT INTO `media` VALUES ('4476834309177', '1', '2', '4476784345703', 'a2a9b829', 'text', 'beforeWorkingPhoto', 'image/jpg', '1461224051', '1461224051');
INSERT INTO `media` VALUES ('4476834366522', '1', '2', '4476785746539', '7196be94', 'text', 'beforeWorkingPhoto', 'image/jpg', '1461224058', '1461224058');
INSERT INTO `media` VALUES ('4476834423867', '1', '2', '4452056014966', 'e25d3834', 'text', 'beforeWorkingPhoto', 'image/jpg', '1461224065', '1461224065');
INSERT INTO `media` VALUES ('4476835513404', '1', '2', '4452058415224', '3da2cad7', 'text', 'beforeWorkingPhoto', 'image/jpg', '1461224198', '1461224198');
INSERT INTO `media` VALUES ('4476837446717', '1', '2', '4476818252399', 'ead98a26', 'text', 'beforeWorkingPhoto', 'image/jpg', '1461224434', '1461224434');
INSERT INTO `media` VALUES ('4476837463102', '1', '2', '4476785697384', 'a2e4d0e5', 'text', 'beforeWorkingPhoto', 'image/jpg', '1461224436', '1461224436');
INSERT INTO `media` VALUES ('4476837512255', '1', '2', '4452056014966', 'e25d3834', 'text', 'beforeWorkingPhoto', 'image/jpg', '1461224442', '1461224442');
INSERT INTO `media` VALUES ('4476837577792', '1', '2', '4476784345703', 'a2a9b829', 'text', 'beforeWorkingPhoto', 'image/jpg', '1461224450', '1461224450');
INSERT INTO `media` VALUES ('4476838380609', '1', '2', '4452058415224', '3da2cad7', 'text', 'beforeWorkingPhoto', 'image/jpg', '1461224548', '1461224548');
INSERT INTO `media` VALUES ('4476839085122', '1', '2', '4476832588405', '1c2782fb', 'text', 'afterWorkingPhoto', 'image/jpg', '1461224634', '1461224634');
INSERT INTO `media` VALUES ('4476839175235', '1', '2', '4476832539252', '97b46290', 'text', 'afterWorkingPhoto', 'image/jpg', '1461224645', '1461224645');
INSERT INTO `media` VALUES ('4476839445572', '1', '2', '4476822356594', '3f44e5f0', 'text', 'afterWorkingPhoto', 'image/jpg', '1461224678', '1461224678');
INSERT INTO `media` VALUES ('4476842525765', '1', '2', '4476785738346', 'c1756ba8', 'text', 'afterWorkingPhoto', 'image/jpg', '1461225054', '1461225054');
INSERT INTO `media` VALUES ('4476842574918', '1', '2', '4476832957047', '91c82c06', 'text', 'afterWorkingPhoto', 'image/jpg', '1461225060', '1461225060');
INSERT INTO `media` VALUES ('4476842640455', '1', '2', '4476822233713', 'b8f1efeb', 'text', 'afterWorkingPhoto', 'image/jpg', '1461225068', '1461225068');
INSERT INTO `media` VALUES ('4476842689608', '1', '2', '4476832539252', '97b46290', 'text', 'afterWorkingPhoto', 'image/jpg', '1461225074', '1461225074');
INSERT INTO `media` VALUES ('4476844155977', '1', '2', '4476832539252', '97b46290', 'text', 'afterWorkingPhoto', 'image/jpg', '1461225253', '1461225253');
INSERT INTO `media` VALUES ('4476856788042', '1', '3', '4461330366854', '0bb90e0c', 'James', 'xxxx', 'image/jpg', '1461226795', '1461226795');
INSERT INTO `media` VALUES ('4476857246795', '1', '3', '4476857246328', '263d8f10', 'James', 'xxxx', 'image/jpg', '1461226853', '1461226853');
INSERT INTO `media` VALUES ('4476871697484', '1', '2', '4456344977645', '4f1dd41e', 'ddd', '', 'image/jpg', '1461228615', '1461228615');
INSERT INTO `media` VALUES ('4476874802253', '1', '2', '4451358097502', 'd6ee14b5', 'ddd', '', 'image/jpg', '1461228994', '1461228994');
INSERT INTO `media` VALUES ('4476876776526', '1', '2', '4476876776057', 'eb33467c', 'File', '123', '12', '1461229237', '1461229237');
INSERT INTO `media` VALUES ('4476879365199', '1', '2', '4476879364730', '5efa7a12', 'File', '123', '12', '1461229553', '1461229553');
INSERT INTO `media` VALUES ('4477375439952', '1', '3', '4460615737688', '94037c10', 'wd大调o', 'niaho', 'image/jpg', '1461290107', '1461290107');
INSERT INTO `media` VALUES ('4477389874257', '1', '3', '4477389873787', 'fccbce22', 'James', 'xxxx', 'image/jpg', '1461291871', '1461291871');
INSERT INTO `media` VALUES ('4477394781266', '1', '2', '4452058415224', '3da2cad7', 'text', 'beforeWorkingPhoto', 'image/jpg', '1461292468', '1461292468');
INSERT INTO `media` VALUES ('4477394797651', '1', '2', '4452056014966', 'e25d3834', 'text', 'beforeWorkingPhoto', 'image/jpg', '1461292470', '1461292470');
INSERT INTO `media` VALUES ('4477394912340', '1', '2', '1604110390283', 'cba8abf6', 'text', 'beforeWorkingPhoto', 'image/jpg', '1461292484', '1461292484');
INSERT INTO `media` VALUES ('4477394936917', '1', '2', '4476659966551', '0552d81a', 'text', 'beforeWorkingPhoto', 'image/jpg', '1461292487', '1461292487');
INSERT INTO `media` VALUES ('4477395264598', '1', '2', '4476151407184', '6829195e', 'text', 'beforeWorkingPhoto', 'image/jpg', '1461292527', '1461292527');
INSERT INTO `media` VALUES ('4477397025879', '1', '2', '4476668355163', '7d7a2890', 'text', 'beforeWorkingPhoto', 'image/jpg', '1461292742', '1461292742');
INSERT INTO `media` VALUES ('4477397869656', '1', '2', '4476669493853', '7e7eeae1', 'text', 'afterWorkingPhoto', 'image/jpg', '1461292845', '1461292845');
INSERT INTO `media` VALUES ('4477397894233', '1', '2', '4476676973153', 'e50af82e', 'text', 'afterWorkingPhoto', 'image/jpg', '1461292848', '1461292848');
INSERT INTO `media` VALUES ('4477398041690', '1', '2', '4476659671637', '5ee27264', 'text', 'afterWorkingPhoto', 'image/jpg', '1461292866', '1461292866');
INSERT INTO `media` VALUES ('4477399368795', '1', '2', '4476668355163', '7d7a2890', 'text', 'afterWorkingPhoto', 'image/jpg', '1461293028', '1461293028');
INSERT INTO `media` VALUES ('4477399704668', '1', '2', '4476657680979', '68d7111c', 'text', 'afterWorkingPhoto', 'image/jpg', '1461293069', '1461293069');
INSERT INTO `media` VALUES ('4477402317917', '1', '2', '4476659966551', '0552d81a', 'text', 'afterWorkingPhoto', 'image/jpg', '1461293388', '1461293388');
INSERT INTO `media` VALUES ('4477408830558', '1', '2', '4477408830076', '4a6768d5', 'text', 'afterWorkingPhoto', 'image/jpg', '1461294185', '1461294185');
INSERT INTO `media` VALUES ('4477408871519', '1', '2', '1604110390283', 'cba8abf6', 'text', 'afterWorkingPhoto', 'image/jpg', '1461294188', '1461294188');
INSERT INTO `media` VALUES ('4477408887904', '1', '2', '4452056014966', 'e25d3834', 'text', 'afterWorkingPhoto', 'image/jpg', '1461294190', '1461294190');
INSERT INTO `media` VALUES ('4477408920673', '1', '2', '4452058415224', '3da2cad7', 'text', 'afterWorkingPhoto', 'image/jpg', '1461294194', '1461294194');
INSERT INTO `media` VALUES ('4477409051746', '1', '2', '4476151407184', '6829195e', 'text', 'afterWorkingPhoto', 'image/jpg', '1461294210', '1461294210');
INSERT INTO `media` VALUES ('4477409109091', '1', '2', '4477409108605', 'fc66a61f', 'text', 'afterWorkingPhoto', 'image/jpg', '1461294219', '1461294219');
INSERT INTO `media` VALUES ('4477409469540', '1', '2', '4477409469054', 'ad51e54d', 'text', 'afterWorkingPhoto', 'image/jpg', '1461294263', '1461294263');
INSERT INTO `media` VALUES ('4477410526309', '1', '2', '4476659966551', '0552d81a', 'text', 'afterWorkingPhoto', 'image/jpg', '1461294390', '1461294390');
INSERT INTO `media` VALUES ('4477418734694', '1', '3', '4477418734207', '8671ee18', 'MessageImage', 'test', 'image/jpg', '1461295394', '1461295394');
INSERT INTO `media` VALUES ('4477419193447', '1', '3', '1604110390283', 'cba8abf6', 'MessageImage', 'test', 'image/jpg', '1461295448', '1461295448');
INSERT INTO `media` VALUES ('4477420364904', '1', '3', '1604110390283', 'cba8abf6', 'MessageImage', 'test', 'image/jpg', '1461295591', '1461295591');
INSERT INTO `media` VALUES ('4477420414057', '1', '3', '1604110390283', 'cba8abf6', 'MessageImage', 'test', 'image/jpg', '1461295597', '1461295597');
INSERT INTO `media` VALUES ('4477420528746', '1', '3', '4477418734207', '8671ee18', 'MessageImage', 'test', 'image/jpg', '1461295611', '1461295611');
INSERT INTO `media` VALUES ('4477420627051', '1', '3', '4477418734207', '8671ee18', 'MessageImage', 'test', 'image/jpg', '1461295623', '1461295623');
INSERT INTO `media` VALUES ('4477435831404', '1', '2', '4451358097502', 'd6ee14b5', 'wo', 'niaho', 'image/jpg', '1461297479', '1461297479');
INSERT INTO `media` VALUES ('4477436970093', '1', '2', '4451358097502', 'd6ee14b5', 'wo', 'niaho', 'image/jpg', '1461297618', '1461297618');
INSERT INTO `media` VALUES ('4477437011054', '1', '2', '4451358097502', 'd6ee14b5', 'wo', 'niaho', 'image/jpg', '1461297623', '1461297623');
INSERT INTO `media` VALUES ('4477437338735', '1', '2', '4451358097502', 'd6ee14b5', 'wo', 'niaho', 'image/jpg', '1461297663', '1461297663');
INSERT INTO `media` VALUES ('4477437551728', '1', '2', '4451358097502', 'd6ee14b5', 'wo', 'niaho', 'image/jpg', '1461297689', '1461297689');
INSERT INTO `media` VALUES ('4477438690417', '1', '2', '4451358097502', 'd6ee14b5', 'wo', 'niaho', 'image/jpg', '1461297828', '1461297828');
INSERT INTO `media` VALUES ('4477438723186', '1', '2', '4451358097502', 'd6ee14b5', 'wo', 'niaho', 'image/jpg', '1461297832', '1461297832');
INSERT INTO `media` VALUES ('4477438739571', '1', '2', '4451358097502', 'd6ee14b5', 'wo', 'niaho', 'image/jpg', '1461297834', '1461297834');
INSERT INTO `media` VALUES ('4477562651764', '1', '2', '4477562651264', 'ec1fbeb3', 'File', '123', '12', '1461312962', '1461312962');
INSERT INTO `media` VALUES ('4477606233205', '1', '2', '4477606232705', 'affc886b', 'File', '123', '12', '1461318282', '1461318282');
INSERT INTO `media` VALUES ('4477606298742', '1', '2', '4477606298242', '0de01c8a', 'File', '123', '12', '1461318289', '1461318289');
INSERT INTO `media` VALUES ('4477606618231', '1', '2', '4477606232705', 'affc886b', 'File', '123', '12', '1461318327', '1461318327');
INSERT INTO `media` VALUES ('4479508718712', '1', '1', '4451358097502', 'd6ee14b5', 'wo', 'niaho', 'image/jpg', '1461550517', '1461550517');
INSERT INTO `media` VALUES ('4479510561913', '1', '1', '4451358097502', 'd6ee14b5', 'wo', 'niaho', 'image/jpg', '1461550742', '1461550742');
INSERT INTO `media` VALUES ('4479511594106', '1', '1', '4451358097502', 'd6ee14b5', 'wo', 'niaho', 'image/jpg', '1461550868', '1461550868');
INSERT INTO `media` VALUES ('4479511889019', '1', '1', '4451358097502', 'd6ee14b5', 'wo', 'niaho', 'image/jpg', '1461550904', '1461550904');
INSERT INTO `media` VALUES ('4479512757372', '1', '1', '4451358097502', 'd6ee14b5', 'wo', 'niaho', 'image/jpg', '1461551010', '1461551010');
INSERT INTO `media` VALUES ('4479512913021', '1', '1', '4451358097502', 'd6ee14b5', 'wo', 'niaho', 'image/jpg', '1461551029', '1461551029');
INSERT INTO `media` VALUES ('4479524250750', '1', '2', '4451358097502', 'd6ee14b5', 'wo', 'niaho', 'image/jpg', '1461552413', '1461552413');
INSERT INTO `media` VALUES ('4479527011455', '1', '2', '4451358097502', 'd6ee14b5', 'wo', 'niaho', 'image/jpg', '1461552750', '1461552750');
INSERT INTO `media` VALUES ('4479527617664', '1', '2', '4451358097502', 'd6ee14b5', 'wo', 'niaho', 'image/jpg', '1461552824', '1461552824');
INSERT INTO `media` VALUES ('4479528117377', '1', '2', '4451358097502', 'd6ee14b5', 'wo', 'niaho', 'image/jpg', '1461552885', '1461552885');
INSERT INTO `media` VALUES ('4479528354946', '1', '2', '4451358097502', 'd6ee14b5', 'wo', 'niaho', 'image/jpg', '1461552914', '1461552914');
INSERT INTO `media` VALUES ('4479528846467', '1', '2', '4451358097502', 'd6ee14b5', 'wo', 'niaho', 'image/jpg', '1461552974', '1461552974');
INSERT INTO `media` VALUES ('4479529239684', '1', '2', '4451358097502', 'd6ee14b5', 'wo', 'niaho', 'image/jpg', '1461553022', '1461553022');
INSERT INTO `media` VALUES ('4479529534597', '1', '2', '4451358097502', 'd6ee14b5', 'wo', 'niaho', 'image/jpg', '1461553058', '1461553058');
INSERT INTO `media` VALUES ('4479529731206', '1', '2', '4451358097502', 'd6ee14b5', 'wo', 'niaho', 'image/jpg', '1461553082', '1461553082');
INSERT INTO `media` VALUES ('4479530108039', '1', '2', '4451358097502', 'd6ee14b5', 'wo', 'niaho', 'image/jpg', '1461553128', '1461553128');
INSERT INTO `media` VALUES ('4479530312840', '1', '2', '4451358097502', 'd6ee14b5', 'wo', 'niaho', 'image/jpg', '1461553153', '1461553153');
INSERT INTO `media` VALUES ('4479537554569', '1', '2', '4479537554051', '868eb688', 'text', 'beforeWorkingPhoto', 'image/jpg', '1461554038', '1461554038');
INSERT INTO `media` VALUES ('4479538209930', '1', '2', '4479538209412', 'c68fbd93', 'text', 'beforeWorkingPhoto', 'image/jpg', '1461554118', '1461554118');
INSERT INTO `media` VALUES ('4479538308235', '1', '2', '4479538307717', '3a3fb998', 'text', 'beforeWorkingPhoto', 'image/jpg', '1461554131', '1461554131');
INSERT INTO `media` VALUES ('4479538406540', '1', '2', '4479538406022', '4e2e9707', 'text', 'beforeWorkingPhoto', 'image/jpg', '1461554143', '1461554143');
INSERT INTO `media` VALUES ('4479538488461', '1', '2', '4479538487943', '37c71fff', 'text', 'beforeWorkingPhoto', 'image/jpg', '1461554152', '1461554152');
INSERT INTO `media` VALUES ('4479538619534', '1', '2', '4479538619016', '450a8f89', 'text', 'beforeWorkingPhoto', 'image/jpg', '1461554169', '1461554169');
INSERT INTO `media` VALUES ('4479542183055', '1', '2', '4479538307717', '3a3fb998', 'text', 'beforeWorkingPhoto', 'image/jpg', '1461554602', '1461554602');
INSERT INTO `media` VALUES ('4479542248592', '1', '2', '4479542248073', '056642d1', 'text', 'beforeWorkingPhoto', 'image/jpg', '1461554612', '1461554612');
INSERT INTO `media` VALUES ('4479542314129', '1', '2', '4479542313610', 'fc6535a9', 'text', 'beforeWorkingPhoto', 'image/jpg', '1461554619', '1461554619');
INSERT INTO `media` VALUES ('4479542584466', '1', '2', '4479542583947', '19ca2aa8', 'text', 'beforeWorkingPhoto', 'image/jpg', '1461554653', '1461554653');
INSERT INTO `media` VALUES ('4479544550547', '1', '2', '4479544550028', '767e2d10', 'text', 'afterWorkingPhoto', 'image/jpg', '1461554893', '1461554893');
INSERT INTO `media` VALUES ('4479544575124', '1', '2', '4479544574605', 'c3f812eb', 'text', 'afterWorkingPhoto', 'image/jpg', '1461554896', '1461554896');
INSERT INTO `media` VALUES ('4479544591509', '1', '2', '4479538406022', '4e2e9707', 'text', 'afterWorkingPhoto', 'image/jpg', '1461554896', '1461554896');
INSERT INTO `media` VALUES ('4479544607894', '1', '2', '4479544607374', 'e84e78ac', 'text', 'afterWorkingPhoto', 'image/jpg', '1461554900', '1461554900');
INSERT INTO `media` VALUES ('4479545517207', '1', '2', '4451358097502', 'd6ee14b5', 'wo', 'niaho', 'image/jpg', '1461555009', '1461555009');
INSERT INTO `media` VALUES ('4479545664664', '1', '2', '4451358097502', 'd6ee14b5', 'wo', 'niaho', 'image/jpg', '1461555027', '1461555027');
INSERT INTO `media` VALUES ('4479546623129', '1', '2', '4479538487943', '37c71fff', 'text', 'afterWorkingPhoto', 'image/jpg', '1461555144', '1461555144');
INSERT INTO `media` VALUES ('4479547262106', '1', '2', '4451358097502', 'd6ee14b5', 'wo', 'niaho', 'image/jpg', '1461555222', '1461555222');
INSERT INTO `media` VALUES ('4479547688091', '1', '2', '4451358097502', 'd6ee14b5', 'wo', 'niaho', 'image/jpg', '1461555274', '1461555274');
INSERT INTO `media` VALUES ('4479548228764', '1', '2', '4451358097502', 'd6ee14b5', 'wo', 'niaho', 'image/jpg', '1461555340', '1461555340');
INSERT INTO `media` VALUES ('4479548613789', '1', '2', '4451358097502', 'd6ee14b5', 'wo', 'niaho', 'image/jpg', '1461555387', '1461555387');
INSERT INTO `media` VALUES ('4479549039774', '1', '2', '4451358097502', 'd6ee14b5', 'wo', 'niaho', 'image/jpg', '1461555439', '1461555439');
INSERT INTO `media` VALUES ('4479550260383', '1', '2', '4451358097502', 'd6ee14b5', 'wo', 'niaho', 'image/jpg', '1461555588', '1461555588');
INSERT INTO `media` VALUES ('4479550530720', '1', '2', '4479544607374', 'e84e78ac', 'text', 'afterWorkingPhoto', 'image/jpg', '1461555621', '1461555621');
INSERT INTO `media` VALUES ('4479552210081', '1', '2', '4451358097502', 'd6ee14b5', 'wo', 'niaho', 'image/jpg', '1461555826', '1461555826');
INSERT INTO `media` VALUES ('4479590663330', '1', '2', '4451358097502', 'd6ee14b5', 'wo', 'niaho', 'image/jpg', '1461560520', '1461560520');
INSERT INTO `media` VALUES ('4479591236771', '1', '3', '4451358097502', 'd6ee14b5', 'wo', 'niaho', 'image/jpg', '1461560590', '1461560590');
INSERT INTO `media` VALUES ('4479624381604', '1', '3', '4451358097502', 'd6ee14b5', 'dd', 'ddd', 'image/jpg', '1461564636', '1461564636');
INSERT INTO `media` VALUES ('4479628723365', '1', '2', '4479628722831', 'abcc4544', 'File', '123', '12', '1461565167', '1461565167');
INSERT INTO `media` VALUES ('4479653463206', '1', '3', '4451358097502', 'd6ee14b5', 'dd', 'ddd', 'image/jpg', '1461568186', '1461568186');
INSERT INTO `media` VALUES ('4479668356263', '1', '2', '4451358097502', 'd6ee14b5', 'dd', 'ddd', 'image/jpg', '1461570004', '1461570004');
INSERT INTO `media` VALUES ('4479669322920', '1', '1', '4451358097502', 'd6ee14b5', 'dd', 'ddd', 'image/jpg', '1461570122', '1461570122');
INSERT INTO `media` VALUES ('4479669339305', '1', '1', '4451358097502', 'd6ee14b5', 'dd', 'ddd', 'image/jpg', '1461570124', '1461570124');
INSERT INTO `media` VALUES ('4479669896362', '1', '3', '4451358097502', 'd6ee14b5', 'dd', 'ddd', 'image/jpg', '1461570192', '1461570192');
INSERT INTO `media` VALUES ('4479674090667', '1', '2', '4479674090128', '4466304f', 'text', 'beforeWorkingPhoto', 'image/jpg', '1461570706', '1461570706');
INSERT INTO `media` VALUES ('4479674467500', '1', '2', '4479674466961', '0e32f40d', 'text', 'beforeWorkingPhoto', 'image/jpg', '1461570751', '1461570751');
INSERT INTO `media` VALUES ('4479675172013', '1', '2', '4479538619016', '450a8f89', 'text', 'afterWorkingPhoto', 'image/jpg', '1461570836', '1461570836');
INSERT INTO `media` VALUES ('4479684576430', '1', '3', '4451358097502', 'd6ee14b5', 'dd', 'ddd', 'image/jpg', '1461571984', '1461571984');
INSERT INTO `media` VALUES ('4479708718255', '1', '3', '4451358097502', 'd6ee14b5', 'dd', 'ddd', 'image/jpg', '1461574931', '1461574931');
INSERT INTO `media` VALUES ('4479717106864', '1', '2', '4479717106322', '55907866', 'File', '123', '12', '1461575958', '1461575958');
INSERT INTO `media` VALUES ('4480191358129', '1', '1', '4451358097502', 'd6ee14b5', 'wo', 'niaho', 'image/jpg', '1461633847', '1461633847');
INSERT INTO `media` VALUES ('4480200287410', '1', '3', '4451358097502', 'd6ee14b5', 'wo', 'niaho', 'image/jpg', '1461634937', '1461634937');
INSERT INTO `media` VALUES ('4480201999539', '1', '3', '4480201998995', '70c74d94', 'James', 'xxxx', 'image/jpg', '1461635147', '1461635147');
INSERT INTO `media` VALUES ('4480202032308', '1', '3', '4471701889582', '61192090', 'James', 'xxxx', 'image/jpg', '1461635150', '1461635150');
INSERT INTO `media` VALUES ('4480208946357', '1', '1', '4451358097502', 'd6ee14b5', 'wo', 'niaho', 'image/jpg', '1461635994', '1461635994');
INSERT INTO `media` VALUES ('4480212116662', '1', '1', '4451358097502', 'd6ee14b5', 'wo', 'niaho', 'image/jpg', '1461636381', '1461636381');
INSERT INTO `media` VALUES ('4480212542647', '1', '1', '4451358097502', 'd6ee14b5', 'wo', 'niaho', 'image/jpg', '1461636433', '1461636433');
INSERT INTO `media` VALUES ('4480215319736', '1', '1', '4451358097502', 'd6ee14b5', 'wo', 'niaho', 'image/jpg', '1461636772', '1461636772');
INSERT INTO `media` VALUES ('4480218555577', '1', '1', '4451358097502', 'd6ee14b5', 'wo', 'niaho', 'image/jpg', '1461637167', '1461637167');
INSERT INTO `media` VALUES ('4480221701306', '1', '1', '4451358097502', 'd6ee14b5', 'wo', 'niaho', 'image/jpg', '1461637551', '1461637551');
INSERT INTO `media` VALUES ('4480222020795', '1', '1', '4451358097502', 'd6ee14b5', 'wo', 'niaho', 'image/jpg', '1461637590', '1461637590');
INSERT INTO `media` VALUES ('4480224240828', '1', '1', '4451358097502', 'd6ee14b5', 'wo', 'niaho', 'image/jpg', '1461637861', '1461637861');
INSERT INTO `media` VALUES ('4480224666813', '1', '1', '4451358097502', 'd6ee14b5', 'wo', 'niaho', 'image/jpg', '1461637913', '1461637913');
INSERT INTO `media` VALUES ('4480225625278', '1', '1', '4451358097502', 'd6ee14b5', 'wo', 'niaho', 'image/jpg', '1461638030', '1461638030');
INSERT INTO `media` VALUES ('4480226370751', '1', '1', '4451358097502', 'd6ee14b5', 'wo', 'niaho', 'image/jpg', '1461638121', '1461638121');
INSERT INTO `media` VALUES ('4480227067072', '1', '1', '4451358097502', 'd6ee14b5', 'wo', 'niaho', 'image/jpg', '1461638206', '1461638206');
INSERT INTO `media` VALUES ('4480227099841', '1', '1', '4451358097502', 'd6ee14b5', 'wo', 'niaho', 'image/jpg', '1461638210', '1461638210');
INSERT INTO `media` VALUES ('4480230450370', '1', '1', '4451358097502', 'd6ee14b5', 'wo', 'niaho', 'image/jpg', '1461638619', '1461638619');
INSERT INTO `media` VALUES ('4480231425219', '1', '1', '4451358097502', 'd6ee14b5', 'wo', 'niaho', 'image/jpg', '1461638738', '1461638738');
INSERT INTO `media` VALUES ('4480232170692', '1', '1', '4451358097502', 'd6ee14b5', 'wo', 'niaho', 'image/jpg', '1461638829', '1461638829');
INSERT INTO `media` VALUES ('4480232375493', '1', '1', '4451358097502', 'd6ee14b5', 'wo', 'niaho', 'image/jpg', '1461638854', '1461638854');
INSERT INTO `media` VALUES ('4480233522374', '1', '1', '4451358097502', 'd6ee14b5', 'wo', 'niaho', 'image/jpg', '1461638994', '1461638994');
INSERT INTO `media` VALUES ('4480233645255', '1', '1', '4451358097502', 'd6ee14b5', 'wo', 'niaho', 'image/jpg', '1461639009', '1461639009');
INSERT INTO `media` VALUES ('4480233825480', '1', '1', '4451358097502', 'd6ee14b5', 'wo', 'niaho', 'image/jpg', '1461639031', '1461639031');
INSERT INTO `media` VALUES ('4480234235081', '1', '1', '4451358097502', 'd6ee14b5', 'wo', 'niaho', 'image/jpg', '1461639081', '1461639081');
INSERT INTO `media` VALUES ('4480234611914', '1', '1', '4451358097502', 'd6ee14b5', 'wo', 'niaho', 'image/jpg', '1461639127', '1461639127');
INSERT INTO `media` VALUES ('4480234874059', '1', '1', '4451358097502', 'd6ee14b5', 'wo', 'niaho', 'image/jpg', '1461639159', '1461639159');
INSERT INTO `media` VALUES ('4480259654860', '1', '2', '4451358097502', 'd6ee14b5', 'wo', 'niaho', 'image/jpg', '1461642184', '1461642184');
INSERT INTO `media` VALUES ('4480259826893', '1', '2', '4451358097502', 'd6ee14b5', 'wo', 'niaho', 'image/jpg', '1461642206', '1461642206');
INSERT INTO `media` VALUES ('4480260908238', '1', '2', '4451358097502', 'd6ee14b5', 'wo', 'niaho', 'image/jpg', '1461642337', '1461642337');
INSERT INTO `media` VALUES ('4480263750863', '1', '2', '4451358097502', 'd6ee14b5', 'wo', 'niaho', 'image/jpg', '1461642684', '1461642684');
INSERT INTO `media` VALUES ('4480265503952', '1', '1', '4451358097502', 'd6ee14b5', 'wo', 'niaho', 'image/jpg', '1461642898', '1461642898');
INSERT INTO `media` VALUES ('4480315999441', '1', '3', '4451358097502', 'd6ee14b5', 'wo', 'niaho', 'image/jpg', '1461649062', '1461649062');
INSERT INTO `media` VALUES ('4480321930450', '1', '1', '4451358097502', 'd6ee14b5', 'wo', 'niaho', 'image/jpg', '1461649786', '1461649786');
INSERT INTO `media` VALUES ('4480323003603', '1', '3', '4451358097502', 'd6ee14b5', 'wo', 'niaho', 'image/jpg', '1461649917', '1461649917');
INSERT INTO `media` VALUES ('4480323069140', '1', '3', '4451358097502', 'd6ee14b5', 'wo', 'niaho', 'image/jpg', '1461649925', '1461649925');
INSERT INTO `media` VALUES ('4480323691733', '1', '1', '4480323691156', 'c658ce99', 'text', 'headImage', 'image/jpg', '1461650003', '1461650003');
INSERT INTO `media` VALUES ('4480331089110', '1', '3', '4451358097502', 'd6ee14b5', 'wo', 'niaho', 'image/jpg', '1461650904', '1461650904');
INSERT INTO `media` VALUES ('4480333350103', '1', '1', '4452056014966', 'e25d3834', 'text', 'headImage', 'image/jpg', '1461651180', '1461651180');
INSERT INTO `media` VALUES ('4480339395800', '1', '3', '4451358097502', 'd6ee14b5', 'wo', 'niaho', 'image/jpg', '1461651918', '1461651918');
INSERT INTO `media` VALUES ('4480339436761', '1', '1', '4451358097502', 'd6ee14b5', 'wo', 'niaho', 'image/jpg', '1461651923', '1461651923');
INSERT INTO `media` VALUES ('4480340042970', '1', '2', '4451358097502', 'd6ee14b5', 'wo', 'niaho', 'image/jpg', '1461651997', '1461651997');
INSERT INTO `media` VALUES ('4480340239579', '1', '1', '4476784345703', 'a2a9b829', 'text', 'headImage', 'image/jpg', '1461652021', '1461652021');
INSERT INTO `media` VALUES ('4480341607644', '1', '1', '4452056014966', 'e25d3834', 'text', 'headImage', 'image/jpg', '1461652188', '1461652188');
INSERT INTO `media` VALUES ('4480343229661', '1', '1', '4476659966551', '0552d81a', 'text', 'headImage', 'image/jpg', '1461652386', '1461652386');
INSERT INTO `media` VALUES ('4480346997982', '1', '1', '4452056014966', 'e25d3834', 'text', 'headImage', 'image/jpg', '1461652846', '1461652846');
INSERT INTO `media` VALUES ('4480351569119', '1', '1', '4480351568533', '0b58db65', 'text', 'headImage', 'image/jpg', '1461653406', '1461653406');
INSERT INTO `media` VALUES ('4480356787424', '1', '1', '4471701889582', '61192090', 'text', 'headImage', 'image/jpg', '1461654041', '1461654041');
INSERT INTO `media` VALUES ('4480360850657', '1', '2', '4451358097502', 'd6ee14b5', 'wo', 'niaho', 'image/jpg', '1461654537', '1461654537');
INSERT INTO `media` VALUES ('4480360989922', '1', '2', '4480351568533', '0b58db65', 'text', 'beforeWorkingPhoto', 'image/jpg', '1461654554', '1461654554');
INSERT INTO `media` VALUES ('4480361243875', '1', '2', '4471920304702', '5671cd20', 'text', 'beforeWorkingPhoto', 'image/jpg', '1461654585', '1461654585');
INSERT INTO `media` VALUES ('4480361465060', '1', '2', '4471909540409', '4e2518a8', 'text', 'beforeWorkingPhoto', 'image/jpg', '1461654612', '1461654612');
INSERT INTO `media` VALUES ('4480361522405', '1', '2', '4480351568533', '0b58db65', 'text', 'beforeWorkingPhoto', 'image/jpg', '1461654619', '1461654619');
INSERT INTO `media` VALUES ('4480362136806', '1', '2', '4471909524024', '6adc7451', 'text', 'beforeWorkingPhoto', 'image/jpg', '1461654694', '1461654694');
INSERT INTO `media` VALUES ('4480362194151', '1', '1', '4480362193558', '14a19634', 'James', 'xxxx', 'image/jpg', '1461654702', '1461654702');
INSERT INTO `media` VALUES ('4480363283688', '1', '2', '4471920304702', '5671cd20', 'text', 'beforeWorkingPhoto', 'image/jpg', '1461654834', '1461654834');
INSERT INTO `media` VALUES ('4480363578601', '1', '2', '4471920386624', '78ce94e3', 'text', 'afterWorkingPhoto', 'image/jpg', '1461654870', '1461654870');
INSERT INTO `media` VALUES ('4480363693290', '1', '2', '4471920304702', '5671cd20', 'text', 'afterWorkingPhoto', 'image/jpg', '1461654884', '1461654884');
INSERT INTO `media` VALUES ('4480363717867', '1', '2', '4480351568533', '0b58db65', 'text', 'afterWorkingPhoto', 'image/jpg', '1461654887', '1461654887');
INSERT INTO `media` VALUES ('4480363726060', '1', '2', '4471920255548', '03f00b96', 'text', 'afterWorkingPhoto', 'image/jpg', '1461654888', '1461654888');
INSERT INTO `media` VALUES ('4480364070125', '1', '2', '4471920386623', 'ba786ebb', 'text', 'afterWorkingPhoto', 'image/jpg', '1461654930', '1461654930');
INSERT INTO `media` VALUES ('4480364193006', '1', '2', '4471909540409', '4e2518a8', 'text', 'afterWorkingPhoto', 'image/jpg', '1461654945', '1461654945');
INSERT INTO `media` VALUES ('4480364201199', '1', '2', '4471909524024', '6adc7451', 'text', 'afterWorkingPhoto', 'image/jpg', '1461654946', '1461654946');
INSERT INTO `media` VALUES ('4480364201200', '1', '2', '4471920255548', '03f00b96', 'text', 'afterWorkingPhoto', 'image/jpg', '1461654946', '1461654946');
INSERT INTO `media` VALUES ('4480388703473', '1', '2', '4480388702871', '5fecde8d', 'File', '123', '12', '1461657939', '1461657939');
INSERT INTO `media` VALUES ('4480389022962', '1', '2', '4480389022360', '3f01c4e8', 'File', '123', '12', '1461657977', '1461657977');
INSERT INTO `media` VALUES ('4480425026803', '1', '1', '4451358097502', 'd6ee14b5', 'wo', 'niaho', 'image/jpg', '1461662371', '1461662371');
INSERT INTO `media` VALUES ('4480426599668', '1', '1', '4451358097502', 'd6ee14b5', 'wo', 'niaho', 'image/jpg', '1461662563', '1461662563');
INSERT INTO `media` VALUES ('4480901096693', '1', '2', '4480901096089', '9b37c6d7', 'File', '123', '12', '1461720487', '1461720487');
INSERT INTO `media` VALUES ('4480901842166', '1', '2', '4480901841562', 'b6b29f87', 'File', '123', '12', '1461720578', '1461720578');
INSERT INTO `media` VALUES ('4480909665527', '1', '2', '4480909664923', 'ec526f52', 'File', '123', '12', '1461721533', '1461721533');
INSERT INTO `media` VALUES ('4480909747448', '1', '2', '4480909746844', '58e69eef', 'File', '123', '12', '1461721543', '1461721543');
INSERT INTO `media` VALUES ('4480923354361', '1', '2', '4480923353757', '6c895844', 'File', '123', '12', '1461723203', '1461723203');
INSERT INTO `media` VALUES ('4480956204282', '1', '2', '4480956203678', '0c6f5b64', 'File', '123', '12', '1461727214', '1461727214');
INSERT INTO `media` VALUES ('4480956343547', '1', '2', '4480956342943', '5adbdc19', 'File', '123', '12', '1461727230', '1461727230');
INSERT INTO `media` VALUES ('4480957498620', '1', '3', '4480957498016', 'ce16408f', 'James', 'xxxx', 'image/jpg', '1461727371', '1461727371');
INSERT INTO `media` VALUES ('4481030325501', '1', '2', '4481030324897', '58ede3b7', 'File', '123', '12', '1461736262', '1461736262');
INSERT INTO `media` VALUES ('4481034249470', '1', '3', '4481034248866', 'e4547b8a', 'James', 'xxxx', 'image/jpg', '1461736740', '1461736740');
INSERT INTO `media` VALUES ('4481035740415', '1', '2', '4451358097502', 'd6ee14b5', 'wo', 'niaho', 'image/jpg', '1461736921', '1461736921');
INSERT INTO `media` VALUES ('4481040303360', '1', '2', '4476676973153', 'e50af82e', 'text', 'beforeWorkingPhoto', 'image/jpg', '1461737478', '1461737478');
INSERT INTO `media` VALUES ('4481040499969', '1', '2', '4476676858464', '8299c5ef', 'text', 'beforeWorkingPhoto', 'image/jpg', '1461737502', '1461737502');
INSERT INTO `media` VALUES ('4481040524546', '1', '2', '4476659966551', '0552d81a', 'text', 'beforeWorkingPhoto', 'image/jpg', '1461737505', '1461737505');
INSERT INTO `media` VALUES ('4481040860419', '1', '2', '4476668355163', '7d7a2890', 'text', 'beforeWorkingPhoto', 'image/jpg', '1461737546', '1461737546');
INSERT INTO `media` VALUES ('4481040925956', '1', '2', '4481040925347', 'afcf6d94', 'text', 'beforeWorkingPhoto', 'image/jpg', '1461737556', '1461737556');
INSERT INTO `media` VALUES ('4481041171717', '1', '2', '4476669493853', '7e7eeae1', 'text', 'beforeWorkingPhoto', 'image/jpg', '1461737584', '1461737584');
INSERT INTO `media` VALUES ('4481041335558', '1', '2', '4476659671637', '5ee27264', 'text', 'beforeWorkingPhoto', 'image/jpg', '1461737604', '1461737604');
INSERT INTO `media` VALUES ('4481041999111', '1', '2', '4477418734207', '8671ee18', 'text', 'beforeWorkingPhoto', 'image/jpg', '1461737685', '1461737685');
INSERT INTO `media` VALUES ('4481042162952', '1', '2', '4481042162340', 'fd3034ee', 'text', 'beforeWorkingPhoto', 'image/jpg', '1461737707', '1461737707');
INSERT INTO `media` VALUES ('4481050199305', '1', '2', '4452056014966', 'e25d3834', 'text', 'beforeWorkingPhoto', 'image/jpg', '1461738686', '1461738686');
INSERT INTO `media` VALUES ('4481050338570', '1', '2', '4452058415224', '3da2cad7', 'text', 'beforeWorkingPhoto', 'image/jpg', '1461738703', '1461738703');
INSERT INTO `media` VALUES ('4481050412299', '1', '2', '4481042162340', 'fd3034ee', 'text', 'beforeWorkingPhoto', 'image/jpg', '1461738712', '1461738712');
INSERT INTO `media` VALUES ('4481050535180', '1', '2', '4477418734207', '8671ee18', 'text', 'beforeWorkingPhoto', 'image/jpg', '1461738727', '1461738727');
INSERT INTO `media` VALUES ('4481050879245', '1', '2', '4452056014966', 'e25d3834', 'text', 'beforeWorkingPhoto', 'image/jpg', '1461738770', '1461738770');
INSERT INTO `media` VALUES ('4481052460302', '1', '2', '4452058415224', '3da2cad7', 'text', 'afterWorkingPhoto', 'image/jpg', '1461738962', '1461738962');
INSERT INTO `media` VALUES ('4481052615951', '1', '2', '4476676858464', '8299c5ef', 'text', 'afterWorkingPhoto', 'image/jpg', '1461738981', '1461738981');
INSERT INTO `media` VALUES ('4481052665104', '1', '2', '4476669493853', '7e7eeae1', 'text', 'afterWorkingPhoto', 'image/jpg', '1461738987', '1461738987');
INSERT INTO `media` VALUES ('4481052689681', '1', '2', '4477418734207', '8671ee18', 'text', 'afterWorkingPhoto', 'image/jpg', '1461738990', '1461738990');
INSERT INTO `media` VALUES ('4481052771602', '1', '2', '4481042162340', 'fd3034ee', 'text', 'afterWorkingPhoto', 'image/jpg', '1461739000', '1461739000');
INSERT INTO `media` VALUES ('4481058252051', '1', '2', '4477418734207', '8671ee18', 'text', 'afterWorkingPhoto', 'image/jpg', '1461739669', '1461739669');
INSERT INTO `media` VALUES ('4481073087764', '1', '2', '4481073087141', 'f8742f48', 'File', '123', '12', '1461741482', '1461741482');
INSERT INTO `media` VALUES ('4481073227029', '1', '2', '4481073087141', 'f8742f48', 'File', '123', '12', '1461741497', '1461741497');
INSERT INTO `media` VALUES ('4481082483990', '1', '2', '4451358097502', 'd6ee14b5', 'wo', 'niaho', 'image/jpg', '1461742627', '1461742627');
INSERT INTO `media` VALUES ('4481086547223', '1', '2', '4451358097502', 'd6ee14b5', 'wo', 'niaho', 'image/jpg', '1461743123', '1461743123');
INSERT INTO `media` VALUES ('4481086547224', '1', '2', '4451358097502', 'd6ee14b5', 'wo', 'niaho', 'image/jpg', '1461743123', '1461743123');
INSERT INTO `media` VALUES ('4481104512281', '1', '1', '4451358097502', 'd6ee14b5', 'wo', 'niaho', 'image/jpg', '1461745316', '1461745316');
INSERT INTO `media` VALUES ('4481104758042', '1', '3', '4451358097502', 'd6ee14b5', 'wo', 'niaho', 'image/jpg', '1461745346', '1461745346');
INSERT INTO `media` VALUES ('4481105610011', '1', '2', '4451358097502', 'd6ee14b5', 'wo', 'niaho', 'image/jpg', '1461745450', '1461745450');
INSERT INTO `media` VALUES ('4481113507100', '1', '2', '4481113506470', 'f1650935', 'text', 'beforeWorkingPhoto', 'image/jpg', '1461746416', '1461746416');
INSERT INTO `media` VALUES ('4481113539869', '1', '2', '4454718963866', 'fce906ef', 'text', 'beforeWorkingPhoto', 'image/jpg', '1461746418', '1461746418');
INSERT INTO `media` VALUES ('4481113556254', '1', '2', '4455615684803', 'd55c71c3', 'text', 'beforeWorkingPhoto', 'image/jpg', '1461746420', '1461746420');
INSERT INTO `media` VALUES ('4481113744671', '1', '2', '4455614136514', '2af23b62', 'text', 'beforeWorkingPhoto', 'image/jpg', '1461746443', '1461746443');
INSERT INTO `media` VALUES ('4481113908512', '1', '2', '4455614136514', '2af23b62', 'text', 'beforeWorkingPhoto', 'image/jpg', '1461746463', '1461746463');
INSERT INTO `media` VALUES ('4481116013857', '1', '2', '4481113506470', 'f1650935', 'text', 'beforeWorkingPhoto', 'image/jpg', '1461746720', '1461746720');
INSERT INTO `media` VALUES ('4481116382498', '1', '2', '4455614136514', '2af23b62', 'text', 'beforeWorkingPhoto', 'image/jpg', '1461746765', '1461746765');
INSERT INTO `media` VALUES ('4481116521763', '1', '2', '4455615684803', 'd55c71c3', 'text', 'beforeWorkingPhoto', 'image/jpg', '1461746782', '1461746782');
INSERT INTO `media` VALUES ('4481118700836', '1', '2', '4481113506470', 'f1650935', 'text', 'beforeWorkingPhoto', 'image/jpg', '1461747048', '1461747048');
INSERT INTO `media` VALUES ('4481119118629', '1', '2', '4455615684803', 'd55c71c3', 'text', 'beforeWorkingPhoto', 'image/jpg', '1461747100', '1461747100');
INSERT INTO `media` VALUES ('4481119528230', '1', '2', '4454718963866', 'fce906ef', 'text', 'beforeWorkingPhoto', 'image/jpg', '1461747149', '1461747149');
INSERT INTO `media` VALUES ('4481126958375', '1', '2', '4451358097502', 'd6ee14b5', 'wo', 'niaho', 'image/jpg', '1461748056', '1461748056');
INSERT INTO `media` VALUES ('4481127605544', '1', '2', '4451358097502', 'd6ee14b5', 'wo', 'niaho', 'image/jpg', '1461748135', '1461748135');
INSERT INTO `media` VALUES ('4481127679273', '1', '2', '4451358097502', 'd6ee14b5', 'wo', 'niaho', 'image/jpg', '1461748144', '1461748144');
INSERT INTO `media` VALUES ('4481128039722', '1', '2', '4451358097502', 'd6ee14b5', 'wo', 'niaho', 'image/jpg', '1461748188', '1461748188');
INSERT INTO `media` VALUES ('4481128269099', '1', '2', '4481128268455', 'd4f3f109', 'File', '123', '12', '1461748219', '1461748219');
INSERT INTO `media` VALUES ('4481128326444', '1', '2', '4451358097502', 'd6ee14b5', 'wo', 'niaho', 'image/jpg', '1461748223', '1461748223');
INSERT INTO `media` VALUES ('4481128727853', '1', '1', '4451358097502', 'd6ee14b5', 'wo', 'niaho', 'image/jpg', '1461748272', '1461748272');
INSERT INTO `media` VALUES ('4481128867118', '1', '2', '4481128866472', '56812810', 'File', '123', '12', '1461748291', '1461748291');
INSERT INTO `media` VALUES ('4481129112879', '1', '3', '4451358097502', 'd6ee14b5', 'wo', 'niaho', 'image/jpg', '1461748319', '1461748319');
INSERT INTO `media` VALUES ('4481131676976', '1', '2', '4481131676329', 'f80cd7b2', 'File', '123', '12', '1461748634', '1461748634');
INSERT INTO `media` VALUES ('4481132340529', '1', '2', '4480901096089', '9b37c6d7', 'File', '123', '12', '1461748713', '1461748713');
INSERT INTO `media` VALUES ('4481132668210', '1', '2', '4481132667562', 'ac47e342', 'File', '123', '12', '1461748755', '1461748755');
INSERT INTO `media` VALUES ('4481132750131', '1', '2', '4481132749483', '11a91bab', 'File', '123', '12', '1461748765', '1461748765');
INSERT INTO `media` VALUES ('4481132782900', '1', '2', '4481132782252', '0dca4b86', 'File', '123', '12', '1461748769', '1461748769');
INSERT INTO `media` VALUES ('4481133503797', '1', '2', '4481132782252', '0dca4b86', 'File', '123', '12', '1461748855', '1461748855');
INSERT INTO `media` VALUES ('4481133536566', '1', '2', '4481133535917', '7c00b16f', 'File', '123', '12', '1461748861', '1461748861');
INSERT INTO `media` VALUES ('4481133659447', '1', '2', '4481133658798', 'c71163ca', 'File', '123', '12', '1461748875', '1461748875');
INSERT INTO `media` VALUES ('4481137902904', '1', '1', '4451358097502', 'd6ee14b5', 'wo', 'niaho', 'image/jpg', '1461749392', '1461749392');
INSERT INTO `media` VALUES ('4481139000633', '1', '2', '4451358097502', 'd6ee14b5', 'ddd', '', 'image/jpg', '1461749526', '1461749526');
INSERT INTO `media` VALUES ('4481139574074', '1', '1', '4451358097502', 'd6ee14b5', 'ddd', '', 'image/jpg', '1461749596', '1461749596');
INSERT INTO `media` VALUES ('4481142883643', '1', '2', '4479538619016', '450a8f89', 'text', 'beforeWorkingPhoto', 'image/jpg', '1461750000', '1461750000');
INSERT INTO `media` VALUES ('4481142908220', '1', '2', '4479542248073', '056642d1', 'text', 'beforeWorkingPhoto', 'image/jpg', '1461750003', '1461750003');
INSERT INTO `media` VALUES ('4481142973757', '1', '2', '4479537554051', '868eb688', 'text', 'beforeWorkingPhoto', 'image/jpg', '1461750011', '1461750011');
INSERT INTO `media` VALUES ('4481143252286', '1', '2', '4479544607374', 'e84e78ac', 'text', 'beforeWorkingPhoto', 'image/jpg', '1461750045', '1461750045');
INSERT INTO `media` VALUES ('4481144210751', '1', '2', '4479544607374', 'e84e78ac', 'text', 'afterWorkingPhoto', 'image/jpg', '1461750162', '1461750162');
INSERT INTO `media` VALUES ('4481144309056', '1', '2', '4479538307717', '3a3fb998', 'text', 'afterWorkingPhoto', 'image/jpg', '1461750174', '1461750174');
INSERT INTO `media` VALUES ('4481144333633', '1', '2', '4479538487943', '37c71fff', 'text', 'afterWorkingPhoto', 'image/jpg', '1461750177', '1461750177');
INSERT INTO `media` VALUES ('4481144390978', '1', '2', '4479538487943', '37c71fff', 'text', 'afterWorkingPhoto', 'image/jpg', '1461750184', '1461750184');
INSERT INTO `media` VALUES ('4481145013571', '1', '2', '4481073087141', 'f8742f48', 'File', '123', '12', '1461750260', '1461750260');
INSERT INTO `media` VALUES ('4481146144068', '1', '2', '4481146143407', 'a42eb763', 'File', '123', '12', '1461750400', '1461750400');
INSERT INTO `media` VALUES ('4481146307909', '1', '2', '4479538619016', '450a8f89', 'text', 'afterWorkingPhoto', 'image/jpg', '1461750418', '1461750418');
INSERT INTO `media` VALUES ('4481610245446', '1', '2', '4481610244784', 'be8a5c42', 'File', '123', '12', '1461807053', '1461807053');
INSERT INTO `media` VALUES ('4481610523975', '1', '2', '4481610523313', '42f4a06a', 'File', '123', '12', '1461807087', '1461807087');
INSERT INTO `media` VALUES ('4481610777928', '1', '2', '4481610244784', 'be8a5c42', 'File', '123', '12', '1461807116', '1461807116');
INSERT INTO `media` VALUES ('4481612809545', '1', '2', '4481610244784', 'be8a5c42', 'File', '123', '12', '1461807364', '1461807364');
INSERT INTO `media` VALUES ('4481616577866', '1', '2', '4479538307717', '3a3fb998', 'text', 'beforeWorkingPhoto', 'image/jpg', '1461807824', '1461807824');
INSERT INTO `media` VALUES ('4481616643403', '1', '2', '4479538619016', '450a8f89', 'text', 'beforeWorkingPhoto', 'image/jpg', '1461807832', '1461807832');
INSERT INTO `media` VALUES ('4481616971084', '1', '2', '4479538307717', '3a3fb998', 'text', 'beforeWorkingPhoto', 'image/jpg', '1461807872', '1461807872');
INSERT INTO `media` VALUES ('4481616995661', '1', '2', '4479544574605', 'c3f812eb', 'text', 'beforeWorkingPhoto', 'image/jpg', '1461807875', '1461807875');
INSERT INTO `media` VALUES ('4481617274190', '1', '2', '4479538487943', '37c71fff', 'text', 'beforeWorkingPhoto', 'image/jpg', '1461807910', '1461807910');
INSERT INTO `media` VALUES ('4481618052431', '1', '2', '4451358097502', 'd6ee14b5', 'wo', 'niaho', 'image/jpg', '1461808004', '1461808004');
INSERT INTO `media` VALUES ('4481618486608', '1', '2', '4479544550028', '767e2d10', 'text', 'beforeWorkingPhoto', 'image/jpg', '1461808057', '1461808057');
INSERT INTO `media` VALUES ('4481618494801', '1', '2', '4451358097502', 'd6ee14b5', 'wo', 'niaho', 'image/jpg', '1461808058', '1461808058');
INSERT INTO `media` VALUES ('4481618502994', '1', '2', '4479544607374', 'e84e78ac', 'text', 'beforeWorkingPhoto', 'image/jpg', '1461808059', '1461808059');
INSERT INTO `media` VALUES ('4481619109203', '1', '2', '4451358097502', 'd6ee14b5', 'wo', 'niaho', 'image/jpg', '1461808133', '1461808133');
INSERT INTO `media` VALUES ('4481619264852', '1', '2', '4451358097502', 'd6ee14b5', 'wo', 'niaho', 'image/jpg', '1461808152', '1461808152');
INSERT INTO `media` VALUES ('4481619330389', '1', '2', '4451358097502', 'd6ee14b5', 'wo', 'niaho', 'image/jpg', '1461808160', '1461808160');
INSERT INTO `media` VALUES ('4481619354966', '1', '2', '4479538619016', '450a8f89', 'text', 'beforeWorkingPhoto', 'image/jpg', '1461808163', '1461808163');
INSERT INTO `media` VALUES ('4481620067671', '1', '3', '1604110390283', 'cba8abf6', 'MessageImage', 'test', 'image/jpg', '1461808250', '1461808250');
INSERT INTO `media` VALUES ('4481620469080', '1', '2', '4451358097502', 'd6ee14b5', 'wo', 'niaho', 'image/jpg', '1461808299', '1461808299');
INSERT INTO `media` VALUES ('4481620510041', '1', '2', '4451358097502', 'd6ee14b5', 'wo', 'niaho', 'image/jpg', '1461808304', '1461808304');
INSERT INTO `media` VALUES ('4481620567386', '1', '3', '4452058415224', '3da2cad7', 'MessageImage', 'test', 'image/jpg', '1461808311', '1461808311');
INSERT INTO `media` VALUES ('4481620583771', '1', '3', '4452056014966', 'e25d3834', 'MessageImage', 'test', 'image/jpg', '1461808313', '1461808313');
INSERT INTO `media` VALUES ('4481620731228', '1', '2', '4451358097502', 'd6ee14b5', 'wo', 'niaho', 'image/jpg', '1461808331', '1461808331');
INSERT INTO `media` VALUES ('4481620788573', '1', '2', '4451358097502', 'd6ee14b5', 'wo', 'niaho', 'image/jpg', '1461808338', '1461808338');
INSERT INTO `media` VALUES ('4481620845918', '1', '2', '4451358097502', 'd6ee14b5', 'wo', 'niaho', 'image/jpg', '1461808345', '1461808345');
INSERT INTO `media` VALUES ('4481621214559', '1', '2', '4451358097502', 'd6ee14b5', 'wo', 'niaho', 'image/jpg', '1461808390', '1461808390');
INSERT INTO `media` VALUES ('4481622099296', '1', '2', '4451358097502', 'd6ee14b5', 'wo', 'niaho', 'image/jpg', '1461808498', '1461808498');
INSERT INTO `media` VALUES ('4481622295905', '1', '2', '4451358097502', 'd6ee14b5', 'wo', 'niaho', 'image/jpg', '1461808522', '1461808522');
INSERT INTO `media` VALUES ('4481622754658', '1', '1', '4451358097502', 'd6ee14b5', 'wo', 'niaho', 'image/jpg', '1461808578', '1461808578');
INSERT INTO `media` VALUES ('4481623672163', '1', '3', '4451358097502', 'd6ee14b5', 'wo', 'niaho', 'image/jpg', '1461808690', '1461808690');
INSERT INTO `media` VALUES ('4481641588068', '1', '2', '4452056014966', 'e25d3834', 'text', 'beforeWorkingPhoto', 'image/jpg', '1461810877', '1461810877');
INSERT INTO `media` VALUES ('4481641710949', '1', '2', '1604110390283', 'cba8abf6', 'text', 'beforeWorkingPhoto', 'image/jpg', '1461810892', '1461810892');
INSERT INTO `media` VALUES ('4481641727334', '1', '2', '4452058415224', '3da2cad7', 'text', 'beforeWorkingPhoto', 'image/jpg', '1461810894', '1461810894');
INSERT INTO `media` VALUES ('4481641768295', '1', '2', '4452056014966', 'e25d3834', 'text', 'beforeWorkingPhoto', 'image/jpg', '1461810899', '1461810899');
INSERT INTO `media` VALUES ('4481641874792', '1', '2', '4481641874098', '1bdebfa3', 'text', 'beforeWorkingPhoto', 'image/jpg', '1461810914', '1461810914');
INSERT INTO `media` VALUES ('4481641940329', '1', '2', '4481641939635', 'ba973d4b', 'text', 'beforeWorkingPhoto', 'image/jpg', '1461810922', '1461810922');
INSERT INTO `media` VALUES ('4481641989482', '1', '2', '4481641988788', '3c927c14', 'text', 'beforeWorkingPhoto', 'image/jpg', '1461810928', '1461810928');
INSERT INTO `media` VALUES ('4481642063211', '1', '2', '4481642062517', 'b99166ef', 'text', 'beforeWorkingPhoto', 'image/jpg', '1461810937', '1461810937');
INSERT INTO `media` VALUES ('4481642186092', '1', '2', '4481642185398', '203ba6fb', 'text', 'beforeWorkingPhoto', 'image/jpg', '1461810952', '1461810952');
INSERT INTO `media` VALUES ('4481644922221', '1', '2', '4452056014966', 'e25d3834', 'text', 'beforeWorkingPhoto', 'image/jpg', '1461811284', '1461811284');
INSERT INTO `media` VALUES ('4481645159790', '1', '2', '1604110390283', 'cba8abf6', 'text', 'beforeWorkingPhoto', 'image/jpg', '1461811313', '1461811313');
INSERT INTO `media` VALUES ('4481645200751', '1', '2', '4452058415224', '3da2cad7', 'text', 'beforeWorkingPhoto', 'image/jpg', '1461811318', '1461811318');
INSERT INTO `media` VALUES ('4481648461168', '1', '2', '4452058415224', '3da2cad7', 'text', 'beforeWorkingPhoto', 'image/jpg', '1461811716', '1461811716');
INSERT INTO `media` VALUES ('4481648633201', '1', '2', '4452056014966', 'e25d3834', 'text', 'beforeWorkingPhoto', 'image/jpg', '1461811737', '1461811737');
INSERT INTO `media` VALUES ('4481648772466', '1', '2', '1604110390283', 'cba8abf6', 'text', 'beforeWorkingPhoto', 'image/jpg', '1461811754', '1461811754');
INSERT INTO `media` VALUES ('4481649853811', '1', '2', '4452056014966', 'e25d3834', 'text', 'beforeWorkingPhoto', 'image/jpg', '1461811886', '1461811886');
INSERT INTO `media` VALUES ('4481649870196', '1', '2', '4452058415224', '3da2cad7', 'text', 'beforeWorkingPhoto', 'image/jpg', '1461811888', '1461811888');
INSERT INTO `media` VALUES ('4481650312565', '1', '2', '4452058415224', '3da2cad7', 'text', 'beforeWorkingPhoto', 'image/jpg', '1461811942', '1461811942');
INSERT INTO `media` VALUES ('4481650632054', '1', '2', '4452056014966', 'e25d3834', 'text', 'beforeWorkingPhoto', 'image/jpg', '1461811981', '1461811981');
INSERT INTO `media` VALUES ('4481650918775', '1', '2', '4452056014966', 'e25d3834', 'text', 'beforeWorkingPhoto', 'image/jpg', '1461812016', '1461812016');
INSERT INTO `media` VALUES ('4481651107192', '1', '2', '1604110390283', 'cba8abf6', 'text', 'beforeWorkingPhoto', 'image/jpg', '1461812039', '1461812039');
INSERT INTO `media` VALUES ('4481676273017', '1', '3', '4451358097502', 'd6ee14b5', 'wo', 'niaho', 'image/jpg', '1461815111', '1461815111');
INSERT INTO `media` VALUES ('4481676363130', '1', '3', '4451358097502', 'd6ee14b5', 'wo', 'niaho', 'image/jpg', '1461815122', '1461815122');
INSERT INTO `media` VALUES ('4481681261947', '1', '3', '4451358097502', 'd6ee14b5', 'wo', 'niaho', 'image/jpg', '1461815720', '1461815720');
INSERT INTO `media` VALUES ('4481737876860', '1', '1', '4451358097502', 'd6ee14b5', 'wo', 'niaho', 'image/jpg', '1461822631', '1461822631');
INSERT INTO `media` VALUES ('4481738769789', '1', '2', '4451358097502', 'd6ee14b5', 'wo', 'niaho', 'image/jpg', '1461822740', '1461822740');
INSERT INTO `media` VALUES ('4481739138430', '1', '2', '4451358097502', 'd6ee14b5', 'wo', 'niaho', 'image/jpg', '1461822785', '1461822785');
INSERT INTO `media` VALUES ('4481739449727', '1', '2', '4451358097502', 'd6ee14b5', 'wo', 'niaho', 'image/jpg', '1461822823', '1461822823');
INSERT INTO `media` VALUES ('4481774478720', '1', '2', '4455615684803', 'd55c71c3', 'text', 'afterWorkingPhoto', 'image/jpg', '1461827099', '1461827099');
INSERT INTO `media` VALUES ('4481774527873', '1', '2', '4481113506470', 'f1650935', 'text', 'afterWorkingPhoto', 'image/jpg', '1461827105', '1461827105');
INSERT INTO `media` VALUES ('4481777747330', '1', '2', '4451358097502', 'd6ee14b5', 'wo', 'niaho', 'image/jpg', '1461827498', '1461827498');
INSERT INTO `media` VALUES ('4481777862019', '1', '2', '4451358097502', 'd6ee14b5', 'wo', 'niaho', 'image/jpg', '1461827512', '1461827512');
INSERT INTO `media` VALUES ('4481777993092', '1', '2', '4451358097502', 'd6ee14b5', 'wo', 'niaho', 'image/jpg', '1461827528', '1461827528');
INSERT INTO `media` VALUES ('4481779041669', '1', '2', '4481779040951', '8eb57511', 'text', 'beforeWorkingPhoto', 'image/jpg', '1461827658', '1461827658');
INSERT INTO `media` VALUES ('4481779115398', '1', '2', '4481779114680', '2139ccbd', 'text', 'beforeWorkingPhoto', 'image/jpg', '1461827667', '1461827667');
INSERT INTO `media` VALUES ('4481779189127', '1', '2', '4481779188409', '8f0d5e65', 'text', 'beforeWorkingPhoto', 'image/jpg', '1461827676', '1461827676');
INSERT INTO `media` VALUES ('4481779254664', '1', '2', '4481779253946', '953c76ce', 'text', 'beforeWorkingPhoto', 'image/jpg', '1461827684', '1461827684');
INSERT INTO `media` VALUES ('4481779369353', '1', '2', '4481779368635', 'ee4e0c2c', 'text', 'beforeWorkingPhoto', 'image/jpg', '1461827698', '1461827698');
INSERT INTO `media` VALUES ('4481779795338', '1', '2', '4481779794620', '70554c4b', 'text', 'beforeWorkingPhoto', 'image/jpg', '1461827750', '1461827750');
INSERT INTO `media` VALUES ('4481780106635', '1', '1', '4481780105917', 'd6a694b9', 'James', 'xxxx', 'image/jpg', '1461827787', '1461827787');
INSERT INTO `media` VALUES ('4481780475276', '1', '2', '4481780474558', '4c3bbc14', 'text', 'afterWorkingPhoto', 'image/jpg', '1461827833', '1461827833');
INSERT INTO `media` VALUES ('4481780524429', '1', '2', '4481779368635', 'ee4e0c2c', 'text', 'afterWorkingPhoto', 'image/jpg', '1461827837', '1461827837');
INSERT INTO `media` VALUES ('4481780565390', '1', '2', '4481779114680', '2139ccbd', 'text', 'afterWorkingPhoto', 'image/jpg', '1461827842', '1461827842');
INSERT INTO `media` VALUES ('4481780598159', '1', '2', '4481779253946', '953c76ce', 'text', 'afterWorkingPhoto', 'image/jpg', '1461827846', '1461827846');
INSERT INTO `media` VALUES ('4481781605776', '1', '2', '4481779188409', '8f0d5e65', 'text', 'afterWorkingPhoto', 'image/jpg', '1461827969', '1461827969');
INSERT INTO `media` VALUES ('4481787471249', '1', '2', '4481779040951', '8eb57511', 'text', 'afterWorkingPhoto', 'image/jpg', '1461828685', '1461828685');
INSERT INTO `media` VALUES ('4481788577170', '1', '1', '4451358097502', 'd6ee14b5', 'wo', 'niaho', 'image/jpg', '1461828820', '1461828820');
INSERT INTO `media` VALUES ('4481790707091', '1', '2', '4451358097502', 'd6ee14b5', 'wo', 'niaho', 'image/jpg@latitude=23', '1461829080', '1461829080');
INSERT INTO `media` VALUES ('4481791051156', '1', '2', '4451358097502', 'd6ee14b5', 'wo', 'niaho', 'image/jpg@latitude=23', '1461829122', '1461829122');
INSERT INTO `media` VALUES ('4481791182229', '1', '2', '4481791181503', 'be27c931', 'text', 'beforeWorkingPhoto', 'image/jpg', '1461829140', '1461829140');
INSERT INTO `media` VALUES ('4481791190422', '1', '2', '4481779188409', '8f0d5e65', 'text', 'beforeWorkingPhoto', 'image/jpg', '1461829139', '1461829139');
INSERT INTO `media` VALUES ('4481791813015', '1', '2', '4481791812288', '41585b80', 'text', 'beforeWorkingPhoto', 'image/jpg', '1461829218', '1461829218');
INSERT INTO `media` VALUES ('4481794295192', '1', '2', '4481779188409', '8f0d5e65', 'text', 'afterWorkingPhoto', 'image/jpg', '1461829518', '1461829518');
INSERT INTO `media` VALUES ('4481795941785', '1', '2', '4481779114680', '2139ccbd', 'text', 'afterWorkingPhoto', 'image/jpg', '1461829719', '1461829719');
INSERT INTO `media` VALUES ('4481797416346', '1', '2', '4451358097502', 'd6ee14b5', 'wo', 'niaho', 'image/jpg', '1461829899', '1461829899');
INSERT INTO `media` VALUES ('4481797662107', '1', '2', '4481779114680', '2139ccbd', 'text', 'beforeWorkingPhoto', 'image/jpg', '1461829929', '1461829929');
INSERT INTO `media` VALUES ('4481797694876', '1', '2', '4481779794620', '70554c4b', 'text', 'beforeWorkingPhoto', 'image/jpg', '1461829933', '1461829933');
INSERT INTO `media` VALUES ('4481798358429', '1', '2', '4481791812288', '41585b80', 'text', 'beforeWorkingPhoto', 'image/jpg', '1461830014', '1461830014');
INSERT INTO `media` VALUES ('4481798784414', '1', '1', '4451358097502', 'd6ee14b5', 'wo', 'niaho', 'image/jpg', '1461830066', '1461830066');
INSERT INTO `media` VALUES ('4481801029023', '1', '2', '4481779794620', '70554c4b', 'text', 'beforeWorkingPhoto', 'image/jpg', '1461830340', '1461830340');
INSERT INTO `media` VALUES ('4481802159520', '1', '2', '4481802158785', 'd5c0127d', 'text', 'afterWorkingPhoto', 'image/jpg', '1461830480', '1461830480');
INSERT INTO `media` VALUES ('4481802257825', '1', '2', '4481802257090', '92b5c6d5', 'text', 'afterWorkingPhoto', 'image/jpg', '1461830492', '1461830492');
INSERT INTO `media` VALUES ('4481802855842', '1', '2', '4481791812288', '41585b80', 'text', 'afterWorkingPhoto', 'image/jpg', '1461830563', '1461830563');
INSERT INTO `media` VALUES ('4481803036067', '1', '2', '4481779794620', '70554c4b', 'text', 'afterWorkingPhoto', 'image/jpg', '1461830585', '1461830585');
INSERT INTO `media` VALUES ('4481804486052', '1', '2', '4481780474558', '4c3bbc14', 'text', 'afterWorkingPhoto', 'image/jpg', '1461830762', '1461830762');

-- ----------------------------
-- Table structure for migration
-- ----------------------------
DROP TABLE IF EXISTS `migration`;
CREATE TABLE `migration` (
  `version` varchar(180) NOT NULL,
  `apply_time` int(11) DEFAULT NULL,
  PRIMARY KEY (`version`)
) ENGINE=InnoDB DEFAULT CHARSET=utf8;

-- ----------------------------
-- Records of migration
-- ----------------------------
INSERT INTO `migration` VALUES ('m000000_000000_base', '1456276952');
INSERT INTO `migration` VALUES ('m160126_070027_initialization', '1456276955');
INSERT INTO `migration` VALUES ('m160127_031707_rename_col_app_allow_ip', '1456276955');
INSERT INTO `migration` VALUES ('m160127_035327_add_col_object_md5_sha1', '1456276955');
INSERT INTO `migration` VALUES ('m160128_042715_add_col_media_content_type', '1456276955');
INSERT INTO `migration` VALUES ('m160202_012301_add_pk_for_ticket', '1456276956');
INSERT INTO `migration` VALUES ('m160217_093131_create_table_storage', '1456276956');
INSERT INTO `migration` VALUES ('m160218_080229_add_col_object_storage_s3_url', '1456276956');
INSERT INTO `migration` VALUES ('m160321_031329_create_table_category_mcr_alias', '1458554371');

-- ----------------------------
-- Table structure for object
-- ----------------------------
DROP TABLE IF EXISTS `object`;
CREATE TABLE `object` (
  `id` bigint(20) unsigned NOT NULL COMMENT '自定义分配ID',
  `md5` varchar(32) NOT NULL COMMENT 'MD5哈希值',
  `sha1` varchar(40) NOT NULL COMMENT 'SHA1哈希值',
  `type` tinyint(1) unsigned NOT NULL COMMENT '文件类型',
  `content_type` varchar(128) NOT NULL COMMENT 'Content Type',
  `size` int(10) unsigned NOT NULL COMMENT '文件大小',
  `storage_type` tinyint(1) unsigned NOT NULL DEFAULT '1' COMMENT '存储类型:1-Amazon S3',
  `create_time` int(10) unsigned NOT NULL COMMENT '创建时间',
  `update_time` int(10) unsigned NOT NULL COMMENT '更新时间',
  PRIMARY KEY (`id`),
  UNIQUE KEY `md5` (`md5`,`sha1`)
) ENGINE=InnoDB DEFAULT CHARSET=utf8 COMMENT='文件对象';

-- ----------------------------
-- Records of object
-- ----------------------------
INSERT INTO `object` VALUES ('0', 'fd582d0e916fcb55aae68dfcf226d8e4', '74e0c82205664767993bb90de6f02bfc0774f264', '4', 'image/jpg', '48128', '1', '1460446776', '1460446776');
INSERT INTO `object` VALUES ('1604110058747', '99b3f2bd9128b40ef76aa49e8e35cb06', '7d7af5f1420c751f96f005b46207f73f50ea9def', '4', 'image/jpg', '183296', '1', '1460424386', '1460424386');
INSERT INTO `object` VALUES ('1604110390283', 'cba8abf61cd066ef7504f5784a5f6042', '6f65b6bb3c48a97d8548f4e882f3a103e233a771', '4', 'image/jpg', '86016', '1', '1460433984', '1460433984');
INSERT INTO `object` VALUES ('1604121001314', '4e6dea64792388a0c748564777d6724c', '748e6de80395f646c027a155993e2faf22093a2f', '4', 'image/jpg', '172325', '1', '1460520562', '1460520562');
INSERT INTO `object` VALUES ('1604121603461', '1efc7fb6d1192f0ef738b64049567f51', 'd746a44658e70ef360010e917aae9d51d6b58e85', '4', 'image/jpg', '171008', '1', '1460428688', '1460428688');
INSERT INTO `object` VALUES ('1604123294222', '8ca7690ebfed676c6df44a8d045a821d', 'ba8c4b5862503bf2feae8996234f8793d9efbcea', '4', 'image/jpg', '214016', '1', '1460431958', '1460431958');
INSERT INTO `object` VALUES ('1604130075359', 'd188db0ef8b6f7668ac6015d6a0636cb', 'fdc4f4cf4ba4845c1a2cff02d08d9793997ca5c1', '4', 'image/jpg', '238592', '1', '1460519908', '1460519908');
INSERT INTO `object` VALUES ('1604133046699', '97cd0965474df7a3c8966f2f2c2e71aa', '797b10c1b88217a79545284948bf34e6b91ac032', '4', 'image/jpg', '215040', '1', '1460512945', '1460512945');
INSERT INTO `object` VALUES ('4451358097502', 'd6ee14b52fef516da28e3a914995fa96', '558a75c85c61c63789c8c085f1603481274c6fcc', '4', 'image/jpg', '13312', '1', '1458114162', '1458114162');
INSERT INTO `object` VALUES ('4451369263200', '8ef10ab6747c43d33b752def295c0e74', '154f92e06d772151681ca9cd0c6a6d856b6b9070', '4', 'image/jpg', '1024', '1', '1458115525', '1458115525');
INSERT INTO `object` VALUES ('4451370778722', '319a7ecaaa0e5504c8832dff38b3acea', 'a180cda64d32cde14b16eafb6579ecb814d73e42', '4', 'image/jpg', '1024', '1', '1458115710', '1458115710');
INSERT INTO `object` VALUES ('4451431907442', '6271176ae45ee953cf7a616f640a2a94', '276f6a937299010584c5afa2b8364c066f49aa79', '4', 'image/jpg', '19456', '1', '1458123172', '1458123172');
INSERT INTO `object` VALUES ('4451934306420', '78b3cf2eca5920c0410a43bc8a75444b', '7489e88caaae54c40c92ab83a29d4f42d8db2fd6', '4', 'image/jpg', '15360', '1', '1458184500', '1458184500');
INSERT INTO `object` VALUES ('4451935953013', '070bd692d3169dc827e96d218da24584', 'be175d079a406028b02dfdef1c45f14c580084e8', '4', 'image/jpg', '154624', '1', '1458184701', '1458184701');
INSERT INTO `object` VALUES ('4452056014966', 'e25d3834f82914618bdba4def12bcc7c', '0ca39109e9194bd41f93ec1c58c216b2aea28630', '4', 'image/jpg', '91035', '1', '1458199357', '1458199357');
INSERT INTO `object` VALUES ('4452058415224', '3da2cad706b0b5fe8134b37d88902596', '5947ff227a481e853b3ced596babe40f9952744e', '4', 'image/jpg', '108544', '1', '1458199650', '1458199650');
INSERT INTO `object` VALUES ('4452761673881', '3701c18abc29f0c0b97fe25b29fafe47', 'acb75d38651fbdc283ffde3d0dec8e3039db303c', '4', 'image/jpg', '21504', '1', '1458285497', '1458285497');
INSERT INTO `object` VALUES ('4454718963866', 'fce906efd855cc3b50948228eb9d63fa', 'fdd3eafca77ccdba209c95b010e6b0d0e39c9584', '4', 'image/jpg', '249856', '1', '1458524424', '1458524424');
INSERT INTO `object` VALUES ('4454762553502', '59e77946d73cdd62bd690e8ccfa7235b', '0693ac54ab7f2566ef049c3e04c087f2e171a981', '4', 'image/jpg', '312320', '1', '1458529745', '1458529745');
INSERT INTO `object` VALUES ('4454861742243', '8a5af81c5280cc59a7b6d98a86556890', '3d7958fc7949e41b60305426c49b37632ba6568a', '4', 'image/jpg', '760832', '1', '1458541853', '1458541853');
INSERT INTO `object` VALUES ('4454941499556', 'e9f714cf82073037ba999b259df38629', '07db3f16b147e70d1b2ea662d5db7a14ee0346fd', '4', 'image/jpg', '142336', '1', '1458551589', '1458551589');
INSERT INTO `object` VALUES ('4454944145573', 'f0d649bfd2c50093cfc1bb19f18e1826', 'd363019ca5cb7570947e0d9bb5f9a8ef6c386730', '4', 'image/jpg', '191488', '1', '1458551912', '1458551912');
INSERT INTO `object` VALUES ('4455427416230', 'a843e5d1926f7ef57411e66caf0e81bd', '99108a19ccf626ffa17e62f3e2555a6a64a9a30a', '4', 'image/jpg', '18432', '1', '1458610905', '1458610905');
INSERT INTO `object` VALUES ('4455591887030', '26c1b5ad9c1706a5cbc7bcde67c99b3f', '9398f6e627a767fb094feb727d99c37f55edc796', '4', 'image/jpg', '41436', '1', '1458630982', '1458630982');
INSERT INTO `object` VALUES ('4455605174462', 'edbbf838e706cfbdd379e164e35fdd10', 'af32f1ed65b077e010502820369bd7e31028240e', '4', 'image/jpg', '22528', '1', '1458632604', '1458632604');
INSERT INTO `object` VALUES ('4455606452415', '75e8c46d981f2a33940a4822e6459652', '3639aaa2bef1a148ad560a4862996842d48c2dc9', '4', 'image/jpg', '13312', '1', '1458632760', '1458632760');
INSERT INTO `object` VALUES ('4455614136514', '2af23b62d6d4575aa4b5a02f20191068', 'd709a1b50cdc8aff6214269f778d097b0f8d2102', '4', 'image/jpg', '398336', '1', '1458633698', '1458633698');
INSERT INTO `object` VALUES ('4455615684803', 'd55c71c3b2ad62dc472a71de1f73c02d', 'b558ff4114d27ea9e472cc41252a00a24e45bfee', '4', 'image/jpg', '188801', '1', '1458633887', '1458633887');
INSERT INTO `object` VALUES ('4455623770308', 'b5bdb7554c4a18a0eaac70602d369315', 'fc0aef623e19bd403bb132fa96574685fed0985b', '4', 'image/jpg', '155868', '1', '1458634874', '1458634874');
INSERT INTO `object` VALUES ('4455641866450', '732fb0295bb23c13361d8009e57b2153', '35901cdf65661e2b9d2a6b01a1d22968b7e19ff4', '4', 'image/jpg', '16606', '1', '1458637083', '1458637083');
INSERT INTO `object` VALUES ('4455643218132', 'cbde975d8efa50218eef2acb960085e1', '93aacec17fb972b3f24938331e7c1fd6d8d53c71', '4', 'image/jpg', '20480', '1', '1458637248', '1458637248');
INSERT INTO `object` VALUES ('4455643619541', 'c9c1f0dcaf2726fb3cb9b1ee856a4330', 'ac07a16c178e81ec636665a602db8cc0d742c04e', '4', 'image/jpg', '10240', '1', '1458637297', '1458637297');
INSERT INTO `object` VALUES ('4456344977645', '4f1dd41e40e0fbec235d6f283e8592c9', '863ddcd1d0472d9dea77a309c5717fc2df27ce17', '4', 'image/jpg', '17408', '1', '1458722912', '1458722912');
INSERT INTO `object` VALUES ('4456370168046', 'a66f5661f02bcf0b43f5db9c18885b92', 'f276b55718193b23e8251b841892148bbb4f66a3', '4', 'image/jpg', '893952', '1', '1458725987', '1458725987');
INSERT INTO `object` VALUES ('4456371937519', 'fc5a077edd42a56cced952036e91f18f', '80b8a636a8dd3396c4a039293c268507fabd2d97', '4', 'image/jpg', '316416', '1', '1458726203', '1458726203');
INSERT INTO `object` VALUES ('4456373690608', 'bf8d33288f632a3a2ae4d4ffc8dc3045', '804ac7f9880e3a2e30eb3821c6baa4ce44a847b9', '4', 'image/jpg', '22528', '1', '1458726417', '1458726417');
INSERT INTO `object` VALUES ('4456375107826', '50a49f58978342110d0e59dd418e04bc', 'd4edc7ee01c73e53199c4170a5d2373bd6cb939e', '4', 'image/jpg', '1972224', '1', '1458726590', '1458726590');
INSERT INTO `object` VALUES ('4456380629237', 'bf41d5ece2d24c06d9a8ad6b97cfe17d', 'befc73d4c6bf3ec73d85d0d2c076eb6c7a01ef99', '4', 'image/jpg', '1009', '1', '1458727264', '1458727264');
INSERT INTO `object` VALUES ('4456856199421', 'ac16970eee806e5ab4d69d9ce06b4eb7', '820f876e08d7e8cb066e2011cbb15c19505eae96', '4', 'image/jpg', '161792', '1', '1458785317', '1458785317');
INSERT INTO `object` VALUES ('4456909046017', 'a5a6549b4318b812f1981a25c7f95cb9', 'd0f71e75787d030b75ddcd9a130db9490ebc343c', '4', 'image/jpg', '22528', '1', '1458791768', '1458791768');
INSERT INTO `object` VALUES ('4457616769319', '1de9adde1ef6b8d6f6f2de4a83f97a9e', '816498b73147696c5b57e6c691790ea245817e1f', '4', 'image/jpg', '49287', '1', '1458878160', '1458878160');
INSERT INTO `object` VALUES ('4457618506024', '8e76bb37184a49b8123905e5ff4adcdb', '5618927a645eb8747dd34b180b5db4058f8e0264', '4', 'image/jpg', '31744', '1', '1458878372', '1458878372');
INSERT INTO `object` VALUES ('4457700827437', '9ea70c031a07b406005751abad4d3508', '92eca7d5a6347e73cd74a3de1418aa7179b16dfd', '4', 'image/jpg', '15360', '1', '1458888421', '1458888421');
INSERT INTO `object` VALUES ('4457701540142', 'c1167a7c81532a8798236b94cdb8637c', '6d1ae9ba2b33d9c32a11f3a3b1f8a5564557d63c', '4', 'image/jpg', '14336', '1', '1458888508', '1458888508');
INSERT INTO `object` VALUES ('4457702785327', 'ca5ba237bd10a440aa61cf5048b3fb99', '82c9f26106b42db4665a95037cddec1ee2d123d2', '4', 'image/jpg', '19456', '1', '1458888660', '1458888660');
INSERT INTO `object` VALUES ('4457707643185', 'e65ac20a92727719fc9821b2f538b01d', '5f86ab209afec315552f32b61794179c157cc034', '4', 'image/jpg', '16810', '1', '1458889253', '1458889253');
INSERT INTO `object` VALUES ('4457708658994', '23ff7521e38b99f38adcf8e2863103d3', 'd6044ed88da82793f47984e326074ddb0bf14a74', '4', 'image/jpg', '13312', '1', '1458889377', '1458889377');
INSERT INTO `object` VALUES ('4459692622141', '1f371537a48b27bb2e371aac43c781eb', 'ddbabd8b073d034f00944b550a4c741b81b152e2', '4', 'image/jpg', '53248', '1', '1459131560', '1459131560');
INSERT INTO `object` VALUES ('4459709587776', '9cac44ab1ea65237c2b22b9a855afc59', '4f02edb14e135c82efec9c265c935c6027968aaa', '4', 'image/jpg', '9216', '1', '1459133631', '1459133631');
INSERT INTO `object` VALUES ('4459711357249', '6c08a7974e78873a2a6d157205b705ce', '768f8ffedbf849163c9639c4e57de420f0b15ece', '4', 'image/jpg', '37888', '1', '1459133847', '1459133847');
INSERT INTO `object` VALUES ('4459742028101', '19987e016aa847dc6d2152f7736abe56', '7484bd2ac42237b812b2f31c47391bc8c154a29a', '4', 'image/jpg', '41841', '1', '1459137591', '1459137591');
INSERT INTO `object` VALUES ('4459897921872', '86e0ea9381bb14c62595efa64ce26685', '0dd4c2f4a34d22ab72fdc6ea923cc9be2472d160', '4', 'image/jpg', '13312', '1', '1459156621', '1459156621');
INSERT INTO `object` VALUES ('4459901321555', 'e40b393e26291165102405ed7fe2eb02', 'ac25ab9a2a2dd7bb9c5cd160f37f596fc4544ab8', '4', 'image/jpg', '315392', '1', '1459157036', '1459157036');
INSERT INTO `object` VALUES ('4459903631700', '17321a1f543cc0dceb8ee228168bf0e2', '585b7bb29b90591e39d2253deb13d44bb5b1b927', '4', 'image/jpg', '13312', '1', '1459157318', '1459157318');
INSERT INTO `object` VALUES ('4459911733589', '8375f26f9bfc4859ec3d99307cc7463b', '72830e09c3bd8730b29ee278c6f4059ddfec100d', '4', 'image/jpg', '23552', '1', '1459158307', '1459158307');
INSERT INTO `object` VALUES ('4460367208790', '14d08a16966c0d5dc701eed237f4be7c', 'f8243f05de451396a75477802d7874207b6f93d6', '4', 'image/jpg', '15360', '1', '1459213907', '1459213907');
INSERT INTO `object` VALUES ('4460367438167', 'd3ab4e80e216f910309b7fadde218283', '6edd0c9a41b14212967e491a17777790d40e83ab', '4', 'image/jpg', '15360', '1', '1459213935', '1459213935');
INSERT INTO `object` VALUES ('4460615737688', '94037c10943f94a0cfbfac4f2028aef4', '9d29ebcec398219f6ce1e93db4a1eae0d1d4db81', '4', 'image/jpg', '904', '1', '1459244244', '1459244244');
INSERT INTO `object` VALUES ('4460619424089', '4d317e925a06533c6960cafc827018c8', '55cc5423910e0912e173b89862ca32a709bf1930', '4', 'image/jpg', '1024', '1', '1459244695', '1459244695');
INSERT INTO `object` VALUES ('4461252288863', 'ea6080fbea631cdb96adf79773fcf31a', '687dbfe79addd85e90ec76662679fd1fc5e5ede7', '4', 'image/jpg', '954', '1', '1459321949', '1459321949');
INSERT INTO `object` VALUES ('4461254893923', '73183e3d9aba6ff2719b85802afebb8e', '442bb9cfe86a7400ab073e88e2e6a9fabf362e53', '4', 'image/jpg', '38912', '1', '1459322267', '1459322267');
INSERT INTO `object` VALUES ('4461315875199', 'e1a04b1615e253781acd52af103c9249', '4ad4d5bafe55ef14a82fbdace82991a9cc4beed8', '4', 'image/jpg', '33792', '1', '1459329711', '1459329711');
INSERT INTO `object` VALUES ('4461319520641', 'c50549ee4450acd12bd3fee927c144ec', '6dad89ca4a8b0d4b64193eb6481106b49e1d1506', '4', 'image/jpg', '111616', '1', '1459330156', '1459330156');
INSERT INTO `object` VALUES ('4461330366854', '0bb90e0c77ded2b0c55eb064ecbb38fb', 'd1e9a16a2792e08f43c485c64af821c4be1f7cc4', '4', 'image/jpg', '112640', '1', '1459331480', '1459331480');
INSERT INTO `object` VALUES ('4461803331981', '110b06227438a632b810b01213a9e3a8', '662ed4448ca7bfd35f7b9eb7cee29363604eca91', '4', 'image/jpg', '32948', '1', '1459389215', '1459389215');
INSERT INTO `object` VALUES ('4461833855377', '606aa787833e7ab5fe6bc3328e021ede', '4cbb4907dd208873beab06bc0fd09680159b684e', '4', 'image/jpg', '201728', '1', '1459392941', '1459392941');
INSERT INTO `object` VALUES ('4462552048019', 'ee89c2c527a2614f50bd0693d6376dc4', '61b9fa7599a4c365b0e1c2e4697ba235a0db8de7', '4', 'image/jpg', '22528', '1', '1459480611', '1459480611');
INSERT INTO `object` VALUES ('4462676640148', 'd72143887b7bce7ba5d1cc038e826ee5', 'd771508336b20149727c60eb595cf648c086e749', '4', 'image/jpg', '17408', '1', '1459495820', '1459495820');
INSERT INTO `object` VALUES ('4462744183189', '28a2b3aa50c1588382228eabc84fc12d', '34d6599a5d1a384970ce8526aabf591e8356bac3', '4', 'image/jpg', '77824', '1', '1459504065', '1459504065');
INSERT INTO `object` VALUES ('4466103615911', 'ec0ebcc698f0ca74ff0b5f853dfd1ab1', 'b128d22b9b2ac4b3c44be1a2e2b7a34fd35f2dc7', '4', 'image/jpg', '117760', '1', '1459914152', '1459914152');
INSERT INTO `object` VALUES ('4466107744680', '1d22829278cc957ac3f1ea33336dfc65', 'ed7f8badeb6284a99ecbdf8e514173b22659822e', '4', 'image/jpg', '107520', '1', '1459914656', '1459914656');
INSERT INTO `object` VALUES ('4466109153705', '00a5abfab8359b6a0cb59eaa0c3de875', '91bd78c705bbec8cc04ccd27fe47a1b0473d649c', '4', 'image/jpg', '142336', '1', '1459914828', '1459914828');
INSERT INTO `object` VALUES ('4466212897205', '2eb3c7013ba8e9821999b08b4cdf422d', 'ad4dc57c9a806e4b8858d18aa49ee4e3954be4e6', '4', 'image/jpg', '207872', '1', '1459927492', '1459927492');
INSERT INTO `object` VALUES ('4466283897272', '3b71a39a93608b05f55899ae19662090', '8c8ef9dbfd7ed8f49989f5be5d480dcd38b6fd1a', '4', 'image/jpg', '146432', '1', '1459936159', '1459936159');
INSERT INTO `object` VALUES ('4466284274105', '40d995f17faecf3c86188bbab46edf72', 'ce86084521692ce56b20e39f448f7d2c0a5497b0', '4', 'image/jpg', '215040', '1', '1459936205', '1459936205');
INSERT INTO `object` VALUES ('4466284478906', 'bc13f0aa5504069a3ac3b22c507278f7', '7764d01a5852b4c11db6e3d696e8c82fffbd9294', '4', 'image/jpg', '184320', '1', '1459936230', '1459936230');
INSERT INTO `object` VALUES ('4466807939520', '599f9fcd6987c1c2a2ccdbf49a44acae', '9ace85e44539352bb73ffd4ad015f62d2b4f7e5b', '4', 'image/jpg', '224256', '1', '1460000129', '1460000129');
INSERT INTO `object` VALUES ('4466809962946', '88b457fa6ac16bc22d973db8ecd2d023', 'a0f861ce70d57104be4e3b0b6b0897eef174982b', '4', 'image/jpg', '240640', '1', '1460000376', '1460000376');
INSERT INTO `object` VALUES ('4466815476163', '792f5bac7daa8818afdebc35a4b01dd0', '505c4d391aacc499f1991c4bf72b489b5bf9201f', '4', 'image/jpg', '184320', '1', '1460001048', '1460001048');
INSERT INTO `object` VALUES ('4467476906450', '458e9a501be1b6b1fb3b14d4b50f0139', '899499c1cb258fcbc6f92fdba1479015858d98e3', '4', 'image/jpg', '59392', '1', '1460081790', '1460081790');
INSERT INTO `object` VALUES ('4467477357011', '82879673b126c71d3f4797b693009983', 'aa84fb88e78bee617183406100fd0d629d067048', '4', 'image/jpg', '22528', '1', '1460081845', '1460081845');
INSERT INTO `object` VALUES ('4467477602772', '1eaa5dad2eac19d6984f7c23e7d526c6', 'e8d85cd370b2c7fe91eca215cd388b918fe9ab77', '4', 'image/jpg', '22528', '1', '1460081875', '1460081875');
INSERT INTO `object` VALUES ('4467515482581', '11a7d96439ec44c49aefa9155bfc1f92', 'b083aff98fc5c41b6e032d183384b24a20632bae', '4', 'image/jpg', '225280', '1', '1460086499', '1460086499');
INSERT INTO `object` VALUES ('4467519955414', '272100a82b8f6b2225d1f83d3f657483', '31ab4b5f659c2b5b886eca64fdede3e4c802078f', '4', 'image/jpg', '230400', '1', '1460087045', '1460087045');
INSERT INTO `object` VALUES ('4467521266135', 'fafc624497dba759d870c8980ba40229', '4e521e56a24ad65774c994b6aba55f2195d34232', '4', 'image/jpg', '213205', '1', '1460087205', '1460087205');
INSERT INTO `object` VALUES ('4467704963546', '06aa5d54e9de619a4298a7a5332c8edd', '759b153bc4045cf4c1e75af6a456aaf5a762494e', '4', 'image/jpg', '231424', '1', '1460109629', '1460109629');
INSERT INTO `object` VALUES ('4467705430491', '4ff748023af1b08879676bee691912fe', 'ab00e6668929c3aed56d1a213d4502b93b2a7292', '4', 'image/jpg', '182272', '1', '1460109686', '1460109686');
INSERT INTO `object` VALUES ('4467706675676', '7cceaf6a6bc792b946e0445d241b1af0', '0131d4a54c2f8e95a42a958820647b5000da19b6', '4', 'image/jpg', '207872', '1', '1460109838', '1460109838');
INSERT INTO `object` VALUES ('4467710616029', 'cf0d681556949c0ede6b1176931967a1', '2e8c7b8bab12fe98652af9be877d91659a2905f8', '4', 'image/jpg', '206848', '1', '1460110319', '1460110319');
INSERT INTO `object` VALUES ('4467711762910', '1614b93462dc1016eb7861204a8b9a9d', 'ff80f98415d6ae4fbac83b98a29c355b8db7b0fd', '4', 'image/jpg', '190464', '1', '1460110459', '1460110459');
INSERT INTO `object` VALUES ('4469624758751', '5ec16ed78d2f83e9696b0e54708cdd05', '6277703b082240b11222ca3024cdda96e8411c7e', '4', 'image/jpg', '268288', '1', '1460343979', '1460343979');
INSERT INTO `object` VALUES ('4469625315809', 'da803f765da53f2ba5540fa91ef8be60', 'c651deb77a4dcacc8d52d6f1781682a640d47d75', '4', 'image/jpg', '230400', '1', '1460344046', '1460344046');
INSERT INTO `object` VALUES ('4469756682725', '0a96aa8cb39dae8f92486e78df28b74a', 'df13c26d4a320e71a83904cc67b66868cdb3017c', '4', 'image/jpg', '279552', '1', '1460360083', '1460360083');
INSERT INTO `object` VALUES ('4469757919718', 'f32f530fe5bba2f3f90e29133cf98f08', '80e66b5429fa8fbbcca190290d724a2704922304', '4', 'image/jpg', '261120', '1', '1460360234', '1460360234');
INSERT INTO `object` VALUES ('4469770764776', '3b6159295cab00a4d363885d4cacc9e7', '06734915139e3de93a517968e6a0425c37c516c0', '4', 'image/jpg', '184320', '1', '1460361802', '1460361802');
INSERT INTO `object` VALUES ('4469785657835', '8d5eb5f00dee7fff24c5897622c0cca1', '61a000f169e38eea3e26397aa71221919c18837a', '4', 'image/jpg', '265216', '1', '1460363620', '1460363620');
INSERT INTO `object` VALUES ('4469793096172', 'b3a658d4d571ad96b0b89e452e682d92', '37f8583754e417118db5353d29c08b12c7973bad', '4', 'image/jpg', '214016', '1', '1460364528', '1460364528');
INSERT INTO `object` VALUES ('4469793808877', '5b4972d1e778510153b3b96dbbe74608', '4b8f9c226125778486b273ae70bf33b8f8d22928', '4', 'image/jpg', '206848', '1', '1460364615', '1460364615');
INSERT INTO `object` VALUES ('4469795193326', 'b5b86b557bf52577267e1190fe813c2d', '29f18fda89ba5e892310a6b7b2edda9c9cb1b386', '4', 'image/jpg', '183296', '1', '1460364784', '1460364784');
INSERT INTO `object` VALUES ('4469797315055', 'a29ae67568d304e939b3fecee88e89da', '7d99fa2fe1feea8cf80e48373b89f56eaac3f25c', '4', 'image/jpg', '236544', '1', '1460365043', '1460365043');
INSERT INTO `object` VALUES ('4469798707696', '68458fe367401343ae302ecf4205c60e', 'c258be532e5685d25619f5f81bc6981ce972115e', '4', 'image/jpg', '269312', '1', '1460365213', '1460365213');
INSERT INTO `object` VALUES ('4469801525747', 'ff2166361ee8fed250055e782bcbdd7f', '991c653409d9b30fc27eb2646d1b25f6791d4f4c', '4', 'image/jpg', '267264', '1', '1460365557', '1460365557');
INSERT INTO `object` VALUES ('4469802877428', '2e46deac892e2d07f96b9a48d2cb642d', '7c3de8c4ca46193f039c2353058f202b96826108', '4', 'image/jpg', '279552', '1', '1460365722', '1460365722');
INSERT INTO `object` VALUES ('4469809734137', '98e5d0beb956355490562cdc6ef8c464', '59d57639668d471790197735a41aee697345050c', '4', 'image/jpg', '262808', '1', '1460366559', '1460366559');
INSERT INTO `object` VALUES ('4469810217466', 'd4ba109bc61b6bb2a3d3a48a4c1f3a4a', '092156c0f77ad628acf4ba89faed1f3f42be69fe', '4', 'image/jpg', '262989', '1', '1460366617', '1460366617');
INSERT INTO `object` VALUES ('4469811503611', '067195d6e40b9434d22032ca35a666c4', 'e93d07a74dfcd10f894216cfe2e8efc8f6513a58', '4', 'image/jpg', '264192', '1', '1460366775', '1460366775');
INSERT INTO `object` VALUES ('4469812724220', '0c2d0b5c0776e9a7c672694e61233d60', 'bb7984a20db12c0570f709f29c6c7392187d2e4c', '4', 'image/jpg', '200704', '1', '1460366924', '1460366924');
INSERT INTO `object` VALUES ('4470333440524', '0ab0a5eab4584c2389c42ee28420a85e', 'c4e5364811a75ba1c0aca68312977fc1358d7d82', '4', 'image/jpg', '200704', '1', '1460430490', '1460430490');
INSERT INTO `object` VALUES ('4471004357143', 'f2f3981ab628060edd7366c24a43e91f', '041380403e768c6fbc5630b43754bbb2b33818c8', '4', 'image/jpg', '11264', '1', '1460512388', '1460512388');
INSERT INTO `object` VALUES ('4471004766744', '8e0208b11fb4efaee2086b9497abbebd', '664f6fb27b31d0423cb30c7e99121dce5429f8eb', '4', 'image/jpg', '34816', '1', '1460512438', '1460512438');
INSERT INTO `object` VALUES ('4471010140699', 'af607aaab3fe3ba0bcb0287d58822aa1', '764dc824800f620b5f729a9809b166dca6b8df70', '4', 'image/jpg', '20480', '1', '1460513094', '1460513094');
INSERT INTO `object` VALUES ('4471156507178', '7cd5f196e48163d430a2a8703df33f49', 'f1fc00d378ddfbdf1186dc9adf9d4ab5749e9297', '4', 'image/jpg', '67584', '1', '1460530962', '1460530962');
INSERT INTO `object` VALUES ('4471161455147', '3ed4fd6f36291f4e338558f8992bf6ac', '7d00fd1a1d0e8581a1c3001b5fea54fda2a600e4', '4', 'image/jpg', '14336', '1', '1460531565', '1460531565');
INSERT INTO `object` VALUES ('4471168418348', '61926112fec7c5ba3481ba409102a756', 'f1323c746528d470a6be15f639e40de9f215a7b8', '4', 'image/jpg', '21504', '1', '1460532415', '1460532415');
INSERT INTO `object` VALUES ('4471212311085', '1e40d4f3529c285bfbbb809dc061d5cf', 'fb20b039f97fe413cf1af88ba7dadd52ed6723fe', '4', 'image/jpg', '17339', '1', '1460537773', '1460537773');
INSERT INTO `object` VALUES ('4471701889582', '611920900da2b597b3f56ef2a2521391', '5fa95ce7d02e3c852958ff9c7a9e09ee068bf5a3', '4', 'image/jpg', '25068', '1', '1460597536', '1460597536');
INSERT INTO `object` VALUES ('4471703740976', '22cfe779c2855e1272b787e99db2c52c', '7ce14c2eb8f207062861d692e0e079f584dd65bb', '4', 'image/jpg', '15360', '1', '1460597762', '1460597762');
INSERT INTO `object` VALUES ('4471703929393', '9c7f967e7c7e4934bf2bcf45908bd0fb', '92fc07ea45474c98cd6005bae5ce7d4c8011c7ee', '4', 'image/jpg', '184320', '1', '1460597786', '1460597786');
INSERT INTO `object` VALUES ('4471705117234', '733f52445e370b872aeb59515fe2628b', '59b2b003cc18eef699f9ef9e9e1905b6d1f9b245', '4', 'image/jpg', '264192', '1', '1460597932', '1460597932');
INSERT INTO `object` VALUES ('4471705526835', 'ec04a2b6edfc4063162105641b05e1d3', 'b887868a26887389bd563a04cd5c48432c49598f', '4', 'image/jpg', '200704', '1', '1460597981', '1460597981');
INSERT INTO `object` VALUES ('4471705862708', '2bd9529335548d1c0a7c045e27fc27a3', '2544a668e8d117f1c6bca1390b63b7480b3df6eb', '4', 'image/jpg', '323584', '1', '1460598023', '1460598023');
INSERT INTO `object` VALUES ('4471708090933', '8d80a644fb13401a77b0f02f6045bc48', '97737bf30969cedb1039f5bf2cd018dce9b40a19', '4', 'image/jpg', '27648', '1', '1460598293', '1460598293');
INSERT INTO `object` VALUES ('4471712530998', '6b7e351729169ea557ed172da60d77c5', 'a28493fb98359f0d731ba43f157cb26f8ebd8999', '4', 'image/jpg', '271360', '1', '1460598836', '1460598836');
INSERT INTO `object` VALUES ('4471869071927', 'bc1f82166f723f835ad0060df658dc69', 'eb7e450bdbfa4ccd2495ed28176781f7232c0854', '4', 'image/jpeg', '2214912', '1', '1460617947', '1460617947');
INSERT INTO `object` VALUES ('4471909524024', '6adc74510a5d94fc348d196c3a58cdcf', '8cf5f63a3fb1de50bb93e438922a8d94b0b2bc5c', '4', 'image/jpg', '162816', '1', '1460622883', '1460622883');
INSERT INTO `object` VALUES ('4471909540409', '4e2518a898d48a63ff2320958c369062', '45eec4550355c8ac105ebab6f97e037b8a43081e', '4', 'image/jpg', '139646', '1', '1460622885', '1460622885');
INSERT INTO `object` VALUES ('4471919428155', '80ad3816717c6c10b30e33298caf4362', '9acfa011f3840bd6b43c05729e750f0a77137e3e', '4', 'image/jpg', '19456', '1', '1460624091', '1460624091');
INSERT INTO `object` VALUES ('4471920255548', '03f00b9697da6a8db978ccd6bfc6dec7', '245e71e5e9fc9ecc73e0db6916918ec980adab2e', '4', 'image/jpg', '130048', '1', '1460624193', '1460624193');
INSERT INTO `object` VALUES ('4471920288317', 'daae3596778d62c68cc1e502009853a3', '913bf08739b6e96992c55041dd9b43b6c1a222de', '4', 'image/jpg', '128000', '1', '1460624197', '1460624197');
INSERT INTO `object` VALUES ('4471920304702', '5671cd2056e927ecaa59d5e90dcb643e', '83a3f3653e1492b01d8aaf93379433575cc3c6df', '4', 'image/jpg', '152576', '1', '1460624199', '1460624199');
INSERT INTO `object` VALUES ('4471920386623', 'ba786ebb85a9bbb23ca49e287cebcda9', 'fbb5d9f399fff801581406889553c660f581eb76', '4', 'image/jpg', '131561', '1', '1460624209', '1460624209');
INSERT INTO `object` VALUES ('4471920386624', '78ce94e3d451e93a68815a77d1f1a11b', '696afc19fb1987e27e20811a97623056b47a4975', '4', 'image/jpg', '138240', '1', '1460624209', '1460624209');
INSERT INTO `object` VALUES ('4471945921089', '9d15ab00c88cceab318939f3851de405', '2b888e1218faf79e2436bc04d1cdb8e7cd7bcef9', '4', 'image/jpg', '248832', '1', '1460627326', '1460627326');
INSERT INTO `object` VALUES ('4474668679746', '0722c23c3dc79439d60b3e0ecb90ae4c', '4e676db5872ff05f7051c36098c921696d95c32a', '4', 'image/jpeg', '34816', '1', '1460959693', '1460959693');
INSERT INTO `object` VALUES ('4474697622083', '675aef11ac981dcef85f5be83f52fdf7', '14a271d592e51549f0e280aa60b3c1b36ccf6167', '4', 'image/jpg', '33792', '1', '1460963226', '1460963226');
INSERT INTO `object` VALUES ('4474703594052', 'f2488a5287b970661dc1555da46c9583', 'ba4682ca4a9c30d2c2d08f46c2a278e75d29d9ad', '4', 'image/jpg', '17289', '1', '1460963955', '1460963955');
INSERT INTO `object` VALUES ('4474773217861', '8a6bc6fe764d169523e0aa40a051dd7e', 'c62c7901bcf491b3784935cccab9d4cb10f810e3', '4', 'image/jpg', '27648', '1', '1460972454', '1460972454');
INSERT INTO `object` VALUES ('4475242095174', '9b1799a0d273c039069358b2fc305472', '17ff86cb1290a48319763d2e1dc0fe8da6bc17b7', '4', 'image/jpg', '16507', '1', '1461029690', '1461029690');
INSERT INTO `object` VALUES ('4475388289607', 'f44158d82228eb37b0206b9d3f9dbdf6', 'f8cc33dcaaa8ca5b6cad8b8541812c4b26898f83', '4', 'image/jpg', '23552', '1', '1461047536', '1461047536');
INSERT INTO `object` VALUES ('4475395465800', '28d9ae11ddd0c2c1b888a174da39bf2b', '0d79b75ce5469f5669a8dd42f17eec5056b24830', '4', 'image/jpg', '191488', '1', '1461048413', '1461048413');
INSERT INTO `object` VALUES ('4475404591689', 'c51d1c9f61041ea5a44ce543cb8e7edc', '93e00222a1398b2bcc6f3fb5f5cee4eb858d2cc5', '4', 'image/jpg', '18432', '1', '1461049526', '1461049526');
INSERT INTO `object` VALUES ('4475404886602', '9fab6d162662a19506fe1aca20a923cd', '804e0b50238ef42403f6a26e980525242287df17', '4', 'image/jpg', '108544', '1', '1461049563', '1461049563');
INSERT INTO `object` VALUES ('4475405050443', 'de4e77b40b838f2f10e9fdf1e452ee65', '4e1582ad96130f2a29109a011ee09d8c44c6da17', '4', 'image/jpg', '117760', '1', '1461049582', '1461049582');
INSERT INTO `object` VALUES ('4475405435468', '894e5c5b9fe351af02e7258354f5bae0', 'f45d076778978a4570042641354be14a36bbf269', '4', 'image/jpg', '251904', '1', '1461049630', '1461049630');
INSERT INTO `object` VALUES ('4475405869645', '91b88edff63f5e1f9e82a71a9ba8af9b', '59e88f79dbf8d13cb636a7f3bef51877709ff173', '4', 'image/jpg', '142336', '1', '1461049683', '1461049683');
INSERT INTO `object` VALUES ('4475983815246', 'c47c7325d7be29672544e905ec68f72a', '94e29741506cdde5d4faf1b4e25f7f1727703619', '4', 'image/jpg', '91032', '1', '1461120233', '1461120233');
INSERT INTO `object` VALUES ('4476151251535', '5187b48da62b35d6c909b24262c5a4be', 'bfa3ee87dfa3646e86cdea230fa7dd0434c8e065', '4', 'image/jpg', '265216', '1', '1461140672', '1461140672');
INSERT INTO `object` VALUES ('4476151407184', '6829195e75dc3bdb42160f7f1e2e75f8', 'aa40835f45a0fc800c31a8b53b74d9ae85597d20', '4', 'image/jpg', '266240', '1', '1461140692', '1461140692');
INSERT INTO `object` VALUES ('4476173992529', 'b7d06df786459436eec4ee22887743f3', 'a3d1ea6121c3be42431e2dc366a07ab9823bf9a2', '4', 'image/jpg', '102400', '1', '1461143448', '1461143448');
INSERT INTO `object` VALUES ('4476657541714', 'd2846bc8e04c9bf5d45a92e402b9f5ab', 'b1179ebfddffd23873db6b50864be9dbeb8967a4', '4', 'image/jpg', '230400', '1', '1461202476', '1461202476');
INSERT INTO `object` VALUES ('4476657680979', '68d7111c7df10f5362e100b67c8acba2', 'a756b76b8d9fc990e286aba157d1bb847aa2c552', '4', 'image/jpg', '219136', '1', '1461202492', '1461202492');
INSERT INTO `object` VALUES ('4476659565140', 'd0e964751e086fb7af8cf5542eeedce9', '0d30f3190176039d9b671693df7d94c070ab1412', '4', 'image/jpg', '222208', '1', '1461202722', '1461202722');
INSERT INTO `object` VALUES ('4476659671637', '5ee272648536ffb6cc3c27bcff8e4e1c', '5fdad438c878646a9b9ec730f7cbcedfb241cf24', '4', 'image/jpg', '231424', '1', '1461202735', '1461202735');
INSERT INTO `object` VALUES ('4476659696214', 'd10232a66bffa154f13b3c1dc9427228', '5d0e7a1e8ed045dfb141a7e073bc3fa2307063fc', '4', 'image/jpg', '193536', '1', '1461202738', '1461202738');
INSERT INTO `object` VALUES ('4476659966551', '0552d81af8e68807d8b57dbd72593bf9', 'c7174a6dfef924ddac447b35b27b693cd172af01', '4', 'image/jpg', '194560', '1', '1461202772', '1461202772');
INSERT INTO `object` VALUES ('4476662768216', 'a704df009d9e25d79826562370df959e', '176ddf318e72b7a8e495d2e2ec6e44fbf6e52e58', '4', 'image/jpg', '140288', '1', '1461203113', '1461203113');
INSERT INTO `object` VALUES ('4476663104089', '8e870b7365962ce6de73af130dc87ffc', '8b25b7b10e6f30b7bffb56a7e4c2471a5c1d1589', '4', 'image/jpg', '184320', '1', '1461203154', '1461203154');
INSERT INTO `object` VALUES ('4476668248666', '8aaf6d96f1b2d20b7c2cd1e0f38de289', '0d720d82cf3ddd8a8101b279b5d0280575d14861', '4', 'image/jpg', '215040', '1', '1461203782', '1461203782');
INSERT INTO `object` VALUES ('4476668355163', '7d7a28902bb91c90cc9d16866c34c67e', 'd94bede261705b4b2bc51717bc2b5b6d1d52152b', '4', 'image/jpg', '223232', '1', '1461203795', '1461203795');
INSERT INTO `object` VALUES ('4476668527196', '58c3f362541718578be0065eab883e62', '4fe89cae61461a7d6c94cb6f7b674686de52982b', '4', 'image/jpg', '11264', '1', '1461203815', '1461203815');
INSERT INTO `object` VALUES ('4476669493853', '7e7eeae127deb793dba60764a57a0950', '68d200516a432e2446f37e1d949906092611dd59', '4', 'image/jpg', '140288', '1', '1461203934', '1461203934');
INSERT INTO `object` VALUES ('4476673417822', '7685c75b211bd37e896f46d1ecfdc3f9', '934bae8c10fcc047de5c89bbd3243ab9afd97f62', '4', 'image/jpg', '184320', '1', '1461204413', '1461204413');
INSERT INTO `object` VALUES ('4476673507935', '54db4277c26b706bb649365f53d0f9e2', '3696995950a3a58b38d83e454353c0f22b1efec2', '4', 'image/jpg', '201728', '1', '1461204424', '1461204424');
INSERT INTO `object` VALUES ('4476676858464', '8299c5ef39557dbaa0c507aae2e45734', '15114a79c0fe32f52d980a6432e538d1859e88fe', '4', 'image/jpg', '202752', '1', '1461204833', '1461204833');
INSERT INTO `object` VALUES ('4476676973153', 'e50af82e5f8757aee52905f542951e59', '5af659402d33c6ba4d2802972331ba76ba2258ad', '4', 'image/jpg', '184320', '1', '1461204847', '1461204847');
INSERT INTO `object` VALUES ('4476713165410', '68ebf46c9c1bca092488b6d78c6f5d1e', '802a03ea2075a9d77cdc68eb88c295757bd6618d', '4', 'image/jpg', '86016', '1', '1461209265', '1461209265');
INSERT INTO `object` VALUES ('4476713706083', '88a05318ae6d23932a182205bf4876d4', '93c5002cefaed27eec96009b005d20e109873e12', '4', 'image/jpg', '33222', '1', '1461209331', '1461209331');
INSERT INTO `object` VALUES ('4476714443364', '2730677568a75ba71375f0bb2f1aa99e', 'fefe75e6d6102282c5be59719800b3354f01064b', '4', 'image/jpg', '30720', '1', '1461209420', '1461209420');
INSERT INTO `object` VALUES ('4476715229797', '2ce24326fd2c4e4ea668952129965a5d', 'b71bae070297bec3259b325351db4a11b0b0ada1', '4', 'image/jpg', '99328', '1', '1461209517', '1461209517');
INSERT INTO `object` VALUES ('4476727411302', '74638fc31e14d8bd8fa467ef77ab6925', '1e04095f44a42ac7d1e68d6cf938e08c7823088c', '4', 'image/jpg', '80896', '1', '1461211004', '1461211004');
INSERT INTO `object` VALUES ('4476784345703', 'a2a9b8295cf6b1339579f4740866e80a', '6bf91a25396332b11e604d5b334e8abafcb079e9', '4', 'image/jpg', '86016', '1', '1461217954', '1461217954');
INSERT INTO `object` VALUES ('4476785697384', 'a2e4d0e53990467b1478bcb8437e9592', '0a2fd684f8e34c364da8d75ffe9becf3f3b3b494', '4', 'image/jpg', '185344', '1', '1461218118', '1461218118');
INSERT INTO `object` VALUES ('4476785705577', '417b5c574d052c590f32dea0faff081e', 'db4efc2ce9e39ba69f89f64b42ca546b58982532', '4', 'image/jpg', '215040', '1', '1461218120', '1461218120');
INSERT INTO `object` VALUES ('4476785738346', 'c1756ba84b7f4aa5bb862030dedabbbd', 'f0f5beed1ebdd42bdd5b05b923eab34831c8e87c', '4', 'image/jpg', '211968', '1', '1461218124', '1461218124');
INSERT INTO `object` VALUES ('4476785746539', '7196be94e9b115639922e98afbe2dd88', '994b484323f3b102e33c2a9907767781b4bfa5ac', '4', 'image/jpg', '95232', '1', '1461218125', '1461218125');
INSERT INTO `object` VALUES ('4476793209452', 'd70516917520d0da9ba3640428df4eb7', '0b5b88ab6a3ecaf2ac85c4355ded3cf44888f5d3', '4', 'image/jpg', '20480', '1', '1461219036', '1461219036');
INSERT INTO `object` VALUES ('4476818170477', '1aa683ccd1a3b74d9ce1e2f261de6f6e', 'a18c49d331a7fceeccec52a035c497a2f3ae21c8', '4', 'image/jpg', '92160', '1', '1461222082', '1461222082');
INSERT INTO `object` VALUES ('4476818236014', '7fd36af4c46248df3f6bf0f377945d4e', '40fb7bc2b7a02d14841f460f40715aa90f724c9d', '4', 'image/jpg', '55296', '1', '1461222091', '1461222091');
INSERT INTO `object` VALUES ('4476818252399', 'ead98a26a6f8095f05be30c6cc038381', '98cb290a8904ac84a2f2f02f411f13635c99d6c6', '4', 'image/jpg', '78848', '1', '1461222093', '1461222093');
INSERT INTO `object` VALUES ('4476818350704', '411ba3ba0c8b31bb5e355a12ad01160a', '24030a463924ff3cec4337698fa1f0bdee394892', '4', 'image/jpg', '99328', '1', '1461222105', '1461222105');
INSERT INTO `object` VALUES ('4476822233713', 'b8f1efebd8b7669d343d893458d57bb4', '5e096dde85d0bf6d53352de0a3bd84c2bf323d98', '4', 'image/jpg', '167936', '1', '1461222579', '1461222579');
INSERT INTO `object` VALUES ('4476822356594', '3f44e5f0aa41514e94cb80337ba26a26', '6f66719909b3740cada0744c40fd63ee08fefad2', '4', 'image/jpg', '188847', '1', '1461222594', '1461222594');
INSERT INTO `object` VALUES ('4476822430323', '12ee98dc54bc7e6b3de15087af7f7215', '6833c05557ab094a2278c3145be55080006692aa', '4', 'image/jpg', '185344', '1', '1461222603', '1461222603');
INSERT INTO `object` VALUES ('4476832539252', '97b462902415e86e6077f7ae4057c5fb', '3588b253fbf722715a128afe2b7e0d5aac12f147', '4', 'image/jpg', '180285', '1', '1461223837', '1461223837');
INSERT INTO `object` VALUES ('4476832588405', '1c2782fbabcc1085e2ae5383564bfe04', '4ca6a6650ca01a273e1b2112e8244af4cc09ea99', '4', 'image/jpg', '200704', '1', '1461223843', '1461223843');
INSERT INTO `object` VALUES ('4476832883318', '0add874725176fc4d80abaa6946dbc94', '5d1acd78eb1f54c6ecf8595c78118a344c88ad2d', '4', 'image/jpg', '172141', '1', '1461223879', '1461223879');
INSERT INTO `object` VALUES ('4476832957047', '91c82c06763746b842d39d8ff8ea3418', '844e968682b27f193542581de5e264270d054f89', '4', 'image/jpg', '177152', '1', '1461223888', '1461223888');
INSERT INTO `object` VALUES ('4476857246328', '263d8f106e9c3ebac5c7067d671ce1b1', '088e47c6df89a08a9f610b769a820cbf114fe8f5', '4', 'image/jpg', '103424', '1', '1461226853', '1461226853');
INSERT INTO `object` VALUES ('4476876776057', 'eb33467c59e18bf344fdd2c5ccf5da0c', '1e0a494ded07ad455d7832368e0933b7ca74b093', '4', '12', '102400', '1', '1461229237', '1461229237');
INSERT INTO `object` VALUES ('4476879364730', '5efa7a12b2956e7de5e501350289d17d', 'fcfa5f9a8cbe955ed0c6cc5b6ea5192669e45931', '4', '12', '126976', '1', '1461229553', '1461229553');
INSERT INTO `object` VALUES ('4477389873787', 'fccbce224c89d7c9048202690335c9bf', '949ad04911a3dde1126340dc8c658676fe3f7bc9', '4', 'image/jpg', '76800', '1', '1461291871', '1461291871');
INSERT INTO `object` VALUES ('4477408830076', '4a6768d525de5f7f7630bb9049aca415', '0fdc55b438e25c818e5191bf1bcccc97a2e40388', '4', 'image/jpg', '267264', '1', '1461294185', '1461294185');
INSERT INTO `object` VALUES ('4477409108605', 'fc66a61f2fa3c270fb7554918429f35a', 'a29009576f7b95837ffc4b409ee6d9f909ce2af2', '4', 'image/jpg', '336638', '1', '1461294219', '1461294219');
INSERT INTO `object` VALUES ('4477409469054', 'ad51e54db2f85c42c219b3ed18acc6c0', '9fb4829a088d06b8f0e119c3fffeefe1466fa003', '4', 'image/jpg', '295936', '1', '1461294263', '1461294263');
INSERT INTO `object` VALUES ('4477418734207', '8671ee18676d8754cf9cb2f4b215a800', 'd74de222544975b1c12f431129f6535370b050c7', '4', 'image/jpg', '339968', '1', '1461295394', '1461295394');
INSERT INTO `object` VALUES ('4477562651264', 'ec1fbeb3d938fd1b7852ae00997fe5d3', 'e6a90e74457f5b33224172d171c76c6f82d340b3', '4', '12', '89088', '1', '1461312962', '1461312962');
INSERT INTO `object` VALUES ('4477606232705', 'affc886b1b0f6e48f7aeeb07ba53486d', 'abbb45ea902bd8c61e87034eb7df6d48aa0aab74', '4', '12', '51200', '1', '1461318282', '1461318282');
INSERT INTO `object` VALUES ('4477606298242', '0de01c8a30e3e88cc14aad42180d0451', 'c58c18c84bfd6fb21aa1bdb8da5e485547a4f4fb', '4', '12', '44032', '1', '1461318289', '1461318289');
INSERT INTO `object` VALUES ('4479537554051', '868eb68838e4cc0b1f42f028c5f0fcdc', 'b2ec07fda3bf7ba5f95b406d5d6b97bb17adbcc0', '4', 'image/jpg', '92160', '1', '1461554038', '1461554038');
INSERT INTO `object` VALUES ('4479538209412', 'c68fbd93c4653056c631a8bfc2ff399d', 'b32c2d102a08ebd9a1c173eaaee02352da99c15b', '4', 'image/jpg', '55296', '1', '1461554118', '1461554118');
INSERT INTO `object` VALUES ('4479538307717', '3a3fb998548bbd1b39dcbc67cf2e703f', '24388be120c8b9605dfa20a61421781c8d479a65', '4', 'image/jpg', '115712', '1', '1461554131', '1461554131');
INSERT INTO `object` VALUES ('4479538406022', '4e2e9707580ed536443b02a4550c1d78', '24a806f02739db210501288ae8626dca951e62d6', '4', 'image/jpg', '99328', '1', '1461554143', '1461554143');
INSERT INTO `object` VALUES ('4479538487943', '37c71fff02267897a1c898d48582f5f1', 'fbf1873008dca989fcc8e68f17c3e005f88e9bee', '4', 'image/jpg', '126976', '1', '1461554152', '1461554152');
INSERT INTO `object` VALUES ('4479538619016', '450a8f89f8f6466eccd7321c0efee4ba', '21b10cc713d64835c954837467fc24a1f8569798', '4', 'image/jpg', '86016', '1', '1461554169', '1461554169');
INSERT INTO `object` VALUES ('4479542248073', '056642d11c4a5da6600cebe4bc2430e4', '93ef02836d0647e4ed5db9088be27478c2786ae2', '4', 'image/jpg', '95232', '1', '1461554611', '1461554611');
INSERT INTO `object` VALUES ('4479542313610', 'fc6535a9aa12563715eae75b22aafac3', '6d5e1c2122b781046a58ead84afc18fabb8c1f09', '4', 'image/jpg', '97280', '1', '1461554619', '1461554619');
INSERT INTO `object` VALUES ('4479542583947', '19ca2aa85a168d9b26ff616d12d58c7f', 'a34f157dc048d68912af53c4e0e8f77d38c8f08a', '4', 'image/jpg', '119808', '1', '1461554653', '1461554653');
INSERT INTO `object` VALUES ('4479544550028', '767e2d10ebd8edf99ff417fae2e55698', '94391e2ee955823695af1ae0f7275fd73f0e51d7', '4', 'image/jpg', '78848', '1', '1461554893', '1461554893');
INSERT INTO `object` VALUES ('4479544574605', 'c3f812ebc7dc8f583b880fa2d59702f1', '780e0af31c073ae4dfce4db046e8208e200d91d2', '4', 'image/jpg', '100352', '1', '1461554896', '1461554896');
INSERT INTO `object` VALUES ('4479544607374', 'e84e78acc566dfa8ad078ad5a3c0f213', '02d4afa0a895794dfdcb5418e5a0bf4427ad13e3', '4', 'image/jpg', '142336', '1', '1461554900', '1461554900');
INSERT INTO `object` VALUES ('4479628722831', 'abcc45448feacadaaf4a259e187fe38c', 'af5ad644b86f8e3223ed6f34fc1e81892314f735', '4', '12', '37888', '1', '1461565167', '1461565167');
INSERT INTO `object` VALUES ('4479674090128', '4466304f665d6f557ae765845167fff1', 'e528ff8dd346cd11220280199ae0936d38ac0e17', '4', 'image/jpg', '160768', '1', '1461570706', '1461570706');
INSERT INTO `object` VALUES ('4479674466961', '0e32f40d2c5e0c7371017349cda77c25', '2c42e08e9534819b9211ba6b10617dbf03f8c243', '4', 'image/jpg', '160768', '1', '1461570751', '1461570751');
INSERT INTO `object` VALUES ('4479717106322', '559078662e1879301dbdbb7c79ec050e', '125f6900d7c111507c34f81814e6abc7948c16fb', '4', '12', '225280', '1', '1461575958', '1461575958');
INSERT INTO `object` VALUES ('4480201998995', '70c74d945d29022cd81d1fb2e53b8461', '4d9f21c91b0d0e4504e9267a75cc78ccd3ad63e2', '4', 'image/jpg', '29696', '1', '1461635147', '1461635147');
INSERT INTO `object` VALUES ('4480323691156', 'c658ce99848f1792c2ed56371124bdd1', 'ac74a7da17f605af19bdb5f7737c2103cad974f9', '4', 'image/jpg', '131706', '1', '1461650003', '1461650003');
INSERT INTO `object` VALUES ('4480351568533', '0b58db657ce8ac6e3a8bcdc8c8c7e77d', '999c71985289fab7c966defdda7bca02d64d0931', '4', 'image/jpg', '149504', '1', '1461653406', '1461653406');
INSERT INTO `object` VALUES ('4480362193558', '14a19634708cec39ef78b6ca07084c73', 'f3a077026bc31fc33773ac707dba5b35721c02cb', '4', 'image/jpg', '26624', '1', '1461654702', '1461654702');
INSERT INTO `object` VALUES ('4480388702871', '5fecde8db1e36abba6da0b731f0a5242', '6d993459ee5c482714f72e87b3625ef58720bf14', '4', '12', '135168', '1', '1461657939', '1461657939');
INSERT INTO `object` VALUES ('4480389022360', '3f01c4e882f21cd61ac4ea8c63c7ffa3', '40980a71371ba7da38e53c4157e2d17f2309e2a5', '4', '12', '38912', '1', '1461657977', '1461657977');
INSERT INTO `object` VALUES ('4480901096089', '9b37c6d7239e43b943ef50c855532ff3', '6c9a0d708051cba78d0c441dda9fdd386352abc2', '4', '12', '260096', '1', '1461720487', '1461720487');
INSERT INTO `object` VALUES ('4480901841562', 'b6b29f873535cf33120d7e122ba4170a', '2e7de072e248f3639234e0037b9cd5e1ce63470a', '4', '12', '175104', '1', '1461720578', '1461720578');
INSERT INTO `object` VALUES ('4480909664923', 'ec526f523fe60c4a0ef295570172007f', 'c11cf8257990df011f7ef6a6f5169b624ebe165a', '4', '12', '180292', '1', '1461721533', '1461721533');
INSERT INTO `object` VALUES ('4480909746844', '58e69eef743ddd8b49b861cbe3b3997f', 'ed8b96cf156afeb91fd3ae9f7afd33853426e038', '4', '12', '75776', '1', '1461721543', '1461721543');
INSERT INTO `object` VALUES ('4480923353757', '6c8958445e85fe2f552ee43dbe3916fc', 'd31702ca7fa26c1117fb8bd4e2aacab31dcb5571', '4', '12', '66517', '1', '1461723203', '1461723203');
INSERT INTO `object` VALUES ('4480956203678', '0c6f5b64c2fb3df85dd00136873650ec', '9e80fe096de46adb14d32fbbb9ecf6a125af2344', '4', '12', '47104', '1', '1461727214', '1461727214');
INSERT INTO `object` VALUES ('4480956342943', '5adbdc194f188d24f53e18ebedb72cdd', 'b9eaae183750c94caf904ac120857f68dccfd068', '4', '12', '98398', '1', '1461727230', '1461727230');
INSERT INTO `object` VALUES ('4480957498016', 'ce16408f9fc545306b123d7ac51434d4', '8c373fb8f22992607f235ad8d7f2f8c60c7b3c56', '4', 'image/jpg', '34816', '1', '1461727371', '1461727371');
INSERT INTO `object` VALUES ('4481030324897', '58ede3b75bd172be46e7f2a8a02716c9', 'a63dec2bff71506f208f730bebc0dd7ca9e2f91c', '4', '12', '194560', '1', '1461736262', '1461736262');
INSERT INTO `object` VALUES ('4481034248866', 'e4547b8a94e2c855288c48da3d403579', '0e52d5b15cc3355f8d876996c49d753f2601f637', '4', 'image/jpg', '46080', '1', '1461736740', '1461736740');
INSERT INTO `object` VALUES ('4481040925347', 'afcf6d9445537604ee39b2f9aedf1f00', '6ace10405bd08f01a293bbad6359e28e8824e5ce', '4', 'image/jpg', '269312', '1', '1461737556', '1461737556');
INSERT INTO `object` VALUES ('4481042162340', 'fd3034ee2af801d2346d0c5f220974d3', 'b0382ac770786583e466e678d3bf6b5ba6308f0f', '4', 'image/jpg', '299008', '1', '1461737707', '1461737707');
INSERT INTO `object` VALUES ('4481073087141', 'f8742f48e0f4ac0a4db1d7404a31d2f0', 'ea8a86c68da9fb097a241f5c08c26a1ee89915c1', '4', '12', '92160', '1', '1461741482', '1461741482');
INSERT INTO `object` VALUES ('4481113506470', 'f1650935d2226830137d5675d0a8f0af', '9f4c01e235de2022a127c0fa9b68871a1b77fdf0', '4', 'image/jpg', '320512', '1', '1461746416', '1461746416');
INSERT INTO `object` VALUES ('4481128268455', 'd4f3f109e14b5600747907468ea28d64', 'a156a1f15770c74f89ae57ab7e8c5ac0988e7c33', '4', '12', '248832', '1', '1461748219', '1461748219');
INSERT INTO `object` VALUES ('4481128866472', '5681281056567b649a158da829f7b5da', 'e7afee54a593f6cb6fd1aad60917ee218360b26d', '4', '12', '48128', '1', '1461748291', '1461748291');
INSERT INTO `object` VALUES ('4481131676329', 'f80cd7b27f9b5315ff6e53ce668f4e6c', '7120ea2785c3751dec8866d4a6a453d08112f0ca', '4', '12', '144384', '1', '1461748634', '1461748634');
INSERT INTO `object` VALUES ('4481132667562', 'ac47e3424ea3f8c1b7903d51164a3155', 'ae6aa377b6b790aa009b3937a8636ba517e4b193', '4', '12', '174080', '1', '1461748755', '1461748755');
INSERT INTO `object` VALUES ('4481132749483', '11a91babfe6f7536bd5898325a644627', 'e08ae6fcfa6a09b985370d2a7ea403df06401b43', '4', '12', '213581', '1', '1461748765', '1461748765');
INSERT INTO `object` VALUES ('4481132782252', '0dca4b866916ef624663efb92398e677', '733d22eb9626cd3508ae2333e00c4cdbc1566d6a', '4', '12', '82944', '1', '1461748769', '1461748769');
INSERT INTO `object` VALUES ('4481133535917', '7c00b16f85f708fc1b8ab36ce2c47c50', 'c4ef3c83f41fa569e7f666d6f565e8c908a56669', '4', '12', '50176', '1', '1461748861', '1461748861');
INSERT INTO `object` VALUES ('4481133658798', 'c71163caf0f301528c37a657d5d6f3a2', '7397af9c4b5cd8ce235be8936749fd8dc16ba06b', '4', '12', '66560', '1', '1461748875', '1461748875');
INSERT INTO `object` VALUES ('4481146143407', 'a42eb7638018e09c33c0ea15e6b6bb44', '8a52f258844b1ff62cdd6c89adf9a7e24d21b748', '4', '12', '77824', '1', '1461750400', '1461750400');
INSERT INTO `object` VALUES ('4481610244784', 'be8a5c4256b0f44e048af5678f000564', '3efc1214c19bc6a40232d40bf0fe93e8b0c8100c', '4', '12', '175104', '1', '1461807053', '1461807053');
INSERT INTO `object` VALUES ('4481610523313', '42f4a06a0fb876725e69de7597696052', 'b9bdf7f2e2250508498b9fb3b13071b19d16c7d0', '4', '12', '131080', '1', '1461807087', '1461807087');
INSERT INTO `object` VALUES ('4481641874098', '1bdebfa3b7c4d93f571140effc89bc27', 'efb63ed8ecc53f55eeac9371ce0e1fdec0a56ea4', '4', 'image/jpg', '202752', '1', '1461810914', '1461810914');
INSERT INTO `object` VALUES ('4481641939635', 'ba973d4bdfc031ab766d9912ffef82c1', '57035d592a0974c297c977a31e47f723c1edab52', '4', 'image/jpg', '223232', '1', '1461810922', '1461810922');
INSERT INTO `object` VALUES ('4481641988788', '3c927c14de47a2ca06452a63256f4f37', '50fa7d32ffa6e2d41a8d7559a3639f1d0a2d0b53', '4', 'image/jpg', '156672', '1', '1461810928', '1461810928');
INSERT INTO `object` VALUES ('4481642062517', 'b99166efd8ed8eef4f3e86d7925f4f27', '3ada6643cd41a00f896f12b23925d4d5625a6bab', '4', 'image/jpg', '177152', '1', '1461810937', '1461810937');
INSERT INTO `object` VALUES ('4481642185398', '203ba6fb7bcf8bf9b92dd7c098046228', 'f7196555a6e61c795f7f83d307166a50904d376f', '4', 'image/jpg', '363520', '1', '1461810952', '1461810952');
INSERT INTO `object` VALUES ('4481779040951', '8eb575114bc6b09c0885fcc0f5e1777c', 'f8f31c539315e1cf964cb514505eefe28cab86df', '4', 'image/jpg', '194560', '1', '1461827658', '1461827658');
INSERT INTO `object` VALUES ('4481779114680', '2139ccbd87628afd19497ffd070496f6', 'dfbd82151d7a3906cc34f80aae895aa9231a1c83', '4', 'image/jpg', '229542', '1', '1461827667', '1461827667');
INSERT INTO `object` VALUES ('4481779188409', '8f0d5e650838f7c17415ba752773aa3d', '817401927be43fbd0a970c228c2dd4e45b00b690', '4', 'image/jpg', '227328', '1', '1461827676', '1461827676');
INSERT INTO `object` VALUES ('4481779253946', '953c76cee2a83a58f71d566830aeec6b', '3fb8e6cfddafd2285bdfa643cb83bf8352fb6aae', '4', 'image/jpg', '214016', '1', '1461827684', '1461827684');
INSERT INTO `object` VALUES ('4481779368635', 'ee4e0c2c2340493c664f8714c25c7801', '9f07ed8f499a18ae30e1bb690c8f3ef8b0fcce7a', '4', 'image/jpg', '229571', '1', '1461827698', '1461827698');
INSERT INTO `object` VALUES ('4481779794620', '70554c4b18d2854507c859abd069b879', '984c2eb770246c63c3a2bc3e1069b700c9cd9565', '4', 'image/jpg', '243712', '1', '1461827750', '1461827750');
INSERT INTO `object` VALUES ('4481780105917', 'd6a694b95103bd63d2c21e3878285033', '60bb48d81e5909ae73f57cdfaebcfc9b2eacea80', '4', 'image/jpg', '14336', '1', '1461827787', '1461827787');
INSERT INTO `object` VALUES ('4481780474558', '4c3bbc14971554961f6a06a9a8ef3493', '1f7d5f244537ba1d95e617ea919c33529bfedc5b', '4', 'image/jpg', '235520', '1', '1461827833', '1461827833');
INSERT INTO `object` VALUES ('4481791181503', 'be27c931a721fe61a01ad7402a7788d3', '150ea4eb2f45fa366e3a5405513f1dc913144c2b', '4', 'image/jpg', '231424', '1', '1461829140', '1461829140');
INSERT INTO `object` VALUES ('4481791812288', '41585b80f46a4302036d9c4fcfa671ca', 'edbb0137c1383b9eadd5856697c99da0c7a2621f', '4', 'image/jpg', '323584', '1', '1461829218', '1461829218');
INSERT INTO `object` VALUES ('4481802158785', 'd5c0127de21daaf5fee56d78824aa661', '4257e2b2199d39060083f2774289162a55755268', '4', 'image/jpg', '218112', '1', '1461830480', '1461830480');
INSERT INTO `object` VALUES ('4481802257090', '92b5c6d5bac1aef86cc6d13a27afa166', 'd8a02000730fcf50a95f04a9d36eba1803c59ed8', '4', 'image/jpg', '305152', '1', '1461830492', '1461830492');

-- ----------------------------
-- Table structure for object_meta_image
-- ----------------------------
DROP TABLE IF EXISTS `object_meta_image`;
CREATE TABLE `object_meta_image` (
  `id` bigint(20) unsigned NOT NULL COMMENT 'Object ID',
  `width` int(10) unsigned NOT NULL COMMENT '宽',
  `height` int(10) unsigned NOT NULL COMMENT '高',
  `latitude` decimal(10,6) DEFAULT NULL COMMENT '纬度',
  `longitude` decimal(10,6) DEFAULT NULL COMMENT '经度',
  PRIMARY KEY (`id`)
) ENGINE=InnoDB DEFAULT CHARSET=utf8 COMMENT='文件对象元数据';

-- ----------------------------
-- Records of object_meta_image
-- ----------------------------
INSERT INTO `object_meta_image` VALUES ('0', '750', '750', null, null);
INSERT INTO `object_meta_image` VALUES ('1604110058747', '3264', '2448', null, null);
INSERT INTO `object_meta_image` VALUES ('1604110390283', '1536', '2048', null, null);
INSERT INTO `object_meta_image` VALUES ('1604121001314', '3264', '2448', null, null);
INSERT INTO `object_meta_image` VALUES ('1604121603461', '3264', '2448', null, null);
INSERT INTO `object_meta_image` VALUES ('1604123294222', '3264', '2448', null, null);
INSERT INTO `object_meta_image` VALUES ('1604130075359', '3264', '2448', null, null);
INSERT INTO `object_meta_image` VALUES ('1604133046699', '3264', '2448', null, null);
INSERT INTO `object_meta_image` VALUES ('4447875407876', '640', '400', null, null);
INSERT INTO `object_meta_image` VALUES ('4447876890629', '200', '267', null, null);
INSERT INTO `object_meta_image` VALUES ('4449290526728', '200', '267', null, null);
INSERT INTO `object_meta_image` VALUES ('4449293467658', '200', '267', null, null);
INSERT INTO `object_meta_image` VALUES ('4449294016523', '200', '267', null, null);
INSERT INTO `object_meta_image` VALUES ('4449312628748', '200', '267', null, null);
INSERT INTO `object_meta_image` VALUES ('4449317568525', '200', '267', null, null);
INSERT INTO `object_meta_image` VALUES ('4449320910862', '200', '267', null, null);
INSERT INTO `object_meta_image` VALUES ('4449322229775', '200', '267', null, null);
INSERT INTO `object_meta_image` VALUES ('4449330176016', '200', '267', null, null);
INSERT INTO `object_meta_image` VALUES ('4449332035601', '200', '267', null, null);
INSERT INTO `object_meta_image` VALUES ('4449333051410', '200', '267', null, null);
INSERT INTO `object_meta_image` VALUES ('4449335648275', '200', '267', null, null);
INSERT INTO `object_meta_image` VALUES ('4449338703892', '200', '267', null, null);
INSERT INTO `object_meta_image` VALUES ('4449343782933', '200', '267', null, null);
INSERT INTO `object_meta_image` VALUES ('4449775304726', '200', '267', null, null);
INSERT INTO `object_meta_image` VALUES ('4449788747800', '200', '267', null, null);
INSERT INTO `object_meta_image` VALUES ('4449789706265', '200', '267', null, null);
INSERT INTO `object_meta_image` VALUES ('4449794367514', '200', '267', null, null);
INSERT INTO `object_meta_image` VALUES ('4449819729947', '200', '267', null, null);
INSERT INTO `object_meta_image` VALUES ('4449943035936', '1536', '2048', null, null);
INSERT INTO `object_meta_image` VALUES ('4449977057316', '200', '267', null, null);
INSERT INTO `object_meta_image` VALUES ('4449978531877', '200', '267', null, null);
INSERT INTO `object_meta_image` VALUES ('4449988190246', '200', '267', null, null);
INSERT INTO `object_meta_image` VALUES ('4450004328488', '1536', '2048', null, null);
INSERT INTO `object_meta_image` VALUES ('4450009882666', '3264', '2448', null, null);
INSERT INTO `object_meta_image` VALUES ('4450015404075', '1536', '2048', null, null);
INSERT INTO `object_meta_image` VALUES ('4450509070386', '3000', '2002', null, null);
INSERT INTO `object_meta_image` VALUES ('4450526928951', '200', '267', null, null);
INSERT INTO `object_meta_image` VALUES ('4450527805496', '200', '267', null, null);
INSERT INTO `object_meta_image` VALUES ('4450540429369', '3000', '2002', null, null);
INSERT INTO `object_meta_image` VALUES ('4450544017466', '3000', '2002', null, null);
INSERT INTO `object_meta_image` VALUES ('4450688237628', '200', '267', null, null);
INSERT INTO `object_meta_image` VALUES ('4450701787200', '200', '267', null, null);
INSERT INTO `object_meta_image` VALUES ('4450718220353', '200', '267', null, null);
INSERT INTO `object_meta_image` VALUES ('4450725994562', '200', '267', null, null);
INSERT INTO `object_meta_image` VALUES ('4451200213063', '200', '267', null, null);
INSERT INTO `object_meta_image` VALUES ('4451220258889', '200', '267', null, null);
INSERT INTO `object_meta_image` VALUES ('4451321872470', '3264', '2448', null, null);
INSERT INTO `object_meta_image` VALUES ('4451323863127', '3264', '2448', null, null);
INSERT INTO `object_meta_image` VALUES ('4451330506840', '200', '267', null, null);
INSERT INTO `object_meta_image` VALUES ('4451342598234', '200', '267', null, null);
INSERT INTO `object_meta_image` VALUES ('4451352977500', '120', '120', null, null);
INSERT INTO `object_meta_image` VALUES ('4451356835933', '200', '267', null, null);
INSERT INTO `object_meta_image` VALUES ('4451358097502', '200', '267', null, null);
INSERT INTO `object_meta_image` VALUES ('4451369263200', '120', '120', null, null);
INSERT INTO `object_meta_image` VALUES ('4451370778722', '120', '120', null, null);
INSERT INTO `object_meta_image` VALUES ('4451431907442', '640', '640', null, null);
INSERT INTO `object_meta_image` VALUES ('4451934306420', '640', '640', null, null);
INSERT INTO `object_meta_image` VALUES ('4451935953013', '3264', '2448', null, null);
INSERT INTO `object_meta_image` VALUES ('4452056014966', '1536', '2048', null, null);
INSERT INTO `object_meta_image` VALUES ('4452058415224', '1536', '2048', null, null);
INSERT INTO `object_meta_image` VALUES ('4452761673881', '640', '428', null, null);
INSERT INTO `object_meta_image` VALUES ('4454718963866', '3000', '2002', null, null);
INSERT INTO `object_meta_image` VALUES ('4454762553502', '3264', '2448', null, null);
INSERT INTO `object_meta_image` VALUES ('4454861742243', '3264', '2448', null, null);
INSERT INTO `object_meta_image` VALUES ('4454941499556', '3264', '2448', null, null);
INSERT INTO `object_meta_image` VALUES ('4454944145573', '3264', '2448', null, null);
INSERT INTO `object_meta_image` VALUES ('4455427416230', '640', '640', null, null);
INSERT INTO `object_meta_image` VALUES ('4455591887030', '640', '854', null, null);
INSERT INTO `object_meta_image` VALUES ('4455605174462', '640', '640', null, null);
INSERT INTO `object_meta_image` VALUES ('4455606452415', '640', '428', null, null);
INSERT INTO `object_meta_image` VALUES ('4455614136514', '3000', '2002', null, null);
INSERT INTO `object_meta_image` VALUES ('4455615684803', '1668', '2500', null, null);
INSERT INTO `object_meta_image` VALUES ('4455623770308', '3264', '2448', null, null);
INSERT INTO `object_meta_image` VALUES ('4455641866450', '640', '426', null, null);
INSERT INTO `object_meta_image` VALUES ('4455643218132', '640', '640', null, null);
INSERT INTO `object_meta_image` VALUES ('4455643619541', '640', '640', null, null);
INSERT INTO `object_meta_image` VALUES ('4456344977645', '274', '300', null, null);
INSERT INTO `object_meta_image` VALUES ('4456370168046', '3264', '2448', null, null);
INSERT INTO `object_meta_image` VALUES ('4456371937519', '4032', '3024', null, null);
INSERT INTO `object_meta_image` VALUES ('4456373690608', '750', '560', null, null);
INSERT INTO `object_meta_image` VALUES ('4456375107826', '4032', '3024', '28.222597', '112.924268');
INSERT INTO `object_meta_image` VALUES ('4456380629237', '40', '30', null, null);
INSERT INTO `object_meta_image` VALUES ('4456856199421', '3264', '2448', null, null);
INSERT INTO `object_meta_image` VALUES ('4456909046017', '750', '750', null, null);
INSERT INTO `object_meta_image` VALUES ('4457616769319', '750', '750', null, null);
INSERT INTO `object_meta_image` VALUES ('4457618506024', '750', '750', null, null);
INSERT INTO `object_meta_image` VALUES ('4457700827437', '638', '636', null, null);
INSERT INTO `object_meta_image` VALUES ('4457701540142', '638', '640', null, null);
INSERT INTO `object_meta_image` VALUES ('4457702785327', '638', '640', null, null);
INSERT INTO `object_meta_image` VALUES ('4457707643185', '640', '640', null, null);
INSERT INTO `object_meta_image` VALUES ('4457708658994', '638', '640', null, null);
INSERT INTO `object_meta_image` VALUES ('4459692622141', '1152', '1536', null, null);
INSERT INTO `object_meta_image` VALUES ('4459709587776', '400', '300', null, null);
INSERT INTO `object_meta_image` VALUES ('4459711357249', '960', '1280', null, null);
INSERT INTO `object_meta_image` VALUES ('4459742028101', '960', '1280', null, null);
INSERT INTO `object_meta_image` VALUES ('4459897921872', '200', '267', null, null);
INSERT INTO `object_meta_image` VALUES ('4459901321555', '4288', '2848', null, null);
INSERT INTO `object_meta_image` VALUES ('4459903631700', '200', '267', null, null);
INSERT INTO `object_meta_image` VALUES ('4459911733589', '400', '267', null, null);
INSERT INTO `object_meta_image` VALUES ('4460367208790', '736', '750', null, null);
INSERT INTO `object_meta_image` VALUES ('4460367438167', '750', '728', null, null);
INSERT INTO `object_meta_image` VALUES ('4460615737688', '300', '200', '38.433392', '-86.250063');
INSERT INTO `object_meta_image` VALUES ('4460619424089', '300', '200', null, null);
INSERT INTO `object_meta_image` VALUES ('4461252288863', '300', '200', null, null);
INSERT INTO `object_meta_image` VALUES ('4461254893923', '960', '1280', null, null);
INSERT INTO `object_meta_image` VALUES ('4461315875199', '640', '1136', null, null);
INSERT INTO `object_meta_image` VALUES ('4461319520641', '2272', '1696', null, null);
INSERT INTO `object_meta_image` VALUES ('4461330366854', '2272', '1696', null, null);
INSERT INTO `object_meta_image` VALUES ('4461803331981', '960', '1280', null, null);
INSERT INTO `object_meta_image` VALUES ('4461833855377', '3264', '2448', null, null);
INSERT INTO `object_meta_image` VALUES ('4462552048019', '750', '750', null, null);
INSERT INTO `object_meta_image` VALUES ('4462676640148', '634', '476', null, null);
INSERT INTO `object_meta_image` VALUES ('4462744183189', '1200', '1800', null, null);
INSERT INTO `object_meta_image` VALUES ('4466103615911', '2272', '1696', null, null);
INSERT INTO `object_meta_image` VALUES ('4466107744680', '2592', '1936', null, null);
INSERT INTO `object_meta_image` VALUES ('4466109153705', '2592', '1936', null, null);
INSERT INTO `object_meta_image` VALUES ('4466212897205', '3264', '2448', null, null);
INSERT INTO `object_meta_image` VALUES ('4466283897272', '3264', '2448', null, null);
INSERT INTO `object_meta_image` VALUES ('4466284274105', '3264', '2448', null, null);
INSERT INTO `object_meta_image` VALUES ('4466284478906', '3264', '2448', null, null);
INSERT INTO `object_meta_image` VALUES ('4466807939520', '3264', '2448', null, null);
INSERT INTO `object_meta_image` VALUES ('4466809962946', '3264', '2448', null, null);
INSERT INTO `object_meta_image` VALUES ('4466815476163', '3264', '2448', null, null);
INSERT INTO `object_meta_image` VALUES ('4467476906450', '750', '750', null, null);
INSERT INTO `object_meta_image` VALUES ('4467477357011', '750', '750', null, null);
INSERT INTO `object_meta_image` VALUES ('4467477602772', '750', '750', null, null);
INSERT INTO `object_meta_image` VALUES ('4467515482581', '3264', '2448', '12.340000', '34.560000');
INSERT INTO `object_meta_image` VALUES ('4467519955414', '3264', '2448', null, null);
INSERT INTO `object_meta_image` VALUES ('4467521266135', '3264', '2448', '28.233437', '112.876945');
INSERT INTO `object_meta_image` VALUES ('4467704963546', '3264', '2448', '28.233403', '112.876883');
INSERT INTO `object_meta_image` VALUES ('4467705430491', '3264', '2448', '28.233272', '112.876822');
INSERT INTO `object_meta_image` VALUES ('4467706675676', '3264', '2448', '28.233274', '112.876808');
INSERT INTO `object_meta_image` VALUES ('4467710616029', '3264', '2448', '28.233328', '112.876945');
INSERT INTO `object_meta_image` VALUES ('4467711762910', '3264', '2448', '28.233275', '112.876870');
INSERT INTO `object_meta_image` VALUES ('4469624758751', '3264', '2448', '28.233284', '112.876808');
INSERT INTO `object_meta_image` VALUES ('4469625315809', '3264', '2448', '28.233229', '112.876923');
INSERT INTO `object_meta_image` VALUES ('4469756682725', '3264', '2448', '28.233322', '112.876640');
INSERT INTO `object_meta_image` VALUES ('4469757919718', '3264', '2448', '28.233312', '112.876830');
INSERT INTO `object_meta_image` VALUES ('4469770764776', '3000', '2002', '63.531400', '19.511200');
INSERT INTO `object_meta_image` VALUES ('4469785657835', '3264', '2448', '28.233282', '112.876724');
INSERT INTO `object_meta_image` VALUES ('4469793096172', '3264', '2448', '28.233240', '112.876785');
INSERT INTO `object_meta_image` VALUES ('4469793808877', '3264', '2448', '28.233297', '112.876862');
INSERT INTO `object_meta_image` VALUES ('4469795193326', '3264', '2448', '28.233250', '112.876869');
INSERT INTO `object_meta_image` VALUES ('4469797315055', '3264', '2448', '28.233223', '112.876884');
INSERT INTO `object_meta_image` VALUES ('4469798707696', '3264', '2448', '28.233246', '112.876823');
INSERT INTO `object_meta_image` VALUES ('4469801525747', '3264', '2448', '28.233294', '112.877022');
INSERT INTO `object_meta_image` VALUES ('4469802877428', '3264', '2448', null, null);
INSERT INTO `object_meta_image` VALUES ('4469809734137', '3264', '2448', '28.233284', '112.876831');
INSERT INTO `object_meta_image` VALUES ('4469810217466', '3264', '2448', '28.233160', '112.876923');
INSERT INTO `object_meta_image` VALUES ('4469811503611', '3264', '2448', '28.233283', '112.876830');
INSERT INTO `object_meta_image` VALUES ('4469812724220', '3264', '2448', '28.233283', '112.876830');
INSERT INTO `object_meta_image` VALUES ('4470333440524', '3264', '2448', null, null);
INSERT INTO `object_meta_image` VALUES ('4471004357143', '354', '198', null, null);
INSERT INTO `object_meta_image` VALUES ('4471004766744', '550', '400', null, null);
INSERT INTO `object_meta_image` VALUES ('4471010140699', '253', '296', null, null);
INSERT INTO `object_meta_image` VALUES ('4471156507178', '570', '398', null, null);
INSERT INTO `object_meta_image` VALUES ('4471161455147', '278', '110', null, null);
INSERT INTO `object_meta_image` VALUES ('4471168418348', '278', '110', null, null);
INSERT INTO `object_meta_image` VALUES ('4471212311085', '640', '640', null, null);
INSERT INTO `object_meta_image` VALUES ('4471701889582', '640', '1136', null, null);
INSERT INTO `object_meta_image` VALUES ('4471703740976', '278', '70', null, null);
INSERT INTO `object_meta_image` VALUES ('4471703929393', '3264', '2448', null, null);
INSERT INTO `object_meta_image` VALUES ('4471705117234', '3264', '2448', null, null);
INSERT INTO `object_meta_image` VALUES ('4471705526835', '3264', '2448', null, null);
INSERT INTO `object_meta_image` VALUES ('4471705862708', '3264', '2448', null, null);
INSERT INTO `object_meta_image` VALUES ('4471708090933', '750', '750', null, null);
INSERT INTO `object_meta_image` VALUES ('4471712530998', '3264', '2448', null, null);
INSERT INTO `object_meta_image` VALUES ('4471869071927', '3264', '2448', null, null);
INSERT INTO `object_meta_image` VALUES ('4471909524024', '2592', '1936', null, null);
INSERT INTO `object_meta_image` VALUES ('4471909540409', '2592', '1936', null, null);
INSERT INTO `object_meta_image` VALUES ('4471919428155', '640', '1136', null, null);
INSERT INTO `object_meta_image` VALUES ('4471920255548', '2592', '1936', null, null);
INSERT INTO `object_meta_image` VALUES ('4471920288317', '2592', '1936', null, null);
INSERT INTO `object_meta_image` VALUES ('4471920304702', '2592', '1936', null, null);
INSERT INTO `object_meta_image` VALUES ('4471920386623', '2592', '1936', null, null);
INSERT INTO `object_meta_image` VALUES ('4471920386624', '2592', '1936', null, null);
INSERT INTO `object_meta_image` VALUES ('4471945921089', '2668', '2000', null, null);
INSERT INTO `object_meta_image` VALUES ('4474668679746', '600', '448', null, null);
INSERT INTO `object_meta_image` VALUES ('4474697622083', '750', '1334', null, null);
INSERT INTO `object_meta_image` VALUES ('4474703594052', '638', '640', null, null);
INSERT INTO `object_meta_image` VALUES ('4474773217861', '640', '960', null, null);
INSERT INTO `object_meta_image` VALUES ('4475242095174', '638', '640', null, null);
INSERT INTO `object_meta_image` VALUES ('4475388289607', '640', '1136', null, null);
INSERT INTO `object_meta_image` VALUES ('4475395465800', '3264', '2448', null, null);
INSERT INTO `object_meta_image` VALUES ('4475404591689', '640', '1136', null, null);
INSERT INTO `object_meta_image` VALUES ('4475404886602', '2272', '1696', null, null);
INSERT INTO `object_meta_image` VALUES ('4475405050443', '2592', '1936', null, null);
INSERT INTO `object_meta_image` VALUES ('4475405435468', '3264', '2448', null, null);
INSERT INTO `object_meta_image` VALUES ('4475405869645', '2592', '1936', null, null);
INSERT INTO `object_meta_image` VALUES ('4475983815246', '1536', '2048', null, null);
INSERT INTO `object_meta_image` VALUES ('4476151251535', '3264', '2448', null, null);
INSERT INTO `object_meta_image` VALUES ('4476151407184', '3264', '2448', null, null);
INSERT INTO `object_meta_image` VALUES ('4476173992529', '2668', '2000', null, null);
INSERT INTO `object_meta_image` VALUES ('4476657541714', '3264', '2448', null, null);
INSERT INTO `object_meta_image` VALUES ('4476657680979', '3264', '2448', null, null);
INSERT INTO `object_meta_image` VALUES ('4476659565140', '3264', '2448', null, null);
INSERT INTO `object_meta_image` VALUES ('4476659671637', '3264', '2448', null, null);
INSERT INTO `object_meta_image` VALUES ('4476659696214', '3264', '2448', null, null);
INSERT INTO `object_meta_image` VALUES ('4476659966551', '3264', '2448', null, null);
INSERT INTO `object_meta_image` VALUES ('4476662768216', '3264', '2448', null, null);
INSERT INTO `object_meta_image` VALUES ('4476663104089', '3264', '2448', null, null);
INSERT INTO `object_meta_image` VALUES ('4476668248666', '3264', '2448', null, null);
INSERT INTO `object_meta_image` VALUES ('4476668355163', '3264', '2448', null, null);
INSERT INTO `object_meta_image` VALUES ('4476668527196', '278', '110', null, null);
INSERT INTO `object_meta_image` VALUES ('4476669493853', '3264', '2448', null, null);
INSERT INTO `object_meta_image` VALUES ('4476673417822', '3264', '2448', null, null);
INSERT INTO `object_meta_image` VALUES ('4476673507935', '3264', '2448', null, null);
INSERT INTO `object_meta_image` VALUES ('4476676858464', '3264', '2448', null, null);
INSERT INTO `object_meta_image` VALUES ('4476676973153', '3264', '2448', null, null);
INSERT INTO `object_meta_image` VALUES ('4476713165410', '1536', '2048', null, null);
INSERT INTO `object_meta_image` VALUES ('4476713706083', '960', '1280', null, null);
INSERT INTO `object_meta_image` VALUES ('4476714443364', '1670', '360', null, null);
INSERT INTO `object_meta_image` VALUES ('4476715229797', '2048', '1536', null, null);
INSERT INTO `object_meta_image` VALUES ('4476727411302', '1440', '1920', null, null);
INSERT INTO `object_meta_image` VALUES ('4476784345703', '1536', '2048', null, null);
INSERT INTO `object_meta_image` VALUES ('4476785697384', '3264', '2448', null, null);
INSERT INTO `object_meta_image` VALUES ('4476785705577', '3264', '2448', null, null);
INSERT INTO `object_meta_image` VALUES ('4476785738346', '3264', '2448', null, null);
INSERT INTO `object_meta_image` VALUES ('4476785746539', '1536', '2048', null, null);
INSERT INTO `object_meta_image` VALUES ('4476793209452', '640', '960', null, null);
INSERT INTO `object_meta_image` VALUES ('4476818170477', '1536', '2048', null, null);
INSERT INTO `object_meta_image` VALUES ('4476818236014', '1536', '2048', null, null);
INSERT INTO `object_meta_image` VALUES ('4476818252399', '1536', '2048', null, null);
INSERT INTO `object_meta_image` VALUES ('4476818350704', '2048', '1536', null, null);
INSERT INTO `object_meta_image` VALUES ('4476822233713', '3264', '2448', null, null);
INSERT INTO `object_meta_image` VALUES ('4476822356594', '3264', '2448', null, null);
INSERT INTO `object_meta_image` VALUES ('4476822430323', '3264', '2448', null, null);
INSERT INTO `object_meta_image` VALUES ('4476832539252', '3264', '2448', null, null);
INSERT INTO `object_meta_image` VALUES ('4476832588405', '3264', '2448', null, null);
INSERT INTO `object_meta_image` VALUES ('4476832883318', '3264', '2448', null, null);
INSERT INTO `object_meta_image` VALUES ('4476832957047', '3264', '2448', null, null);
INSERT INTO `object_meta_image` VALUES ('4476857246328', '2272', '1696', null, null);
INSERT INTO `object_meta_image` VALUES ('4476876776057', '270', '480', null, null);
INSERT INTO `object_meta_image` VALUES ('4476879364730', '480', '365', null, null);
INSERT INTO `object_meta_image` VALUES ('4477389873787', '1440', '1920', null, null);
INSERT INTO `object_meta_image` VALUES ('4477408830076', '3264', '2448', null, null);
INSERT INTO `object_meta_image` VALUES ('4477409108605', '3264', '2448', null, null);
INSERT INTO `object_meta_image` VALUES ('4477409469054', '3264', '2448', null, null);
INSERT INTO `object_meta_image` VALUES ('4477418734207', '3264', '2448', null, null);
INSERT INTO `object_meta_image` VALUES ('4477562651264', '271', '480', null, null);
INSERT INTO `object_meta_image` VALUES ('4477606232705', '271', '480', null, null);
INSERT INTO `object_meta_image` VALUES ('4477606298242', '271', '480', null, null);
INSERT INTO `object_meta_image` VALUES ('4479537554051', '1536', '2048', null, null);
INSERT INTO `object_meta_image` VALUES ('4479538209412', '1536', '2048', null, null);
INSERT INTO `object_meta_image` VALUES ('4479538307717', '1536', '2048', null, null);
INSERT INTO `object_meta_image` VALUES ('4479538406022', '2048', '1536', null, null);
INSERT INTO `object_meta_image` VALUES ('4479538487943', '1536', '2048', null, null);
INSERT INTO `object_meta_image` VALUES ('4479538619016', '1536', '2048', null, null);
INSERT INTO `object_meta_image` VALUES ('4479542248073', '1536', '2048', null, null);
INSERT INTO `object_meta_image` VALUES ('4479542313610', '2048', '1536', null, null);
INSERT INTO `object_meta_image` VALUES ('4479542583947', '2048', '1536', null, null);
INSERT INTO `object_meta_image` VALUES ('4479544550028', '1536', '2048', null, null);
INSERT INTO `object_meta_image` VALUES ('4479544574605', '2048', '1536', null, null);
INSERT INTO `object_meta_image` VALUES ('4479544607374', '1536', '2048', null, null);
INSERT INTO `object_meta_image` VALUES ('4479628722831', '270', '481', null, null);
INSERT INTO `object_meta_image` VALUES ('4479674090128', '3264', '2448', null, null);
INSERT INTO `object_meta_image` VALUES ('4479674466961', '3264', '2448', null, null);
INSERT INTO `object_meta_image` VALUES ('4479717106322', '360', '480', null, null);
INSERT INTO `object_meta_image` VALUES ('4480201998995', '640', '1136', null, null);
INSERT INTO `object_meta_image` VALUES ('4480323691156', '960', '1280', null, null);
INSERT INTO `object_meta_image` VALUES ('4480351568533', '2592', '1936', null, null);
INSERT INTO `object_meta_image` VALUES ('4480362193558', '640', '640', null, null);
INSERT INTO `object_meta_image` VALUES ('4480388702871', '270', '481', null, null);
INSERT INTO `object_meta_image` VALUES ('4480389022360', '270', '481', null, null);
INSERT INTO `object_meta_image` VALUES ('4480901096089', '360', '480', null, null);
INSERT INTO `object_meta_image` VALUES ('4480901841562', '360', '480', null, null);
INSERT INTO `object_meta_image` VALUES ('4480909664923', '360', '480', null, null);
INSERT INTO `object_meta_image` VALUES ('4480909746844', '270', '481', null, null);
INSERT INTO `object_meta_image` VALUES ('4480923353757', '270', '481', null, null);
INSERT INTO `object_meta_image` VALUES ('4480956203678', '271', '480', null, null);
INSERT INTO `object_meta_image` VALUES ('4480956342943', '271', '480', null, null);
INSERT INTO `object_meta_image` VALUES ('4480957498016', '750', '1334', null, null);
INSERT INTO `object_meta_image` VALUES ('4481030324897', '359', '480', null, null);
INSERT INTO `object_meta_image` VALUES ('4481034248866', '750', '1334', null, null);
INSERT INTO `object_meta_image` VALUES ('4481040925347', '3264', '2448', null, null);
INSERT INTO `object_meta_image` VALUES ('4481042162340', '3264', '2448', null, null);
INSERT INTO `object_meta_image` VALUES ('4481073087141', '270', '481', null, null);
INSERT INTO `object_meta_image` VALUES ('4481113506470', '4288', '2848', null, null);
INSERT INTO `object_meta_image` VALUES ('4481128268455', '360', '480', null, null);
INSERT INTO `object_meta_image` VALUES ('4481128866472', '270', '481', null, null);
INSERT INTO `object_meta_image` VALUES ('4481131676329', '360', '480', null, null);
INSERT INTO `object_meta_image` VALUES ('4481132667562', '360', '480', null, null);
INSERT INTO `object_meta_image` VALUES ('4481132749483', '480', '360', null, null);
INSERT INTO `object_meta_image` VALUES ('4481132782252', '270', '481', null, null);
INSERT INTO `object_meta_image` VALUES ('4481133535917', '271', '480', null, null);
INSERT INTO `object_meta_image` VALUES ('4481133658798', '271', '480', null, null);
INSERT INTO `object_meta_image` VALUES ('4481146143407', '270', '481', null, null);
INSERT INTO `object_meta_image` VALUES ('4481610244784', '477', '480', null, null);
INSERT INTO `object_meta_image` VALUES ('4481610523313', '466', '480', null, null);
INSERT INTO `object_meta_image` VALUES ('4481641874098', '3264', '2448', null, null);
INSERT INTO `object_meta_image` VALUES ('4481641939635', '3264', '2448', null, null);
INSERT INTO `object_meta_image` VALUES ('4481641988788', '3264', '2448', null, null);
INSERT INTO `object_meta_image` VALUES ('4481642062517', '3264', '2448', null, null);
INSERT INTO `object_meta_image` VALUES ('4481642185398', '3264', '2448', null, null);
INSERT INTO `object_meta_image` VALUES ('4481779040951', '3264', '2448', null, null);
INSERT INTO `object_meta_image` VALUES ('4481779114680', '3264', '2448', null, null);
INSERT INTO `object_meta_image` VALUES ('4481779188409', '3264', '2448', null, null);
INSERT INTO `object_meta_image` VALUES ('4481779253946', '3264', '2448', null, null);
INSERT INTO `object_meta_image` VALUES ('4481779368635', '3264', '2448', null, null);
INSERT INTO `object_meta_image` VALUES ('4481779794620', '3264', '2448', null, null);
INSERT INTO `object_meta_image` VALUES ('4481780105917', '640', '640', null, null);
INSERT INTO `object_meta_image` VALUES ('4481780474558', '3264', '2448', null, null);
INSERT INTO `object_meta_image` VALUES ('4481791181503', '3264', '2448', null, null);
INSERT INTO `object_meta_image` VALUES ('4481791812288', '3264', '2448', null, null);
INSERT INTO `object_meta_image` VALUES ('4481802158785', '3264', '2448', null, null);
INSERT INTO `object_meta_image` VALUES ('4481802257090', '3264', '2448', null, null);

-- ----------------------------
-- Table structure for object_storage_s3
-- ----------------------------
DROP TABLE IF EXISTS `object_storage_s3`;
CREATE TABLE `object_storage_s3` (
  `id` bigint(20) unsigned NOT NULL COMMENT 'Object ID',
  `region` varchar(32) NOT NULL COMMENT 'S3 Region',
  `bucket` varchar(32) NOT NULL COMMENT 'S3 Bucket',
  `key` varchar(128) NOT NULL COMMENT 'S3 Object Key',
  `url` varchar(255) NOT NULL COMMENT 'S3 Object URL',
  PRIMARY KEY (`id`)
) ENGINE=InnoDB DEFAULT CHARSET=utf8 COMMENT='S3存储信息表';

-- ----------------------------
-- Records of object_storage_s3
-- ----------------------------
INSERT INTO `object_storage_s3` VALUES ('0', 'ap-southeast-1', 'mp-media-dev', 'main/fd/58/fd582d0e916fcb55aae68dfcf226d8e4_74e0c82205664767993bb90de6f02bfc0774f264', 'https://s3-ap-southeast-1.amazonaws.com/mp-media-dev/main/fd/58/fd582d0e916fcb55aae68dfcf226d8e4_74e0c82205664767993bb90de6f02bfc0774f264');
INSERT INTO `object_storage_s3` VALUES ('1', 'ap-southeast-1', 'mp-media-dev', 'f2/f3/f2f3981ab628060edd7366c24a43e91f_041380403e768c6fbc5630b43754bbb2b33818c8', '1111');
INSERT INTO `object_storage_s3` VALUES ('1604110058747', 'ap-southeast-1', 'mp-media-dev', 'main/99/b3/99b3f2bd9128b40ef76aa49e8e35cb06_7d7af5f1420c751f96f005b46207f73f50ea9def', 'https://s3-ap-southeast-1.amazonaws.com/mp-media-dev/main/99/b3/99b3f2bd9128b40ef76aa49e8e35cb06_7d7af5f1420c751f96f005b46207f73f50ea9def');
INSERT INTO `object_storage_s3` VALUES ('1604110390283', 'ap-southeast-1', 'mp-media-dev', 'main/cb/a8/cba8abf61cd066ef7504f5784a5f6042_6f65b6bb3c48a97d8548f4e882f3a103e233a771', 'https://s3-ap-southeast-1.amazonaws.com/mp-media-dev/main/cb/a8/cba8abf61cd066ef7504f5784a5f6042_6f65b6bb3c48a97d8548f4e882f3a103e233a771');
INSERT INTO `object_storage_s3` VALUES ('1604121001314', 'ap-southeast-1', 'mp-media-dev', 'main/4e/6d/4e6dea64792388a0c748564777d6724c_748e6de80395f646c027a155993e2faf22093a2f', 'https://s3-ap-southeast-1.amazonaws.com/mp-media-dev/main/4e/6d/4e6dea64792388a0c748564777d6724c_748e6de80395f646c027a155993e2faf22093a2f');
INSERT INTO `object_storage_s3` VALUES ('1604121603461', 'ap-southeast-1', 'mp-media-dev', 'main/1e/fc/1efc7fb6d1192f0ef738b64049567f51_d746a44658e70ef360010e917aae9d51d6b58e85', 'https://s3-ap-southeast-1.amazonaws.com/mp-media-dev/main/1e/fc/1efc7fb6d1192f0ef738b64049567f51_d746a44658e70ef360010e917aae9d51d6b58e85');
INSERT INTO `object_storage_s3` VALUES ('1604123294222', 'ap-southeast-1', 'mp-media-dev', 'main/8c/a7/8ca7690ebfed676c6df44a8d045a821d_ba8c4b5862503bf2feae8996234f8793d9efbcea', 'https://s3-ap-southeast-1.amazonaws.com/mp-media-dev/main/8c/a7/8ca7690ebfed676c6df44a8d045a821d_ba8c4b5862503bf2feae8996234f8793d9efbcea');
INSERT INTO `object_storage_s3` VALUES ('1604130075359', 'ap-southeast-1', 'mp-media-dev', 'main/d1/88/d188db0ef8b6f7668ac6015d6a0636cb_fdc4f4cf4ba4845c1a2cff02d08d9793997ca5c1', 'https://s3-ap-southeast-1.amazonaws.com/mp-media-dev/main/d1/88/d188db0ef8b6f7668ac6015d6a0636cb_fdc4f4cf4ba4845c1a2cff02d08d9793997ca5c1');
INSERT INTO `object_storage_s3` VALUES ('1604133046699', 'ap-southeast-1', 'mp-media-dev', 'main/97/cd/97cd0965474df7a3c8966f2f2c2e71aa_797b10c1b88217a79545284948bf34e6b91ac032', 'https://s3-ap-southeast-1.amazonaws.com/mp-media-dev/main/97/cd/97cd0965474df7a3c8966f2f2c2e71aa_797b10c1b88217a79545284948bf34e6b91ac032');
INSERT INTO `object_storage_s3` VALUES ('4447875407876', 'ap-southeast-1', 'mp-media-dev', 'main/f0/97/f0971ee6848e33f3a96a2729c736709d_b4dc502316d959373f94408be91e4d0f0cb9e773', 'https://s3-ap-southeast-1.amazonaws.com/mp-media-dev/main/f0/97/f0971ee6848e33f3a96a2729c736709d_b4dc502316d959373f94408be91e4d0f0cb9e773');
INSERT INTO `object_storage_s3` VALUES ('4447876890629', 'ap-southeast-1', 'mp-media-dev', 'main/d6/ee/d6ee14b52fef516da28e3a914995fa96_558a75c85c61c63789c8c085f1603481274c6fcc', 'https://s3-ap-southeast-1.amazonaws.com/mp-media-dev/main/d6/ee/d6ee14b52fef516da28e3a914995fa96_558a75c85c61c63789c8c085f1603481274c6fcc');
INSERT INTO `object_storage_s3` VALUES ('4449290526728', 'ap-southeast-1', 'mp-media-dev', 'main/d6/ee/d6ee14b52fef516da28e3a914995fa96_558a75c85c61c63789c8c085f1603481274c6fcc', 'https://s3-ap-southeast-1.amazonaws.com/mp-media-dev/main/d6/ee/d6ee14b52fef516da28e3a914995fa96_558a75c85c61c63789c8c085f1603481274c6fcc');
INSERT INTO `object_storage_s3` VALUES ('4449293467658', 'ap-southeast-1', 'mp-media-dev', 'main/d6/ee/d6ee14b52fef516da28e3a914995fa96_558a75c85c61c63789c8c085f1603481274c6fcc', 'https://s3-ap-southeast-1.amazonaws.com/mp-media-dev/main/d6/ee/d6ee14b52fef516da28e3a914995fa96_558a75c85c61c63789c8c085f1603481274c6fcc');
INSERT INTO `object_storage_s3` VALUES ('4449294016523', 'ap-southeast-1', 'mp-media-dev', 'main/d6/ee/d6ee14b52fef516da28e3a914995fa96_558a75c85c61c63789c8c085f1603481274c6fcc', 'https://s3-ap-southeast-1.amazonaws.com/mp-media-dev/main/d6/ee/d6ee14b52fef516da28e3a914995fa96_558a75c85c61c63789c8c085f1603481274c6fcc');
INSERT INTO `object_storage_s3` VALUES ('4449312628748', 'ap-southeast-1', 'mp-media-dev', 'main/d6/ee/d6ee14b52fef516da28e3a914995fa96_558a75c85c61c63789c8c085f1603481274c6fcc', 'https://s3-ap-southeast-1.amazonaws.com/mp-media-dev/main/d6/ee/d6ee14b52fef516da28e3a914995fa96_558a75c85c61c63789c8c085f1603481274c6fcc');
INSERT INTO `object_storage_s3` VALUES ('4449317568525', 'ap-southeast-1', 'mp-media-dev', 'main/d6/ee/d6ee14b52fef516da28e3a914995fa96_558a75c85c61c63789c8c085f1603481274c6fcc', 'https://s3-ap-southeast-1.amazonaws.com/mp-media-dev/main/d6/ee/d6ee14b52fef516da28e3a914995fa96_558a75c85c61c63789c8c085f1603481274c6fcc');
INSERT INTO `object_storage_s3` VALUES ('4449320910862', 'ap-southeast-1', 'mp-media-dev', 'main/d6/ee/d6ee14b52fef516da28e3a914995fa96_558a75c85c61c63789c8c085f1603481274c6fcc', 'https://s3-ap-southeast-1.amazonaws.com/mp-media-dev/main/d6/ee/d6ee14b52fef516da28e3a914995fa96_558a75c85c61c63789c8c085f1603481274c6fcc');
INSERT INTO `object_storage_s3` VALUES ('4449322229775', 'ap-southeast-1', 'mp-media-dev', 'main/d6/ee/d6ee14b52fef516da28e3a914995fa96_558a75c85c61c63789c8c085f1603481274c6fcc', 'https://s3-ap-southeast-1.amazonaws.com/mp-media-dev/main/d6/ee/d6ee14b52fef516da28e3a914995fa96_558a75c85c61c63789c8c085f1603481274c6fcc');
INSERT INTO `object_storage_s3` VALUES ('4449330176016', 'ap-southeast-1', 'mp-media-dev', 'main/d6/ee/d6ee14b52fef516da28e3a914995fa96_558a75c85c61c63789c8c085f1603481274c6fcc', 'https://s3-ap-southeast-1.amazonaws.com/mp-media-dev/main/d6/ee/d6ee14b52fef516da28e3a914995fa96_558a75c85c61c63789c8c085f1603481274c6fcc');
INSERT INTO `object_storage_s3` VALUES ('4449332035601', 'ap-southeast-1', 'mp-media-dev', 'main/d6/ee/d6ee14b52fef516da28e3a914995fa96_558a75c85c61c63789c8c085f1603481274c6fcc', 'https://s3-ap-southeast-1.amazonaws.com/mp-media-dev/main/d6/ee/d6ee14b52fef516da28e3a914995fa96_558a75c85c61c63789c8c085f1603481274c6fcc');
INSERT INTO `object_storage_s3` VALUES ('4449333051410', 'ap-southeast-1', 'mp-media-dev', 'main/d6/ee/d6ee14b52fef516da28e3a914995fa96_558a75c85c61c63789c8c085f1603481274c6fcc', 'https://s3-ap-southeast-1.amazonaws.com/mp-media-dev/main/d6/ee/d6ee14b52fef516da28e3a914995fa96_558a75c85c61c63789c8c085f1603481274c6fcc');
INSERT INTO `object_storage_s3` VALUES ('4449335648275', 'ap-southeast-1', 'mp-media-dev', 'main/d6/ee/d6ee14b52fef516da28e3a914995fa96_558a75c85c61c63789c8c085f1603481274c6fcc', 'https://s3-ap-southeast-1.amazonaws.com/mp-media-dev/main/d6/ee/d6ee14b52fef516da28e3a914995fa96_558a75c85c61c63789c8c085f1603481274c6fcc');
INSERT INTO `object_storage_s3` VALUES ('4449338703892', 'ap-southeast-1', 'mp-media-dev', 'main/d6/ee/d6ee14b52fef516da28e3a914995fa96_558a75c85c61c63789c8c085f1603481274c6fcc', 'https://s3-ap-southeast-1.amazonaws.com/mp-media-dev/main/d6/ee/d6ee14b52fef516da28e3a914995fa96_558a75c85c61c63789c8c085f1603481274c6fcc');
INSERT INTO `object_storage_s3` VALUES ('4449343782933', 'ap-southeast-1', 'mp-media-dev', 'main/d6/ee/d6ee14b52fef516da28e3a914995fa96_558a75c85c61c63789c8c085f1603481274c6fcc', 'https://s3-ap-southeast-1.amazonaws.com/mp-media-dev/main/d6/ee/d6ee14b52fef516da28e3a914995fa96_558a75c85c61c63789c8c085f1603481274c6fcc');
INSERT INTO `object_storage_s3` VALUES ('4449775304726', 'ap-southeast-1', 'mp-media-dev', 'main/d6/ee/d6ee14b52fef516da28e3a914995fa96_558a75c85c61c63789c8c085f1603481274c6fcc', 'https://s3-ap-southeast-1.amazonaws.com/mp-media-dev/main/d6/ee/d6ee14b52fef516da28e3a914995fa96_558a75c85c61c63789c8c085f1603481274c6fcc');
INSERT INTO `object_storage_s3` VALUES ('4449788747800', 'ap-southeast-1', 'mp-media-dev', 'main/d6/ee/d6ee14b52fef516da28e3a914995fa96_558a75c85c61c63789c8c085f1603481274c6fcc', 'https://s3-ap-southeast-1.amazonaws.com/mp-media-dev/main/d6/ee/d6ee14b52fef516da28e3a914995fa96_558a75c85c61c63789c8c085f1603481274c6fcc');
INSERT INTO `object_storage_s3` VALUES ('4449789706265', 'ap-southeast-1', 'mp-media-dev', 'main/d6/ee/d6ee14b52fef516da28e3a914995fa96_558a75c85c61c63789c8c085f1603481274c6fcc', 'https://s3-ap-southeast-1.amazonaws.com/mp-media-dev/main/d6/ee/d6ee14b52fef516da28e3a914995fa96_558a75c85c61c63789c8c085f1603481274c6fcc');
INSERT INTO `object_storage_s3` VALUES ('4449794367514', 'ap-southeast-1', 'mp-media-dev', 'main/d6/ee/d6ee14b52fef516da28e3a914995fa96_558a75c85c61c63789c8c085f1603481274c6fcc', 'https://s3-ap-southeast-1.amazonaws.com/mp-media-dev/main/d6/ee/d6ee14b52fef516da28e3a914995fa96_558a75c85c61c63789c8c085f1603481274c6fcc');
INSERT INTO `object_storage_s3` VALUES ('4449819729947', 'ap-southeast-1', 'mp-media-dev', 'main/d6/ee/d6ee14b52fef516da28e3a914995fa96_558a75c85c61c63789c8c085f1603481274c6fcc', 'https://s3-ap-southeast-1.amazonaws.com/mp-media-dev/main/d6/ee/d6ee14b52fef516da28e3a914995fa96_558a75c85c61c63789c8c085f1603481274c6fcc');
INSERT INTO `object_storage_s3` VALUES ('4449943035936', 'ap-southeast-1', 'mp-media-dev', 'main/e2/5d/e25d3834f82914618bdba4def12bcc7c_0ca39109e9194bd41f93ec1c58c216b2aea28630', 'https://s3-ap-southeast-1.amazonaws.com/mp-media-dev/main/e2/5d/e25d3834f82914618bdba4def12bcc7c_0ca39109e9194bd41f93ec1c58c216b2aea28630');
INSERT INTO `object_storage_s3` VALUES ('4449977057316', 'ap-southeast-1', 'mp-media-dev', 'main/d6/ee/d6ee14b52fef516da28e3a914995fa96_558a75c85c61c63789c8c085f1603481274c6fcc', 'https://s3-ap-southeast-1.amazonaws.com/mp-media-dev/main/d6/ee/d6ee14b52fef516da28e3a914995fa96_558a75c85c61c63789c8c085f1603481274c6fcc');
INSERT INTO `object_storage_s3` VALUES ('4449978531877', 'ap-southeast-1', 'mp-media-dev', 'main/d6/ee/d6ee14b52fef516da28e3a914995fa96_558a75c85c61c63789c8c085f1603481274c6fcc', 'https://s3-ap-southeast-1.amazonaws.com/mp-media-dev/main/d6/ee/d6ee14b52fef516da28e3a914995fa96_558a75c85c61c63789c8c085f1603481274c6fcc');
INSERT INTO `object_storage_s3` VALUES ('4449988190246', 'ap-southeast-1', 'mp-media-dev', 'main/d6/ee/d6ee14b52fef516da28e3a914995fa96_558a75c85c61c63789c8c085f1603481274c6fcc', 'https://s3-ap-southeast-1.amazonaws.com/mp-media-dev/main/d6/ee/d6ee14b52fef516da28e3a914995fa96_558a75c85c61c63789c8c085f1603481274c6fcc');
INSERT INTO `object_storage_s3` VALUES ('4450004328488', 'ap-southeast-1', 'mp-media-dev', 'main/e2/5d/e25d3834f82914618bdba4def12bcc7c_0ca39109e9194bd41f93ec1c58c216b2aea28630', 'https://s3-ap-southeast-1.amazonaws.com/mp-media-dev/main/e2/5d/e25d3834f82914618bdba4def12bcc7c_0ca39109e9194bd41f93ec1c58c216b2aea28630');
INSERT INTO `object_storage_s3` VALUES ('4450009882666', 'ap-southeast-1', 'mp-media-dev', 'main/df/b8/dfb8c6d3c31a5ae54cd2aad504706b60_9f33172d94095602381d95398e697250d4a63d9b', 'https://s3-ap-southeast-1.amazonaws.com/mp-media-dev/main/df/b8/dfb8c6d3c31a5ae54cd2aad504706b60_9f33172d94095602381d95398e697250d4a63d9b');
INSERT INTO `object_storage_s3` VALUES ('4450015404075', 'ap-southeast-1', 'mp-media-dev', 'main/3d/a2/3da2cad706b0b5fe8134b37d88902596_5947ff227a481e853b3ced596babe40f9952744e', 'https://s3-ap-southeast-1.amazonaws.com/mp-media-dev/main/3d/a2/3da2cad706b0b5fe8134b37d88902596_5947ff227a481e853b3ced596babe40f9952744e');
INSERT INTO `object_storage_s3` VALUES ('4450509070386', 'ap-southeast-1', 'mp-media-dev', 'main/fc/e9/fce906efd855cc3b50948228eb9d63fa_fdd3eafca77ccdba209c95b010e6b0d0e39c9584', 'https://s3-ap-southeast-1.amazonaws.com/mp-media-dev/main/fc/e9/fce906efd855cc3b50948228eb9d63fa_fdd3eafca77ccdba209c95b010e6b0d0e39c9584');
INSERT INTO `object_storage_s3` VALUES ('4450526928951', 'ap-southeast-1', 'mp-media-dev', 'main/d6/ee/d6ee14b52fef516da28e3a914995fa96_558a75c85c61c63789c8c085f1603481274c6fcc', 'https://s3-ap-southeast-1.amazonaws.com/mp-media-dev/main/d6/ee/d6ee14b52fef516da28e3a914995fa96_558a75c85c61c63789c8c085f1603481274c6fcc');
INSERT INTO `object_storage_s3` VALUES ('4450527805496', 'ap-southeast-1', 'mp-media-dev', 'main/d6/ee/d6ee14b52fef516da28e3a914995fa96_558a75c85c61c63789c8c085f1603481274c6fcc', 'https://s3-ap-southeast-1.amazonaws.com/mp-media-dev/main/d6/ee/d6ee14b52fef516da28e3a914995fa96_558a75c85c61c63789c8c085f1603481274c6fcc');
INSERT INTO `object_storage_s3` VALUES ('4450540429369', 'ap-southeast-1', 'mp-media-dev', 'main/2a/f2/2af23b62d6d4575aa4b5a02f20191068_d709a1b50cdc8aff6214269f778d097b0f8d2102', 'https://s3-ap-southeast-1.amazonaws.com/mp-media-dev/main/2a/f2/2af23b62d6d4575aa4b5a02f20191068_d709a1b50cdc8aff6214269f778d097b0f8d2102');
INSERT INTO `object_storage_s3` VALUES ('4450544017466', 'ap-southeast-1', 'mp-media-dev', 'main/fc/e9/fce906efd855cc3b50948228eb9d63fa_fdd3eafca77ccdba209c95b010e6b0d0e39c9584', 'https://s3-ap-southeast-1.amazonaws.com/mp-media-dev/main/fc/e9/fce906efd855cc3b50948228eb9d63fa_fdd3eafca77ccdba209c95b010e6b0d0e39c9584');
INSERT INTO `object_storage_s3` VALUES ('4450688237628', 'ap-southeast-1', 'mp-media-dev', 'main/d6/ee/d6ee14b52fef516da28e3a914995fa96_558a75c85c61c63789c8c085f1603481274c6fcc', 'https://s3-ap-southeast-1.amazonaws.com/mp-media-dev/main/d6/ee/d6ee14b52fef516da28e3a914995fa96_558a75c85c61c63789c8c085f1603481274c6fcc');
INSERT INTO `object_storage_s3` VALUES ('4450701787200', 'ap-southeast-1', 'mp-media-dev', 'main/d6/ee/d6ee14b52fef516da28e3a914995fa96_558a75c85c61c63789c8c085f1603481274c6fcc', 'https://s3-ap-southeast-1.amazonaws.com/mp-media-dev/main/d6/ee/d6ee14b52fef516da28e3a914995fa96_558a75c85c61c63789c8c085f1603481274c6fcc');
INSERT INTO `object_storage_s3` VALUES ('4450718220353', 'ap-southeast-1', 'mp-media-dev', 'main/d6/ee/d6ee14b52fef516da28e3a914995fa96_558a75c85c61c63789c8c085f1603481274c6fcc', 'https://s3-ap-southeast-1.amazonaws.com/mp-media-dev/main/d6/ee/d6ee14b52fef516da28e3a914995fa96_558a75c85c61c63789c8c085f1603481274c6fcc');
INSERT INTO `object_storage_s3` VALUES ('4450725994562', 'ap-southeast-1', 'mp-media-dev', 'main/d6/ee/d6ee14b52fef516da28e3a914995fa96_558a75c85c61c63789c8c085f1603481274c6fcc', 'https://s3-ap-southeast-1.amazonaws.com/mp-media-dev/main/d6/ee/d6ee14b52fef516da28e3a914995fa96_558a75c85c61c63789c8c085f1603481274c6fcc');
INSERT INTO `object_storage_s3` VALUES ('4451200213063', 'ap-southeast-1', 'mp-media-dev', 'main/d6/ee/d6ee14b52fef516da28e3a914995fa96_558a75c85c61c63789c8c085f1603481274c6fcc', 'https://s3-ap-southeast-1.amazonaws.com/mp-media-dev/main/d6/ee/d6ee14b52fef516da28e3a914995fa96_558a75c85c61c63789c8c085f1603481274c6fcc');
INSERT INTO `object_storage_s3` VALUES ('4451220258889', 'ap-southeast-1', 'mp-media-dev', 'main/d6/ee/d6ee14b52fef516da28e3a914995fa96_558a75c85c61c63789c8c085f1603481274c6fcc', 'https://s3-ap-southeast-1.amazonaws.com/mp-media-dev/main/d6/ee/d6ee14b52fef516da28e3a914995fa96_558a75c85c61c63789c8c085f1603481274c6fcc');
INSERT INTO `object_storage_s3` VALUES ('4451321872470', 'ap-southeast-1', 'mp-media-dev', 'main/7e/0f/7e0f3b389dcb45f4f55ca59fc1813b79_8a6c3c415d1dad06c5b6a1849a730239066930ba', 'https://s3-ap-southeast-1.amazonaws.com/mp-media-dev/main/7e/0f/7e0f3b389dcb45f4f55ca59fc1813b79_8a6c3c415d1dad06c5b6a1849a730239066930ba');
INSERT INTO `object_storage_s3` VALUES ('4451323863127', 'ap-southeast-1', 'mp-media-dev', 'main/d2/a5/d2a55045d254e56577707f1bcb62af26_c21add0ab6c11de779e09f1aee56760949304b9f', 'https://s3-ap-southeast-1.amazonaws.com/mp-media-dev/main/d2/a5/d2a55045d254e56577707f1bcb62af26_c21add0ab6c11de779e09f1aee56760949304b9f');
INSERT INTO `object_storage_s3` VALUES ('4451330506840', 'ap-southeast-1', 'mp-media-dev', 'main/d6/ee/d6ee14b52fef516da28e3a914995fa96_558a75c85c61c63789c8c085f1603481274c6fcc', 'https://s3-ap-southeast-1.amazonaws.com/mp-media-dev/main/d6/ee/d6ee14b52fef516da28e3a914995fa96_558a75c85c61c63789c8c085f1603481274c6fcc');
INSERT INTO `object_storage_s3` VALUES ('4451342598234', 'ap-southeast-1', 'mp-media-dev', 'main/d6/ee/d6ee14b52fef516da28e3a914995fa96_558a75c85c61c63789c8c085f1603481274c6fcc', 'https://s3-ap-southeast-1.amazonaws.com/mp-media-dev/main/d6/ee/d6ee14b52fef516da28e3a914995fa96_558a75c85c61c63789c8c085f1603481274c6fcc');
INSERT INTO `object_storage_s3` VALUES ('4451352977500', 'ap-southeast-1', 'mp-media-dev', 'main/f5/8c/f58c12af29db1a591932faa2fa71717d_afdbff32ba14d58b7f82f3fe9b87c090fc9c1cd4', 'https://s3-ap-southeast-1.amazonaws.com/mp-media-dev/main/f5/8c/f58c12af29db1a591932faa2fa71717d_afdbff32ba14d58b7f82f3fe9b87c090fc9c1cd4');
INSERT INTO `object_storage_s3` VALUES ('4451356835933', 'ap-southeast-1', 'mp-media-dev', 'main/d6/ee/d6ee14b52fef516da28e3a914995fa96_558a75c85c61c63789c8c085f1603481274c6fcc', 'https://s3-ap-southeast-1.amazonaws.com/mp-media-dev/main/d6/ee/d6ee14b52fef516da28e3a914995fa96_558a75c85c61c63789c8c085f1603481274c6fcc');
INSERT INTO `object_storage_s3` VALUES ('4451358097502', 'ap-southeast-1', 'mp-media-dev', 'main/d6/ee/d6ee14b52fef516da28e3a914995fa96_558a75c85c61c63789c8c085f1603481274c6fcc', 'https://s3-ap-southeast-1.amazonaws.com/mp-media-dev/main/d6/ee/d6ee14b52fef516da28e3a914995fa96_558a75c85c61c63789c8c085f1603481274c6fcc');
INSERT INTO `object_storage_s3` VALUES ('4451369263200', 'ap-southeast-1', 'mp-media-dev', 'main/8e/f1/8ef10ab6747c43d33b752def295c0e74_154f92e06d772151681ca9cd0c6a6d856b6b9070', 'https://s3-ap-southeast-1.amazonaws.com/mp-media-dev/main/8e/f1/8ef10ab6747c43d33b752def295c0e74_154f92e06d772151681ca9cd0c6a6d856b6b9070');
INSERT INTO `object_storage_s3` VALUES ('4451370778722', 'ap-southeast-1', 'mp-media-dev', 'main/31/9a/319a7ecaaa0e5504c8832dff38b3acea_a180cda64d32cde14b16eafb6579ecb814d73e42', 'https://s3-ap-southeast-1.amazonaws.com/mp-media-dev/main/31/9a/319a7ecaaa0e5504c8832dff38b3acea_a180cda64d32cde14b16eafb6579ecb814d73e42');
INSERT INTO `object_storage_s3` VALUES ('4451431907442', 'ap-southeast-1', 'mp-media-dev', 'main/62/71/6271176ae45ee953cf7a616f640a2a94_276f6a937299010584c5afa2b8364c066f49aa79', 'https://s3-ap-southeast-1.amazonaws.com/mp-media-dev/main/62/71/6271176ae45ee953cf7a616f640a2a94_276f6a937299010584c5afa2b8364c066f49aa79');
INSERT INTO `object_storage_s3` VALUES ('4451934306420', 'ap-southeast-1', 'mp-media-dev', 'main/78/b3/78b3cf2eca5920c0410a43bc8a75444b_7489e88caaae54c40c92ab83a29d4f42d8db2fd6', 'https://s3-ap-southeast-1.amazonaws.com/mp-media-dev/main/78/b3/78b3cf2eca5920c0410a43bc8a75444b_7489e88caaae54c40c92ab83a29d4f42d8db2fd6');
INSERT INTO `object_storage_s3` VALUES ('4451935953013', 'ap-southeast-1', 'mp-media-dev', 'main/07/0b/070bd692d3169dc827e96d218da24584_be175d079a406028b02dfdef1c45f14c580084e8', 'https://s3-ap-southeast-1.amazonaws.com/mp-media-dev/main/07/0b/070bd692d3169dc827e96d218da24584_be175d079a406028b02dfdef1c45f14c580084e8');
INSERT INTO `object_storage_s3` VALUES ('4452056014966', 'ap-southeast-1', 'mp-media-dev', 'main/e2/5d/e25d3834f82914618bdba4def12bcc7c_0ca39109e9194bd41f93ec1c58c216b2aea28630', 'https://s3-ap-southeast-1.amazonaws.com/mp-media-dev/main/e2/5d/e25d3834f82914618bdba4def12bcc7c_0ca39109e9194bd41f93ec1c58c216b2aea28630');
INSERT INTO `object_storage_s3` VALUES ('4452058415224', 'ap-southeast-1', 'mp-media-dev', 'main/3d/a2/3da2cad706b0b5fe8134b37d88902596_5947ff227a481e853b3ced596babe40f9952744e', 'https://s3-ap-southeast-1.amazonaws.com/mp-media-dev/main/3d/a2/3da2cad706b0b5fe8134b37d88902596_5947ff227a481e853b3ced596babe40f9952744e');
INSERT INTO `object_storage_s3` VALUES ('4452761673881', 'ap-southeast-1', 'mp-media-dev', 'main/37/01/3701c18abc29f0c0b97fe25b29fafe47_acb75d38651fbdc283ffde3d0dec8e3039db303c', 'https://s3-ap-southeast-1.amazonaws.com/mp-media-dev/main/37/01/3701c18abc29f0c0b97fe25b29fafe47_acb75d38651fbdc283ffde3d0dec8e3039db303c');
INSERT INTO `object_storage_s3` VALUES ('4454718963866', 'ap-southeast-1', 'mp-media-dev', 'main/fc/e9/fce906efd855cc3b50948228eb9d63fa_fdd3eafca77ccdba209c95b010e6b0d0e39c9584', 'https://s3-ap-southeast-1.amazonaws.com/mp-media-dev/main/fc/e9/fce906efd855cc3b50948228eb9d63fa_fdd3eafca77ccdba209c95b010e6b0d0e39c9584');
INSERT INTO `object_storage_s3` VALUES ('4454762553502', 'ap-southeast-1', 'mp-media-dev', 'main/59/e7/59e77946d73cdd62bd690e8ccfa7235b_0693ac54ab7f2566ef049c3e04c087f2e171a981', 'https://s3-ap-southeast-1.amazonaws.com/mp-media-dev/main/59/e7/59e77946d73cdd62bd690e8ccfa7235b_0693ac54ab7f2566ef049c3e04c087f2e171a981');
INSERT INTO `object_storage_s3` VALUES ('4454861742243', 'ap-southeast-1', 'mp-media-dev', 'main/8a/5a/8a5af81c5280cc59a7b6d98a86556890_3d7958fc7949e41b60305426c49b37632ba6568a', 'https://s3-ap-southeast-1.amazonaws.com/mp-media-dev/main/8a/5a/8a5af81c5280cc59a7b6d98a86556890_3d7958fc7949e41b60305426c49b37632ba6568a');
INSERT INTO `object_storage_s3` VALUES ('4454941499556', 'ap-southeast-1', 'mp-media-dev', 'main/e9/f7/e9f714cf82073037ba999b259df38629_07db3f16b147e70d1b2ea662d5db7a14ee0346fd', 'https://s3-ap-southeast-1.amazonaws.com/mp-media-dev/main/e9/f7/e9f714cf82073037ba999b259df38629_07db3f16b147e70d1b2ea662d5db7a14ee0346fd');
INSERT INTO `object_storage_s3` VALUES ('4454944145573', 'ap-southeast-1', 'mp-media-dev', 'main/f0/d6/f0d649bfd2c50093cfc1bb19f18e1826_d363019ca5cb7570947e0d9bb5f9a8ef6c386730', 'https://s3-ap-southeast-1.amazonaws.com/mp-media-dev/main/f0/d6/f0d649bfd2c50093cfc1bb19f18e1826_d363019ca5cb7570947e0d9bb5f9a8ef6c386730');
INSERT INTO `object_storage_s3` VALUES ('4455427416230', 'ap-southeast-1', 'mp-media-dev', 'main/a8/43/a843e5d1926f7ef57411e66caf0e81bd_99108a19ccf626ffa17e62f3e2555a6a64a9a30a', 'https://s3-ap-southeast-1.amazonaws.com/mp-media-dev/main/a8/43/a843e5d1926f7ef57411e66caf0e81bd_99108a19ccf626ffa17e62f3e2555a6a64a9a30a');
INSERT INTO `object_storage_s3` VALUES ('4455591887030', 'ap-southeast-1', 'mp-media-dev', 'main/26/c1/26c1b5ad9c1706a5cbc7bcde67c99b3f_9398f6e627a767fb094feb727d99c37f55edc796', 'https://s3-ap-southeast-1.amazonaws.com/mp-media-dev/main/26/c1/26c1b5ad9c1706a5cbc7bcde67c99b3f_9398f6e627a767fb094feb727d99c37f55edc796');
INSERT INTO `object_storage_s3` VALUES ('4455605174462', 'ap-southeast-1', 'mp-media-dev', 'main/ed/bb/edbbf838e706cfbdd379e164e35fdd10_af32f1ed65b077e010502820369bd7e31028240e', 'https://s3-ap-southeast-1.amazonaws.com/mp-media-dev/main/ed/bb/edbbf838e706cfbdd379e164e35fdd10_af32f1ed65b077e010502820369bd7e31028240e');
INSERT INTO `object_storage_s3` VALUES ('4455606452415', 'ap-southeast-1', 'mp-media-dev', 'main/75/e8/75e8c46d981f2a33940a4822e6459652_3639aaa2bef1a148ad560a4862996842d48c2dc9', 'https://s3-ap-southeast-1.amazonaws.com/mp-media-dev/main/75/e8/75e8c46d981f2a33940a4822e6459652_3639aaa2bef1a148ad560a4862996842d48c2dc9');
INSERT INTO `object_storage_s3` VALUES ('4455614136514', 'ap-southeast-1', 'mp-media-dev', 'main/2a/f2/2af23b62d6d4575aa4b5a02f20191068_d709a1b50cdc8aff6214269f778d097b0f8d2102', 'https://s3-ap-southeast-1.amazonaws.com/mp-media-dev/main/2a/f2/2af23b62d6d4575aa4b5a02f20191068_d709a1b50cdc8aff6214269f778d097b0f8d2102');
INSERT INTO `object_storage_s3` VALUES ('4455615684803', 'ap-southeast-1', 'mp-media-dev', 'main/d5/5c/d55c71c3b2ad62dc472a71de1f73c02d_b558ff4114d27ea9e472cc41252a00a24e45bfee', 'https://s3-ap-southeast-1.amazonaws.com/mp-media-dev/main/d5/5c/d55c71c3b2ad62dc472a71de1f73c02d_b558ff4114d27ea9e472cc41252a00a24e45bfee');
INSERT INTO `object_storage_s3` VALUES ('4455623770308', 'ap-southeast-1', 'mp-media-dev', 'main/b5/bd/b5bdb7554c4a18a0eaac70602d369315_fc0aef623e19bd403bb132fa96574685fed0985b', 'https://s3-ap-southeast-1.amazonaws.com/mp-media-dev/main/b5/bd/b5bdb7554c4a18a0eaac70602d369315_fc0aef623e19bd403bb132fa96574685fed0985b');
INSERT INTO `object_storage_s3` VALUES ('4455641866450', 'ap-southeast-1', 'mp-media-dev', 'main/73/2f/732fb0295bb23c13361d8009e57b2153_35901cdf65661e2b9d2a6b01a1d22968b7e19ff4', 'https://s3-ap-southeast-1.amazonaws.com/mp-media-dev/main/73/2f/732fb0295bb23c13361d8009e57b2153_35901cdf65661e2b9d2a6b01a1d22968b7e19ff4');
INSERT INTO `object_storage_s3` VALUES ('4455643218132', 'ap-southeast-1', 'mp-media-dev', 'main/cb/de/cbde975d8efa50218eef2acb960085e1_93aacec17fb972b3f24938331e7c1fd6d8d53c71', 'https://s3-ap-southeast-1.amazonaws.com/mp-media-dev/main/cb/de/cbde975d8efa50218eef2acb960085e1_93aacec17fb972b3f24938331e7c1fd6d8d53c71');
INSERT INTO `object_storage_s3` VALUES ('4455643619541', 'ap-southeast-1', 'mp-media-dev', 'main/c9/c1/c9c1f0dcaf2726fb3cb9b1ee856a4330_ac07a16c178e81ec636665a602db8cc0d742c04e', 'https://s3-ap-southeast-1.amazonaws.com/mp-media-dev/main/c9/c1/c9c1f0dcaf2726fb3cb9b1ee856a4330_ac07a16c178e81ec636665a602db8cc0d742c04e');
INSERT INTO `object_storage_s3` VALUES ('4456344977645', 'ap-southeast-1', 'mp-media-dev', 'main/4f/1d/4f1dd41e40e0fbec235d6f283e8592c9_863ddcd1d0472d9dea77a309c5717fc2df27ce17', 'https://s3-ap-southeast-1.amazonaws.com/mp-media-dev/main/4f/1d/4f1dd41e40e0fbec235d6f283e8592c9_863ddcd1d0472d9dea77a309c5717fc2df27ce17');
INSERT INTO `object_storage_s3` VALUES ('4456370168046', 'ap-southeast-1', 'mp-media-dev', 'main/a6/6f/a66f5661f02bcf0b43f5db9c18885b92_f276b55718193b23e8251b841892148bbb4f66a3', 'https://s3-ap-southeast-1.amazonaws.com/mp-media-dev/main/a6/6f/a66f5661f02bcf0b43f5db9c18885b92_f276b55718193b23e8251b841892148bbb4f66a3');
INSERT INTO `object_storage_s3` VALUES ('4456371937519', 'ap-southeast-1', 'mp-media-dev', 'main/fc/5a/fc5a077edd42a56cced952036e91f18f_80b8a636a8dd3396c4a039293c268507fabd2d97', 'https://s3-ap-southeast-1.amazonaws.com/mp-media-dev/main/fc/5a/fc5a077edd42a56cced952036e91f18f_80b8a636a8dd3396c4a039293c268507fabd2d97');
INSERT INTO `object_storage_s3` VALUES ('4456373690608', 'ap-southeast-1', 'mp-media-dev', 'main/bf/8d/bf8d33288f632a3a2ae4d4ffc8dc3045_804ac7f9880e3a2e30eb3821c6baa4ce44a847b9', 'https://s3-ap-southeast-1.amazonaws.com/mp-media-dev/main/bf/8d/bf8d33288f632a3a2ae4d4ffc8dc3045_804ac7f9880e3a2e30eb3821c6baa4ce44a847b9');
INSERT INTO `object_storage_s3` VALUES ('4456375107826', 'ap-southeast-1', 'mp-media-dev', 'main/50/a4/50a49f58978342110d0e59dd418e04bc_d4edc7ee01c73e53199c4170a5d2373bd6cb939e', 'https://s3-ap-southeast-1.amazonaws.com/mp-media-dev/main/50/a4/50a49f58978342110d0e59dd418e04bc_d4edc7ee01c73e53199c4170a5d2373bd6cb939e');
INSERT INTO `object_storage_s3` VALUES ('4456380629237', 'ap-southeast-1', 'mp-media-dev', 'main/bf/41/bf41d5ece2d24c06d9a8ad6b97cfe17d_befc73d4c6bf3ec73d85d0d2c076eb6c7a01ef99', 'https://s3-ap-southeast-1.amazonaws.com/mp-media-dev/main/bf/41/bf41d5ece2d24c06d9a8ad6b97cfe17d_befc73d4c6bf3ec73d85d0d2c076eb6c7a01ef99');
INSERT INTO `object_storage_s3` VALUES ('4456856199421', 'ap-southeast-1', 'mp-media-dev', 'main/ac/16/ac16970eee806e5ab4d69d9ce06b4eb7_820f876e08d7e8cb066e2011cbb15c19505eae96', 'https://s3-ap-southeast-1.amazonaws.com/mp-media-dev/main/ac/16/ac16970eee806e5ab4d69d9ce06b4eb7_820f876e08d7e8cb066e2011cbb15c19505eae96');
INSERT INTO `object_storage_s3` VALUES ('4456909046017', 'ap-southeast-1', 'mp-media-dev', 'main/a5/a6/a5a6549b4318b812f1981a25c7f95cb9_d0f71e75787d030b75ddcd9a130db9490ebc343c', 'https://s3-ap-southeast-1.amazonaws.com/mp-media-dev/main/a5/a6/a5a6549b4318b812f1981a25c7f95cb9_d0f71e75787d030b75ddcd9a130db9490ebc343c');
INSERT INTO `object_storage_s3` VALUES ('4457616769319', 'ap-southeast-1', 'mp-media-dev', 'main/1d/e9/1de9adde1ef6b8d6f6f2de4a83f97a9e_816498b73147696c5b57e6c691790ea245817e1f', 'https://s3-ap-southeast-1.amazonaws.com/mp-media-dev/main/1d/e9/1de9adde1ef6b8d6f6f2de4a83f97a9e_816498b73147696c5b57e6c691790ea245817e1f');
INSERT INTO `object_storage_s3` VALUES ('4457618506024', 'ap-southeast-1', 'mp-media-dev', 'main/8e/76/8e76bb37184a49b8123905e5ff4adcdb_5618927a645eb8747dd34b180b5db4058f8e0264', 'https://s3-ap-southeast-1.amazonaws.com/mp-media-dev/main/8e/76/8e76bb37184a49b8123905e5ff4adcdb_5618927a645eb8747dd34b180b5db4058f8e0264');
INSERT INTO `object_storage_s3` VALUES ('4457700827437', 'ap-southeast-1', 'mp-media-dev', 'main/9e/a7/9ea70c031a07b406005751abad4d3508_92eca7d5a6347e73cd74a3de1418aa7179b16dfd', 'https://s3-ap-southeast-1.amazonaws.com/mp-media-dev/main/9e/a7/9ea70c031a07b406005751abad4d3508_92eca7d5a6347e73cd74a3de1418aa7179b16dfd');
INSERT INTO `object_storage_s3` VALUES ('4457701540142', 'ap-southeast-1', 'mp-media-dev', 'main/c1/16/c1167a7c81532a8798236b94cdb8637c_6d1ae9ba2b33d9c32a11f3a3b1f8a5564557d63c', 'https://s3-ap-southeast-1.amazonaws.com/mp-media-dev/main/c1/16/c1167a7c81532a8798236b94cdb8637c_6d1ae9ba2b33d9c32a11f3a3b1f8a5564557d63c');
INSERT INTO `object_storage_s3` VALUES ('4457702785327', 'ap-southeast-1', 'mp-media-dev', 'main/ca/5b/ca5ba237bd10a440aa61cf5048b3fb99_82c9f26106b42db4665a95037cddec1ee2d123d2', 'https://s3-ap-southeast-1.amazonaws.com/mp-media-dev/main/ca/5b/ca5ba237bd10a440aa61cf5048b3fb99_82c9f26106b42db4665a95037cddec1ee2d123d2');
INSERT INTO `object_storage_s3` VALUES ('4457707643185', 'ap-southeast-1', 'mp-media-dev', 'main/e6/5a/e65ac20a92727719fc9821b2f538b01d_5f86ab209afec315552f32b61794179c157cc034', 'https://s3-ap-southeast-1.amazonaws.com/mp-media-dev/main/e6/5a/e65ac20a92727719fc9821b2f538b01d_5f86ab209afec315552f32b61794179c157cc034');
INSERT INTO `object_storage_s3` VALUES ('4457708658994', 'ap-southeast-1', 'mp-media-dev', 'main/23/ff/23ff7521e38b99f38adcf8e2863103d3_d6044ed88da82793f47984e326074ddb0bf14a74', 'https://s3-ap-southeast-1.amazonaws.com/mp-media-dev/main/23/ff/23ff7521e38b99f38adcf8e2863103d3_d6044ed88da82793f47984e326074ddb0bf14a74');
INSERT INTO `object_storage_s3` VALUES ('4459692622141', 'ap-southeast-1', 'mp-media-dev', 'main/1f/37/1f371537a48b27bb2e371aac43c781eb_ddbabd8b073d034f00944b550a4c741b81b152e2', 'https://s3-ap-southeast-1.amazonaws.com/mp-media-dev/main/1f/37/1f371537a48b27bb2e371aac43c781eb_ddbabd8b073d034f00944b550a4c741b81b152e2');
INSERT INTO `object_storage_s3` VALUES ('4459709587776', 'ap-southeast-1', 'mp-media-dev', 'main/9c/ac/9cac44ab1ea65237c2b22b9a855afc59_4f02edb14e135c82efec9c265c935c6027968aaa', 'https://s3-ap-southeast-1.amazonaws.com/mp-media-dev/main/9c/ac/9cac44ab1ea65237c2b22b9a855afc59_4f02edb14e135c82efec9c265c935c6027968aaa');
INSERT INTO `object_storage_s3` VALUES ('4459711357249', 'ap-southeast-1', 'mp-media-dev', 'main/6c/08/6c08a7974e78873a2a6d157205b705ce_768f8ffedbf849163c9639c4e57de420f0b15ece', 'https://s3-ap-southeast-1.amazonaws.com/mp-media-dev/main/6c/08/6c08a7974e78873a2a6d157205b705ce_768f8ffedbf849163c9639c4e57de420f0b15ece');
INSERT INTO `object_storage_s3` VALUES ('4459742028101', 'ap-southeast-1', 'mp-media-dev', 'main/19/98/19987e016aa847dc6d2152f7736abe56_7484bd2ac42237b812b2f31c47391bc8c154a29a', 'https://s3-ap-southeast-1.amazonaws.com/mp-media-dev/main/19/98/19987e016aa847dc6d2152f7736abe56_7484bd2ac42237b812b2f31c47391bc8c154a29a');
INSERT INTO `object_storage_s3` VALUES ('4459897921872', 'ap-southeast-1', 'mp-media-dev', 'main/86/e0/86e0ea9381bb14c62595efa64ce26685_0dd4c2f4a34d22ab72fdc6ea923cc9be2472d160', 'https://s3-ap-southeast-1.amazonaws.com/mp-media-dev/main/86/e0/86e0ea9381bb14c62595efa64ce26685_0dd4c2f4a34d22ab72fdc6ea923cc9be2472d160');
INSERT INTO `object_storage_s3` VALUES ('4459901321555', 'ap-southeast-1', 'mp-media-dev', 'main/e4/0b/e40b393e26291165102405ed7fe2eb02_ac25ab9a2a2dd7bb9c5cd160f37f596fc4544ab8', 'https://s3-ap-southeast-1.amazonaws.com/mp-media-dev/main/e4/0b/e40b393e26291165102405ed7fe2eb02_ac25ab9a2a2dd7bb9c5cd160f37f596fc4544ab8');
INSERT INTO `object_storage_s3` VALUES ('4459903631700', 'ap-southeast-1', 'mp-media-dev', 'main/17/32/17321a1f543cc0dceb8ee228168bf0e2_585b7bb29b90591e39d2253deb13d44bb5b1b927', 'https://s3-ap-southeast-1.amazonaws.com/mp-media-dev/main/17/32/17321a1f543cc0dceb8ee228168bf0e2_585b7bb29b90591e39d2253deb13d44bb5b1b927');
INSERT INTO `object_storage_s3` VALUES ('4459911733589', 'ap-southeast-1', 'mp-media-dev', 'main/83/75/8375f26f9bfc4859ec3d99307cc7463b_72830e09c3bd8730b29ee278c6f4059ddfec100d', 'https://s3-ap-southeast-1.amazonaws.com/mp-media-dev/main/83/75/8375f26f9bfc4859ec3d99307cc7463b_72830e09c3bd8730b29ee278c6f4059ddfec100d');
INSERT INTO `object_storage_s3` VALUES ('4460367208790', 'ap-southeast-1', 'mp-media-dev', 'main/14/d0/14d08a16966c0d5dc701eed237f4be7c_f8243f05de451396a75477802d7874207b6f93d6', 'https://s3-ap-southeast-1.amazonaws.com/mp-media-dev/main/14/d0/14d08a16966c0d5dc701eed237f4be7c_f8243f05de451396a75477802d7874207b6f93d6');
INSERT INTO `object_storage_s3` VALUES ('4460367438167', 'ap-southeast-1', 'mp-media-dev', 'main/d3/ab/d3ab4e80e216f910309b7fadde218283_6edd0c9a41b14212967e491a17777790d40e83ab', 'https://s3-ap-southeast-1.amazonaws.com/mp-media-dev/main/d3/ab/d3ab4e80e216f910309b7fadde218283_6edd0c9a41b14212967e491a17777790d40e83ab');
INSERT INTO `object_storage_s3` VALUES ('4460615737688', 'ap-southeast-1', 'mp-media-dev', 'main/94/03/94037c10943f94a0cfbfac4f2028aef4_9d29ebcec398219f6ce1e93db4a1eae0d1d4db81', 'https://s3-ap-southeast-1.amazonaws.com/mp-media-dev/main/94/03/94037c10943f94a0cfbfac4f2028aef4_9d29ebcec398219f6ce1e93db4a1eae0d1d4db81');
INSERT INTO `object_storage_s3` VALUES ('4460619424089', 'ap-southeast-1', 'mp-media-dev', 'main/4d/31/4d317e925a06533c6960cafc827018c8_55cc5423910e0912e173b89862ca32a709bf1930', 'https://s3-ap-southeast-1.amazonaws.com/mp-media-dev/main/4d/31/4d317e925a06533c6960cafc827018c8_55cc5423910e0912e173b89862ca32a709bf1930');
INSERT INTO `object_storage_s3` VALUES ('4461252288863', 'ap-southeast-1', 'mp-media-dev', 'main/ea/60/ea6080fbea631cdb96adf79773fcf31a_687dbfe79addd85e90ec76662679fd1fc5e5ede7', 'https://s3-ap-southeast-1.amazonaws.com/mp-media-dev/main/ea/60/ea6080fbea631cdb96adf79773fcf31a_687dbfe79addd85e90ec76662679fd1fc5e5ede7');
INSERT INTO `object_storage_s3` VALUES ('4461254893923', 'ap-southeast-1', 'mp-media-dev', 'main/73/18/73183e3d9aba6ff2719b85802afebb8e_442bb9cfe86a7400ab073e88e2e6a9fabf362e53', 'https://s3-ap-southeast-1.amazonaws.com/mp-media-dev/main/73/18/73183e3d9aba6ff2719b85802afebb8e_442bb9cfe86a7400ab073e88e2e6a9fabf362e53');
INSERT INTO `object_storage_s3` VALUES ('4461315875199', 'ap-southeast-1', 'mp-media-dev', 'main/e1/a0/e1a04b1615e253781acd52af103c9249_4ad4d5bafe55ef14a82fbdace82991a9cc4beed8', 'https://s3-ap-southeast-1.amazonaws.com/mp-media-dev/main/e1/a0/e1a04b1615e253781acd52af103c9249_4ad4d5bafe55ef14a82fbdace82991a9cc4beed8');
INSERT INTO `object_storage_s3` VALUES ('4461319520641', 'ap-southeast-1', 'mp-media-dev', 'main/c5/05/c50549ee4450acd12bd3fee927c144ec_6dad89ca4a8b0d4b64193eb6481106b49e1d1506', 'https://s3-ap-southeast-1.amazonaws.com/mp-media-dev/main/c5/05/c50549ee4450acd12bd3fee927c144ec_6dad89ca4a8b0d4b64193eb6481106b49e1d1506');
INSERT INTO `object_storage_s3` VALUES ('4461330366854', 'ap-southeast-1', 'mp-media-dev', 'main/0b/b9/0bb90e0c77ded2b0c55eb064ecbb38fb_d1e9a16a2792e08f43c485c64af821c4be1f7cc4', 'https://s3-ap-southeast-1.amazonaws.com/mp-media-dev/main/0b/b9/0bb90e0c77ded2b0c55eb064ecbb38fb_d1e9a16a2792e08f43c485c64af821c4be1f7cc4');
INSERT INTO `object_storage_s3` VALUES ('4461803331981', 'ap-southeast-1', 'mp-media-dev', 'main/11/0b/110b06227438a632b810b01213a9e3a8_662ed4448ca7bfd35f7b9eb7cee29363604eca91', 'https://s3-ap-southeast-1.amazonaws.com/mp-media-dev/main/11/0b/110b06227438a632b810b01213a9e3a8_662ed4448ca7bfd35f7b9eb7cee29363604eca91');
INSERT INTO `object_storage_s3` VALUES ('4461833855377', 'ap-southeast-1', 'mp-media-dev', 'main/60/6a/606aa787833e7ab5fe6bc3328e021ede_4cbb4907dd208873beab06bc0fd09680159b684e', 'https://s3-ap-southeast-1.amazonaws.com/mp-media-dev/main/60/6a/606aa787833e7ab5fe6bc3328e021ede_4cbb4907dd208873beab06bc0fd09680159b684e');
INSERT INTO `object_storage_s3` VALUES ('4462552048019', 'ap-southeast-1', 'mp-media-dev', 'main/ee/89/ee89c2c527a2614f50bd0693d6376dc4_61b9fa7599a4c365b0e1c2e4697ba235a0db8de7', 'https://s3-ap-southeast-1.amazonaws.com/mp-media-dev/main/ee/89/ee89c2c527a2614f50bd0693d6376dc4_61b9fa7599a4c365b0e1c2e4697ba235a0db8de7');
INSERT INTO `object_storage_s3` VALUES ('4462676640148', 'ap-southeast-1', 'mp-media-dev', 'main/d7/21/d72143887b7bce7ba5d1cc038e826ee5_d771508336b20149727c60eb595cf648c086e749', 'https://s3-ap-southeast-1.amazonaws.com/mp-media-dev/main/d7/21/d72143887b7bce7ba5d1cc038e826ee5_d771508336b20149727c60eb595cf648c086e749');
INSERT INTO `object_storage_s3` VALUES ('4462744183189', 'ap-southeast-1', 'mp-media-dev', 'main/28/a2/28a2b3aa50c1588382228eabc84fc12d_34d6599a5d1a384970ce8526aabf591e8356bac3', 'https://s3-ap-southeast-1.amazonaws.com/mp-media-dev/main/28/a2/28a2b3aa50c1588382228eabc84fc12d_34d6599a5d1a384970ce8526aabf591e8356bac3');
INSERT INTO `object_storage_s3` VALUES ('4466103615911', 'ap-southeast-1', 'mp-media-dev', 'main/ec/0e/ec0ebcc698f0ca74ff0b5f853dfd1ab1_b128d22b9b2ac4b3c44be1a2e2b7a34fd35f2dc7', 'https://s3-ap-southeast-1.amazonaws.com/mp-media-dev/main/ec/0e/ec0ebcc698f0ca74ff0b5f853dfd1ab1_b128d22b9b2ac4b3c44be1a2e2b7a34fd35f2dc7');
INSERT INTO `object_storage_s3` VALUES ('4466107744680', 'ap-southeast-1', 'mp-media-dev', 'main/1d/22/1d22829278cc957ac3f1ea33336dfc65_ed7f8badeb6284a99ecbdf8e514173b22659822e', 'https://s3-ap-southeast-1.amazonaws.com/mp-media-dev/main/1d/22/1d22829278cc957ac3f1ea33336dfc65_ed7f8badeb6284a99ecbdf8e514173b22659822e');
INSERT INTO `object_storage_s3` VALUES ('4466109153705', 'ap-southeast-1', 'mp-media-dev', 'main/00/a5/00a5abfab8359b6a0cb59eaa0c3de875_91bd78c705bbec8cc04ccd27fe47a1b0473d649c', 'https://s3-ap-southeast-1.amazonaws.com/mp-media-dev/main/00/a5/00a5abfab8359b6a0cb59eaa0c3de875_91bd78c705bbec8cc04ccd27fe47a1b0473d649c');
INSERT INTO `object_storage_s3` VALUES ('4466212897205', 'ap-southeast-1', 'mp-media-dev', 'main/2e/b3/2eb3c7013ba8e9821999b08b4cdf422d_ad4dc57c9a806e4b8858d18aa49ee4e3954be4e6', 'https://s3-ap-southeast-1.amazonaws.com/mp-media-dev/main/2e/b3/2eb3c7013ba8e9821999b08b4cdf422d_ad4dc57c9a806e4b8858d18aa49ee4e3954be4e6');
INSERT INTO `object_storage_s3` VALUES ('4466283897272', 'ap-southeast-1', 'mp-media-dev', 'main/3b/71/3b71a39a93608b05f55899ae19662090_8c8ef9dbfd7ed8f49989f5be5d480dcd38b6fd1a', 'https://s3-ap-southeast-1.amazonaws.com/mp-media-dev/main/3b/71/3b71a39a93608b05f55899ae19662090_8c8ef9dbfd7ed8f49989f5be5d480dcd38b6fd1a');
INSERT INTO `object_storage_s3` VALUES ('4466284274105', 'ap-southeast-1', 'mp-media-dev', 'main/40/d9/40d995f17faecf3c86188bbab46edf72_ce86084521692ce56b20e39f448f7d2c0a5497b0', 'https://s3-ap-southeast-1.amazonaws.com/mp-media-dev/main/40/d9/40d995f17faecf3c86188bbab46edf72_ce86084521692ce56b20e39f448f7d2c0a5497b0');
INSERT INTO `object_storage_s3` VALUES ('4466284478906', 'ap-southeast-1', 'mp-media-dev', 'main/bc/13/bc13f0aa5504069a3ac3b22c507278f7_7764d01a5852b4c11db6e3d696e8c82fffbd9294', 'https://s3-ap-southeast-1.amazonaws.com/mp-media-dev/main/bc/13/bc13f0aa5504069a3ac3b22c507278f7_7764d01a5852b4c11db6e3d696e8c82fffbd9294');
INSERT INTO `object_storage_s3` VALUES ('4466807939520', 'ap-southeast-1', 'mp-media-dev', 'main/59/9f/599f9fcd6987c1c2a2ccdbf49a44acae_9ace85e44539352bb73ffd4ad015f62d2b4f7e5b', 'https://s3-ap-southeast-1.amazonaws.com/mp-media-dev/main/59/9f/599f9fcd6987c1c2a2ccdbf49a44acae_9ace85e44539352bb73ffd4ad015f62d2b4f7e5b');
INSERT INTO `object_storage_s3` VALUES ('4466809962946', 'ap-southeast-1', 'mp-media-dev', 'main/88/b4/88b457fa6ac16bc22d973db8ecd2d023_a0f861ce70d57104be4e3b0b6b0897eef174982b', 'https://s3-ap-southeast-1.amazonaws.com/mp-media-dev/main/88/b4/88b457fa6ac16bc22d973db8ecd2d023_a0f861ce70d57104be4e3b0b6b0897eef174982b');
INSERT INTO `object_storage_s3` VALUES ('4466815476163', 'ap-southeast-1', 'mp-media-dev', 'main/79/2f/792f5bac7daa8818afdebc35a4b01dd0_505c4d391aacc499f1991c4bf72b489b5bf9201f', 'https://s3-ap-southeast-1.amazonaws.com/mp-media-dev/main/79/2f/792f5bac7daa8818afdebc35a4b01dd0_505c4d391aacc499f1991c4bf72b489b5bf9201f');
INSERT INTO `object_storage_s3` VALUES ('4467476906450', 'ap-southeast-1', 'mp-media-dev', 'main/45/8e/458e9a501be1b6b1fb3b14d4b50f0139_899499c1cb258fcbc6f92fdba1479015858d98e3', 'https://s3-ap-southeast-1.amazonaws.com/mp-media-dev/main/45/8e/458e9a501be1b6b1fb3b14d4b50f0139_899499c1cb258fcbc6f92fdba1479015858d98e3');
INSERT INTO `object_storage_s3` VALUES ('4467477357011', 'ap-southeast-1', 'mp-media-dev', 'main/82/87/82879673b126c71d3f4797b693009983_aa84fb88e78bee617183406100fd0d629d067048', 'https://s3-ap-southeast-1.amazonaws.com/mp-media-dev/main/82/87/82879673b126c71d3f4797b693009983_aa84fb88e78bee617183406100fd0d629d067048');
INSERT INTO `object_storage_s3` VALUES ('4467477602772', 'ap-southeast-1', 'mp-media-dev', 'main/1e/aa/1eaa5dad2eac19d6984f7c23e7d526c6_e8d85cd370b2c7fe91eca215cd388b918fe9ab77', 'https://s3-ap-southeast-1.amazonaws.com/mp-media-dev/main/1e/aa/1eaa5dad2eac19d6984f7c23e7d526c6_e8d85cd370b2c7fe91eca215cd388b918fe9ab77');
INSERT INTO `object_storage_s3` VALUES ('4467515482581', 'ap-southeast-1', 'mp-media-dev', 'main/11/a7/11a7d96439ec44c49aefa9155bfc1f92_b083aff98fc5c41b6e032d183384b24a20632bae', 'https://s3-ap-southeast-1.amazonaws.com/mp-media-dev/main/11/a7/11a7d96439ec44c49aefa9155bfc1f92_b083aff98fc5c41b6e032d183384b24a20632bae');
INSERT INTO `object_storage_s3` VALUES ('4467519955414', 'ap-southeast-1', 'mp-media-dev', 'main/27/21/272100a82b8f6b2225d1f83d3f657483_31ab4b5f659c2b5b886eca64fdede3e4c802078f', 'https://s3-ap-southeast-1.amazonaws.com/mp-media-dev/main/27/21/272100a82b8f6b2225d1f83d3f657483_31ab4b5f659c2b5b886eca64fdede3e4c802078f');
INSERT INTO `object_storage_s3` VALUES ('4467521266135', 'ap-southeast-1', 'mp-media-dev', 'main/fa/fc/fafc624497dba759d870c8980ba40229_4e521e56a24ad65774c994b6aba55f2195d34232', 'https://s3-ap-southeast-1.amazonaws.com/mp-media-dev/main/fa/fc/fafc624497dba759d870c8980ba40229_4e521e56a24ad65774c994b6aba55f2195d34232');
INSERT INTO `object_storage_s3` VALUES ('4467704963546', 'ap-southeast-1', 'mp-media-dev', 'main/06/aa/06aa5d54e9de619a4298a7a5332c8edd_759b153bc4045cf4c1e75af6a456aaf5a762494e', 'https://s3-ap-southeast-1.amazonaws.com/mp-media-dev/main/06/aa/06aa5d54e9de619a4298a7a5332c8edd_759b153bc4045cf4c1e75af6a456aaf5a762494e');
INSERT INTO `object_storage_s3` VALUES ('4467705430491', 'ap-southeast-1', 'mp-media-dev', 'main/4f/f7/4ff748023af1b08879676bee691912fe_ab00e6668929c3aed56d1a213d4502b93b2a7292', 'https://s3-ap-southeast-1.amazonaws.com/mp-media-dev/main/4f/f7/4ff748023af1b08879676bee691912fe_ab00e6668929c3aed56d1a213d4502b93b2a7292');
INSERT INTO `object_storage_s3` VALUES ('4467706675676', 'ap-southeast-1', 'mp-media-dev', 'main/7c/ce/7cceaf6a6bc792b946e0445d241b1af0_0131d4a54c2f8e95a42a958820647b5000da19b6', 'https://s3-ap-southeast-1.amazonaws.com/mp-media-dev/main/7c/ce/7cceaf6a6bc792b946e0445d241b1af0_0131d4a54c2f8e95a42a958820647b5000da19b6');
INSERT INTO `object_storage_s3` VALUES ('4467710616029', 'ap-southeast-1', 'mp-media-dev', 'main/cf/0d/cf0d681556949c0ede6b1176931967a1_2e8c7b8bab12fe98652af9be877d91659a2905f8', 'https://s3-ap-southeast-1.amazonaws.com/mp-media-dev/main/cf/0d/cf0d681556949c0ede6b1176931967a1_2e8c7b8bab12fe98652af9be877d91659a2905f8');
INSERT INTO `object_storage_s3` VALUES ('4467711762910', 'ap-southeast-1', 'mp-media-dev', 'main/16/14/1614b93462dc1016eb7861204a8b9a9d_ff80f98415d6ae4fbac83b98a29c355b8db7b0fd', 'https://s3-ap-southeast-1.amazonaws.com/mp-media-dev/main/16/14/1614b93462dc1016eb7861204a8b9a9d_ff80f98415d6ae4fbac83b98a29c355b8db7b0fd');
INSERT INTO `object_storage_s3` VALUES ('4469624758751', 'ap-southeast-1', 'mp-media-dev', 'main/5e/c1/5ec16ed78d2f83e9696b0e54708cdd05_6277703b082240b11222ca3024cdda96e8411c7e', 'https://s3-ap-southeast-1.amazonaws.com/mp-media-dev/main/5e/c1/5ec16ed78d2f83e9696b0e54708cdd05_6277703b082240b11222ca3024cdda96e8411c7e');
INSERT INTO `object_storage_s3` VALUES ('4469625315809', 'ap-southeast-1', 'mp-media-dev', 'main/da/80/da803f765da53f2ba5540fa91ef8be60_c651deb77a4dcacc8d52d6f1781682a640d47d75', 'https://s3-ap-southeast-1.amazonaws.com/mp-media-dev/main/da/80/da803f765da53f2ba5540fa91ef8be60_c651deb77a4dcacc8d52d6f1781682a640d47d75');
INSERT INTO `object_storage_s3` VALUES ('4469756682725', 'ap-southeast-1', 'mp-media-dev', 'main/0a/96/0a96aa8cb39dae8f92486e78df28b74a_df13c26d4a320e71a83904cc67b66868cdb3017c', 'https://s3-ap-southeast-1.amazonaws.com/mp-media-dev/main/0a/96/0a96aa8cb39dae8f92486e78df28b74a_df13c26d4a320e71a83904cc67b66868cdb3017c');
INSERT INTO `object_storage_s3` VALUES ('4469757919718', 'ap-southeast-1', 'mp-media-dev', 'main/f3/2f/f32f530fe5bba2f3f90e29133cf98f08_80e66b5429fa8fbbcca190290d724a2704922304', 'https://s3-ap-southeast-1.amazonaws.com/mp-media-dev/main/f3/2f/f32f530fe5bba2f3f90e29133cf98f08_80e66b5429fa8fbbcca190290d724a2704922304');
INSERT INTO `object_storage_s3` VALUES ('4469770764776', 'ap-southeast-1', 'mp-media-dev', 'main/3b/61/3b6159295cab00a4d363885d4cacc9e7_06734915139e3de93a517968e6a0425c37c516c0', 'https://s3-ap-southeast-1.amazonaws.com/mp-media-dev/main/3b/61/3b6159295cab00a4d363885d4cacc9e7_06734915139e3de93a517968e6a0425c37c516c0');
INSERT INTO `object_storage_s3` VALUES ('4469785657835', 'ap-southeast-1', 'mp-media-dev', 'main/8d/5e/8d5eb5f00dee7fff24c5897622c0cca1_61a000f169e38eea3e26397aa71221919c18837a', 'https://s3-ap-southeast-1.amazonaws.com/mp-media-dev/main/8d/5e/8d5eb5f00dee7fff24c5897622c0cca1_61a000f169e38eea3e26397aa71221919c18837a');
INSERT INTO `object_storage_s3` VALUES ('4469793096172', 'ap-southeast-1', 'mp-media-dev', 'main/b3/a6/b3a658d4d571ad96b0b89e452e682d92_37f8583754e417118db5353d29c08b12c7973bad', 'https://s3-ap-southeast-1.amazonaws.com/mp-media-dev/main/b3/a6/b3a658d4d571ad96b0b89e452e682d92_37f8583754e417118db5353d29c08b12c7973bad');
INSERT INTO `object_storage_s3` VALUES ('4469793808877', 'ap-southeast-1', 'mp-media-dev', 'main/5b/49/5b4972d1e778510153b3b96dbbe74608_4b8f9c226125778486b273ae70bf33b8f8d22928', 'https://s3-ap-southeast-1.amazonaws.com/mp-media-dev/main/5b/49/5b4972d1e778510153b3b96dbbe74608_4b8f9c226125778486b273ae70bf33b8f8d22928');
INSERT INTO `object_storage_s3` VALUES ('4469795193326', 'ap-southeast-1', 'mp-media-dev', 'main/b5/b8/b5b86b557bf52577267e1190fe813c2d_29f18fda89ba5e892310a6b7b2edda9c9cb1b386', 'https://s3-ap-southeast-1.amazonaws.com/mp-media-dev/main/b5/b8/b5b86b557bf52577267e1190fe813c2d_29f18fda89ba5e892310a6b7b2edda9c9cb1b386');
INSERT INTO `object_storage_s3` VALUES ('4469797315055', 'ap-southeast-1', 'mp-media-dev', 'main/a2/9a/a29ae67568d304e939b3fecee88e89da_7d99fa2fe1feea8cf80e48373b89f56eaac3f25c', 'https://s3-ap-southeast-1.amazonaws.com/mp-media-dev/main/a2/9a/a29ae67568d304e939b3fecee88e89da_7d99fa2fe1feea8cf80e48373b89f56eaac3f25c');
INSERT INTO `object_storage_s3` VALUES ('4469798707696', 'ap-southeast-1', 'mp-media-dev', 'main/68/45/68458fe367401343ae302ecf4205c60e_c258be532e5685d25619f5f81bc6981ce972115e', 'https://s3-ap-southeast-1.amazonaws.com/mp-media-dev/main/68/45/68458fe367401343ae302ecf4205c60e_c258be532e5685d25619f5f81bc6981ce972115e');
INSERT INTO `object_storage_s3` VALUES ('4469801525747', 'ap-southeast-1', 'mp-media-dev', 'main/ff/21/ff2166361ee8fed250055e782bcbdd7f_991c653409d9b30fc27eb2646d1b25f6791d4f4c', 'https://s3-ap-southeast-1.amazonaws.com/mp-media-dev/main/ff/21/ff2166361ee8fed250055e782bcbdd7f_991c653409d9b30fc27eb2646d1b25f6791d4f4c');
INSERT INTO `object_storage_s3` VALUES ('4469802877428', 'ap-southeast-1', 'mp-media-dev', 'main/2e/46/2e46deac892e2d07f96b9a48d2cb642d_7c3de8c4ca46193f039c2353058f202b96826108', 'https://s3-ap-southeast-1.amazonaws.com/mp-media-dev/main/2e/46/2e46deac892e2d07f96b9a48d2cb642d_7c3de8c4ca46193f039c2353058f202b96826108');
INSERT INTO `object_storage_s3` VALUES ('4469809734137', 'ap-southeast-1', 'mp-media-dev', 'main/98/e5/98e5d0beb956355490562cdc6ef8c464_59d57639668d471790197735a41aee697345050c', 'https://s3-ap-southeast-1.amazonaws.com/mp-media-dev/main/98/e5/98e5d0beb956355490562cdc6ef8c464_59d57639668d471790197735a41aee697345050c');
INSERT INTO `object_storage_s3` VALUES ('4469810217466', 'ap-southeast-1', 'mp-media-dev', 'main/d4/ba/d4ba109bc61b6bb2a3d3a48a4c1f3a4a_092156c0f77ad628acf4ba89faed1f3f42be69fe', 'https://s3-ap-southeast-1.amazonaws.com/mp-media-dev/main/d4/ba/d4ba109bc61b6bb2a3d3a48a4c1f3a4a_092156c0f77ad628acf4ba89faed1f3f42be69fe');
INSERT INTO `object_storage_s3` VALUES ('4469811503611', 'ap-southeast-1', 'mp-media-dev', 'main/06/71/067195d6e40b9434d22032ca35a666c4_e93d07a74dfcd10f894216cfe2e8efc8f6513a58', 'https://s3-ap-southeast-1.amazonaws.com/mp-media-dev/main/06/71/067195d6e40b9434d22032ca35a666c4_e93d07a74dfcd10f894216cfe2e8efc8f6513a58');
INSERT INTO `object_storage_s3` VALUES ('4469812724220', 'ap-southeast-1', 'mp-media-dev', 'main/0c/2d/0c2d0b5c0776e9a7c672694e61233d60_bb7984a20db12c0570f709f29c6c7392187d2e4c', 'https://s3-ap-southeast-1.amazonaws.com/mp-media-dev/main/0c/2d/0c2d0b5c0776e9a7c672694e61233d60_bb7984a20db12c0570f709f29c6c7392187d2e4c');
INSERT INTO `object_storage_s3` VALUES ('4470333440524', 'ap-southeast-1', 'mp-media-dev', 'main/0a/b0/0ab0a5eab4584c2389c42ee28420a85e_c4e5364811a75ba1c0aca68312977fc1358d7d82', 'https://s3-ap-southeast-1.amazonaws.com/mp-media-dev/main/0a/b0/0ab0a5eab4584c2389c42ee28420a85e_c4e5364811a75ba1c0aca68312977fc1358d7d82');
INSERT INTO `object_storage_s3` VALUES ('4471004357143', 'ap-southeast-1', 'mp-media-dev', 'main/f2/f3/f2f3981ab628060edd7366c24a43e91f_041380403e768c6fbc5630b43754bbb2b33818c8', 'https://s3-ap-southeast-1.amazonaws.com/mp-media-dev/main/f2/f3/f2f3981ab628060edd7366c24a43e91f_041380403e768c6fbc5630b43754bbb2b33818c8');
INSERT INTO `object_storage_s3` VALUES ('4471004766744', 'ap-southeast-1', 'mp-media-dev', 'main/8e/02/8e0208b11fb4efaee2086b9497abbebd_664f6fb27b31d0423cb30c7e99121dce5429f8eb', 'https://s3-ap-southeast-1.amazonaws.com/mp-media-dev/main/8e/02/8e0208b11fb4efaee2086b9497abbebd_664f6fb27b31d0423cb30c7e99121dce5429f8eb');
INSERT INTO `object_storage_s3` VALUES ('4471010140699', 'ap-southeast-1', 'mp-media-dev', 'main/af/60/af607aaab3fe3ba0bcb0287d58822aa1_764dc824800f620b5f729a9809b166dca6b8df70', 'https://s3-ap-southeast-1.amazonaws.com/mp-media-dev/main/af/60/af607aaab3fe3ba0bcb0287d58822aa1_764dc824800f620b5f729a9809b166dca6b8df70');
INSERT INTO `object_storage_s3` VALUES ('4471156507178', 'ap-southeast-1', 'mp-media-dev', 'main/7c/d5/7cd5f196e48163d430a2a8703df33f49_f1fc00d378ddfbdf1186dc9adf9d4ab5749e9297', 'https://s3-ap-southeast-1.amazonaws.com/mp-media-dev/main/7c/d5/7cd5f196e48163d430a2a8703df33f49_f1fc00d378ddfbdf1186dc9adf9d4ab5749e9297');
INSERT INTO `object_storage_s3` VALUES ('4471161455147', 'ap-southeast-1', 'mp-media-dev', 'main/3e/d4/3ed4fd6f36291f4e338558f8992bf6ac_7d00fd1a1d0e8581a1c3001b5fea54fda2a600e4', 'https://s3-ap-southeast-1.amazonaws.com/mp-media-dev/main/3e/d4/3ed4fd6f36291f4e338558f8992bf6ac_7d00fd1a1d0e8581a1c3001b5fea54fda2a600e4');
INSERT INTO `object_storage_s3` VALUES ('4471168418348', 'ap-southeast-1', 'mp-media-dev', 'main/61/92/61926112fec7c5ba3481ba409102a756_f1323c746528d470a6be15f639e40de9f215a7b8', 'https://s3-ap-southeast-1.amazonaws.com/mp-media-dev/main/61/92/61926112fec7c5ba3481ba409102a756_f1323c746528d470a6be15f639e40de9f215a7b8');
INSERT INTO `object_storage_s3` VALUES ('4471212311085', 'ap-southeast-1', 'mp-media-dev', 'main/1e/40/1e40d4f3529c285bfbbb809dc061d5cf_fb20b039f97fe413cf1af88ba7dadd52ed6723fe', 'https://s3-ap-southeast-1.amazonaws.com/mp-media-dev/main/1e/40/1e40d4f3529c285bfbbb809dc061d5cf_fb20b039f97fe413cf1af88ba7dadd52ed6723fe');
INSERT INTO `object_storage_s3` VALUES ('4471701889582', 'ap-southeast-1', 'mp-media-dev', 'main/61/19/611920900da2b597b3f56ef2a2521391_5fa95ce7d02e3c852958ff9c7a9e09ee068bf5a3', 'https://s3-ap-southeast-1.amazonaws.com/mp-media-dev/main/61/19/611920900da2b597b3f56ef2a2521391_5fa95ce7d02e3c852958ff9c7a9e09ee068bf5a3');
INSERT INTO `object_storage_s3` VALUES ('4471703740976', 'ap-southeast-1', 'mp-media-dev', 'main/22/cf/22cfe779c2855e1272b787e99db2c52c_7ce14c2eb8f207062861d692e0e079f584dd65bb', 'https://s3-ap-southeast-1.amazonaws.com/mp-media-dev/main/22/cf/22cfe779c2855e1272b787e99db2c52c_7ce14c2eb8f207062861d692e0e079f584dd65bb');
INSERT INTO `object_storage_s3` VALUES ('4471703929393', 'ap-southeast-1', 'mp-media-dev', 'main/9c/7f/9c7f967e7c7e4934bf2bcf45908bd0fb_92fc07ea45474c98cd6005bae5ce7d4c8011c7ee', 'https://s3-ap-southeast-1.amazonaws.com/mp-media-dev/main/9c/7f/9c7f967e7c7e4934bf2bcf45908bd0fb_92fc07ea45474c98cd6005bae5ce7d4c8011c7ee');
INSERT INTO `object_storage_s3` VALUES ('4471705117234', 'ap-southeast-1', 'mp-media-dev', 'main/73/3f/733f52445e370b872aeb59515fe2628b_59b2b003cc18eef699f9ef9e9e1905b6d1f9b245', 'https://s3-ap-southeast-1.amazonaws.com/mp-media-dev/main/73/3f/733f52445e370b872aeb59515fe2628b_59b2b003cc18eef699f9ef9e9e1905b6d1f9b245');
INSERT INTO `object_storage_s3` VALUES ('4471705526835', 'ap-southeast-1', 'mp-media-dev', 'main/ec/04/ec04a2b6edfc4063162105641b05e1d3_b887868a26887389bd563a04cd5c48432c49598f', 'https://s3-ap-southeast-1.amazonaws.com/mp-media-dev/main/ec/04/ec04a2b6edfc4063162105641b05e1d3_b887868a26887389bd563a04cd5c48432c49598f');
INSERT INTO `object_storage_s3` VALUES ('4471705862708', 'ap-southeast-1', 'mp-media-dev', 'main/2b/d9/2bd9529335548d1c0a7c045e27fc27a3_2544a668e8d117f1c6bca1390b63b7480b3df6eb', 'https://s3-ap-southeast-1.amazonaws.com/mp-media-dev/main/2b/d9/2bd9529335548d1c0a7c045e27fc27a3_2544a668e8d117f1c6bca1390b63b7480b3df6eb');
INSERT INTO `object_storage_s3` VALUES ('4471708090933', 'ap-southeast-1', 'mp-media-dev', 'main/8d/80/8d80a644fb13401a77b0f02f6045bc48_97737bf30969cedb1039f5bf2cd018dce9b40a19', 'https://s3-ap-southeast-1.amazonaws.com/mp-media-dev/main/8d/80/8d80a644fb13401a77b0f02f6045bc48_97737bf30969cedb1039f5bf2cd018dce9b40a19');
INSERT INTO `object_storage_s3` VALUES ('4471712530998', 'ap-southeast-1', 'mp-media-dev', 'main/6b/7e/6b7e351729169ea557ed172da60d77c5_a28493fb98359f0d731ba43f157cb26f8ebd8999', 'https://s3-ap-southeast-1.amazonaws.com/mp-media-dev/main/6b/7e/6b7e351729169ea557ed172da60d77c5_a28493fb98359f0d731ba43f157cb26f8ebd8999');
INSERT INTO `object_storage_s3` VALUES ('4471869071927', 'ap-southeast-1', 'mp-media-dev', 'main/bc/1f/bc1f82166f723f835ad0060df658dc69_eb7e450bdbfa4ccd2495ed28176781f7232c0854', 'https://s3-ap-southeast-1.amazonaws.com/mp-media-dev/main/bc/1f/bc1f82166f723f835ad0060df658dc69_eb7e450bdbfa4ccd2495ed28176781f7232c0854');
INSERT INTO `object_storage_s3` VALUES ('4471909524024', 'ap-southeast-1', 'mp-media-dev', 'main/6a/dc/6adc74510a5d94fc348d196c3a58cdcf_8cf5f63a3fb1de50bb93e438922a8d94b0b2bc5c', 'https://s3-ap-southeast-1.amazonaws.com/mp-media-dev/main/6a/dc/6adc74510a5d94fc348d196c3a58cdcf_8cf5f63a3fb1de50bb93e438922a8d94b0b2bc5c');
INSERT INTO `object_storage_s3` VALUES ('4471909540409', 'ap-southeast-1', 'mp-media-dev', 'main/4e/25/4e2518a898d48a63ff2320958c369062_45eec4550355c8ac105ebab6f97e037b8a43081e', 'https://s3-ap-southeast-1.amazonaws.com/mp-media-dev/main/4e/25/4e2518a898d48a63ff2320958c369062_45eec4550355c8ac105ebab6f97e037b8a43081e');
INSERT INTO `object_storage_s3` VALUES ('4471919428155', 'ap-southeast-1', 'mp-media-dev', 'main/80/ad/80ad3816717c6c10b30e33298caf4362_9acfa011f3840bd6b43c05729e750f0a77137e3e', 'https://s3-ap-southeast-1.amazonaws.com/mp-media-dev/main/80/ad/80ad3816717c6c10b30e33298caf4362_9acfa011f3840bd6b43c05729e750f0a77137e3e');
INSERT INTO `object_storage_s3` VALUES ('4471920255548', 'ap-southeast-1', 'mp-media-dev', 'main/03/f0/03f00b9697da6a8db978ccd6bfc6dec7_245e71e5e9fc9ecc73e0db6916918ec980adab2e', 'https://s3-ap-southeast-1.amazonaws.com/mp-media-dev/main/03/f0/03f00b9697da6a8db978ccd6bfc6dec7_245e71e5e9fc9ecc73e0db6916918ec980adab2e');
INSERT INTO `object_storage_s3` VALUES ('4471920288317', 'ap-southeast-1', 'mp-media-dev', 'main/da/ae/daae3596778d62c68cc1e502009853a3_913bf08739b6e96992c55041dd9b43b6c1a222de', 'https://s3-ap-southeast-1.amazonaws.com/mp-media-dev/main/da/ae/daae3596778d62c68cc1e502009853a3_913bf08739b6e96992c55041dd9b43b6c1a222de');
INSERT INTO `object_storage_s3` VALUES ('4471920304702', 'ap-southeast-1', 'mp-media-dev', 'main/56/71/5671cd2056e927ecaa59d5e90dcb643e_83a3f3653e1492b01d8aaf93379433575cc3c6df', 'https://s3-ap-southeast-1.amazonaws.com/mp-media-dev/main/56/71/5671cd2056e927ecaa59d5e90dcb643e_83a3f3653e1492b01d8aaf93379433575cc3c6df');
INSERT INTO `object_storage_s3` VALUES ('4471920386623', 'ap-southeast-1', 'mp-media-dev', 'main/ba/78/ba786ebb85a9bbb23ca49e287cebcda9_fbb5d9f399fff801581406889553c660f581eb76', 'https://s3-ap-southeast-1.amazonaws.com/mp-media-dev/main/ba/78/ba786ebb85a9bbb23ca49e287cebcda9_fbb5d9f399fff801581406889553c660f581eb76');
INSERT INTO `object_storage_s3` VALUES ('4471920386624', 'ap-southeast-1', 'mp-media-dev', 'main/78/ce/78ce94e3d451e93a68815a77d1f1a11b_696afc19fb1987e27e20811a97623056b47a4975', 'https://s3-ap-southeast-1.amazonaws.com/mp-media-dev/main/78/ce/78ce94e3d451e93a68815a77d1f1a11b_696afc19fb1987e27e20811a97623056b47a4975');
INSERT INTO `object_storage_s3` VALUES ('4471945921089', 'ap-southeast-1', 'mp-media-dev', 'main/9d/15/9d15ab00c88cceab318939f3851de405_2b888e1218faf79e2436bc04d1cdb8e7cd7bcef9', 'https://s3-ap-southeast-1.amazonaws.com/mp-media-dev/main/9d/15/9d15ab00c88cceab318939f3851de405_2b888e1218faf79e2436bc04d1cdb8e7cd7bcef9');
INSERT INTO `object_storage_s3` VALUES ('4474668679746', 'ap-southeast-1', 'mp-media-dev', 'main/07/22/0722c23c3dc79439d60b3e0ecb90ae4c_4e676db5872ff05f7051c36098c921696d95c32a', 'https://s3-ap-southeast-1.amazonaws.com/mp-media-dev/main/07/22/0722c23c3dc79439d60b3e0ecb90ae4c_4e676db5872ff05f7051c36098c921696d95c32a');
INSERT INTO `object_storage_s3` VALUES ('4474697622083', 'ap-southeast-1', 'mp-media-dev', 'main/67/5a/675aef11ac981dcef85f5be83f52fdf7_14a271d592e51549f0e280aa60b3c1b36ccf6167', 'https://s3-ap-southeast-1.amazonaws.com/mp-media-dev/main/67/5a/675aef11ac981dcef85f5be83f52fdf7_14a271d592e51549f0e280aa60b3c1b36ccf6167');
INSERT INTO `object_storage_s3` VALUES ('4474703594052', 'ap-southeast-1', 'mp-media-dev', 'main/f2/48/f2488a5287b970661dc1555da46c9583_ba4682ca4a9c30d2c2d08f46c2a278e75d29d9ad', 'https://s3-ap-southeast-1.amazonaws.com/mp-media-dev/main/f2/48/f2488a5287b970661dc1555da46c9583_ba4682ca4a9c30d2c2d08f46c2a278e75d29d9ad');
INSERT INTO `object_storage_s3` VALUES ('4474773217861', 'ap-southeast-1', 'mp-media-dev', 'main/8a/6b/8a6bc6fe764d169523e0aa40a051dd7e_c62c7901bcf491b3784935cccab9d4cb10f810e3', 'https://s3-ap-southeast-1.amazonaws.com/mp-media-dev/main/8a/6b/8a6bc6fe764d169523e0aa40a051dd7e_c62c7901bcf491b3784935cccab9d4cb10f810e3');
INSERT INTO `object_storage_s3` VALUES ('4475242095174', 'ap-southeast-1', 'mp-media-dev', 'main/9b/17/9b1799a0d273c039069358b2fc305472_17ff86cb1290a48319763d2e1dc0fe8da6bc17b7', 'https://s3-ap-southeast-1.amazonaws.com/mp-media-dev/main/9b/17/9b1799a0d273c039069358b2fc305472_17ff86cb1290a48319763d2e1dc0fe8da6bc17b7');
INSERT INTO `object_storage_s3` VALUES ('4475388289607', 'ap-southeast-1', 'mp-media-dev', 'main/f4/41/f44158d82228eb37b0206b9d3f9dbdf6_f8cc33dcaaa8ca5b6cad8b8541812c4b26898f83', 'https://s3-ap-southeast-1.amazonaws.com/mp-media-dev/main/f4/41/f44158d82228eb37b0206b9d3f9dbdf6_f8cc33dcaaa8ca5b6cad8b8541812c4b26898f83');
INSERT INTO `object_storage_s3` VALUES ('4475395465800', 'ap-southeast-1', 'mp-media-dev', 'main/28/d9/28d9ae11ddd0c2c1b888a174da39bf2b_0d79b75ce5469f5669a8dd42f17eec5056b24830', 'https://s3-ap-southeast-1.amazonaws.com/mp-media-dev/main/28/d9/28d9ae11ddd0c2c1b888a174da39bf2b_0d79b75ce5469f5669a8dd42f17eec5056b24830');
INSERT INTO `object_storage_s3` VALUES ('4475404591689', 'ap-southeast-1', 'mp-media-dev', 'main/c5/1d/c51d1c9f61041ea5a44ce543cb8e7edc_93e00222a1398b2bcc6f3fb5f5cee4eb858d2cc5', 'https://s3-ap-southeast-1.amazonaws.com/mp-media-dev/main/c5/1d/c51d1c9f61041ea5a44ce543cb8e7edc_93e00222a1398b2bcc6f3fb5f5cee4eb858d2cc5');
INSERT INTO `object_storage_s3` VALUES ('4475404886602', 'ap-southeast-1', 'mp-media-dev', 'main/9f/ab/9fab6d162662a19506fe1aca20a923cd_804e0b50238ef42403f6a26e980525242287df17', 'https://s3-ap-southeast-1.amazonaws.com/mp-media-dev/main/9f/ab/9fab6d162662a19506fe1aca20a923cd_804e0b50238ef42403f6a26e980525242287df17');
INSERT INTO `object_storage_s3` VALUES ('4475405050443', 'ap-southeast-1', 'mp-media-dev', 'main/de/4e/de4e77b40b838f2f10e9fdf1e452ee65_4e1582ad96130f2a29109a011ee09d8c44c6da17', 'https://s3-ap-southeast-1.amazonaws.com/mp-media-dev/main/de/4e/de4e77b40b838f2f10e9fdf1e452ee65_4e1582ad96130f2a29109a011ee09d8c44c6da17');
INSERT INTO `object_storage_s3` VALUES ('4475405435468', 'ap-southeast-1', 'mp-media-dev', 'main/89/4e/894e5c5b9fe351af02e7258354f5bae0_f45d076778978a4570042641354be14a36bbf269', 'https://s3-ap-southeast-1.amazonaws.com/mp-media-dev/main/89/4e/894e5c5b9fe351af02e7258354f5bae0_f45d076778978a4570042641354be14a36bbf269');
INSERT INTO `object_storage_s3` VALUES ('4475405869645', 'ap-southeast-1', 'mp-media-dev', 'main/91/b8/91b88edff63f5e1f9e82a71a9ba8af9b_59e88f79dbf8d13cb636a7f3bef51877709ff173', 'https://s3-ap-southeast-1.amazonaws.com/mp-media-dev/main/91/b8/91b88edff63f5e1f9e82a71a9ba8af9b_59e88f79dbf8d13cb636a7f3bef51877709ff173');
INSERT INTO `object_storage_s3` VALUES ('4475983815246', 'ap-southeast-1', 'mp-media-dev', 'main/c4/7c/c47c7325d7be29672544e905ec68f72a_94e29741506cdde5d4faf1b4e25f7f1727703619', 'https://s3-ap-southeast-1.amazonaws.com/mp-media-dev/main/c4/7c/c47c7325d7be29672544e905ec68f72a_94e29741506cdde5d4faf1b4e25f7f1727703619');
INSERT INTO `object_storage_s3` VALUES ('4476151251535', 'ap-southeast-1', 'mp-media-dev', 'main/51/87/5187b48da62b35d6c909b24262c5a4be_bfa3ee87dfa3646e86cdea230fa7dd0434c8e065', 'https://s3-ap-southeast-1.amazonaws.com/mp-media-dev/main/51/87/5187b48da62b35d6c909b24262c5a4be_bfa3ee87dfa3646e86cdea230fa7dd0434c8e065');
INSERT INTO `object_storage_s3` VALUES ('4476151407184', 'ap-southeast-1', 'mp-media-dev', 'main/68/29/6829195e75dc3bdb42160f7f1e2e75f8_aa40835f45a0fc800c31a8b53b74d9ae85597d20', 'https://s3-ap-southeast-1.amazonaws.com/mp-media-dev/main/68/29/6829195e75dc3bdb42160f7f1e2e75f8_aa40835f45a0fc800c31a8b53b74d9ae85597d20');
INSERT INTO `object_storage_s3` VALUES ('4476173992529', 'ap-southeast-1', 'mp-media-dev', 'main/b7/d0/b7d06df786459436eec4ee22887743f3_a3d1ea6121c3be42431e2dc366a07ab9823bf9a2', 'https://s3-ap-southeast-1.amazonaws.com/mp-media-dev/main/b7/d0/b7d06df786459436eec4ee22887743f3_a3d1ea6121c3be42431e2dc366a07ab9823bf9a2');
INSERT INTO `object_storage_s3` VALUES ('4476657541714', 'ap-southeast-1', 'mp-media-dev', 'main/d2/84/d2846bc8e04c9bf5d45a92e402b9f5ab_b1179ebfddffd23873db6b50864be9dbeb8967a4', 'https://s3-ap-southeast-1.amazonaws.com/mp-media-dev/main/d2/84/d2846bc8e04c9bf5d45a92e402b9f5ab_b1179ebfddffd23873db6b50864be9dbeb8967a4');
INSERT INTO `object_storage_s3` VALUES ('4476657680979', 'ap-southeast-1', 'mp-media-dev', 'main/68/d7/68d7111c7df10f5362e100b67c8acba2_a756b76b8d9fc990e286aba157d1bb847aa2c552', 'https://s3-ap-southeast-1.amazonaws.com/mp-media-dev/main/68/d7/68d7111c7df10f5362e100b67c8acba2_a756b76b8d9fc990e286aba157d1bb847aa2c552');
INSERT INTO `object_storage_s3` VALUES ('4476659565140', 'ap-southeast-1', 'mp-media-dev', 'main/d0/e9/d0e964751e086fb7af8cf5542eeedce9_0d30f3190176039d9b671693df7d94c070ab1412', 'https://s3-ap-southeast-1.amazonaws.com/mp-media-dev/main/d0/e9/d0e964751e086fb7af8cf5542eeedce9_0d30f3190176039d9b671693df7d94c070ab1412');
INSERT INTO `object_storage_s3` VALUES ('4476659671637', 'ap-southeast-1', 'mp-media-dev', 'main/5e/e2/5ee272648536ffb6cc3c27bcff8e4e1c_5fdad438c878646a9b9ec730f7cbcedfb241cf24', 'https://s3-ap-southeast-1.amazonaws.com/mp-media-dev/main/5e/e2/5ee272648536ffb6cc3c27bcff8e4e1c_5fdad438c878646a9b9ec730f7cbcedfb241cf24');
INSERT INTO `object_storage_s3` VALUES ('4476659696214', 'ap-southeast-1', 'mp-media-dev', 'main/d1/02/d10232a66bffa154f13b3c1dc9427228_5d0e7a1e8ed045dfb141a7e073bc3fa2307063fc', 'https://s3-ap-southeast-1.amazonaws.com/mp-media-dev/main/d1/02/d10232a66bffa154f13b3c1dc9427228_5d0e7a1e8ed045dfb141a7e073bc3fa2307063fc');
INSERT INTO `object_storage_s3` VALUES ('4476659966551', 'ap-southeast-1', 'mp-media-dev', 'main/05/52/0552d81af8e68807d8b57dbd72593bf9_c7174a6dfef924ddac447b35b27b693cd172af01', 'https://s3-ap-southeast-1.amazonaws.com/mp-media-dev/main/05/52/0552d81af8e68807d8b57dbd72593bf9_c7174a6dfef924ddac447b35b27b693cd172af01');
INSERT INTO `object_storage_s3` VALUES ('4476662768216', 'ap-southeast-1', 'mp-media-dev', 'main/a7/04/a704df009d9e25d79826562370df959e_176ddf318e72b7a8e495d2e2ec6e44fbf6e52e58', 'https://s3-ap-southeast-1.amazonaws.com/mp-media-dev/main/a7/04/a704df009d9e25d79826562370df959e_176ddf318e72b7a8e495d2e2ec6e44fbf6e52e58');
INSERT INTO `object_storage_s3` VALUES ('4476663104089', 'ap-southeast-1', 'mp-media-dev', 'main/8e/87/8e870b7365962ce6de73af130dc87ffc_8b25b7b10e6f30b7bffb56a7e4c2471a5c1d1589', 'https://s3-ap-southeast-1.amazonaws.com/mp-media-dev/main/8e/87/8e870b7365962ce6de73af130dc87ffc_8b25b7b10e6f30b7bffb56a7e4c2471a5c1d1589');
INSERT INTO `object_storage_s3` VALUES ('4476668248666', 'ap-southeast-1', 'mp-media-dev', 'main/8a/af/8aaf6d96f1b2d20b7c2cd1e0f38de289_0d720d82cf3ddd8a8101b279b5d0280575d14861', 'https://s3-ap-southeast-1.amazonaws.com/mp-media-dev/main/8a/af/8aaf6d96f1b2d20b7c2cd1e0f38de289_0d720d82cf3ddd8a8101b279b5d0280575d14861');
INSERT INTO `object_storage_s3` VALUES ('4476668355163', 'ap-southeast-1', 'mp-media-dev', 'main/7d/7a/7d7a28902bb91c90cc9d16866c34c67e_d94bede261705b4b2bc51717bc2b5b6d1d52152b', 'https://s3-ap-southeast-1.amazonaws.com/mp-media-dev/main/7d/7a/7d7a28902bb91c90cc9d16866c34c67e_d94bede261705b4b2bc51717bc2b5b6d1d52152b');
INSERT INTO `object_storage_s3` VALUES ('4476668527196', 'ap-southeast-1', 'mp-media-dev', 'main/58/c3/58c3f362541718578be0065eab883e62_4fe89cae61461a7d6c94cb6f7b674686de52982b', 'https://s3-ap-southeast-1.amazonaws.com/mp-media-dev/main/58/c3/58c3f362541718578be0065eab883e62_4fe89cae61461a7d6c94cb6f7b674686de52982b');
INSERT INTO `object_storage_s3` VALUES ('4476669493853', 'ap-southeast-1', 'mp-media-dev', 'main/7e/7e/7e7eeae127deb793dba60764a57a0950_68d200516a432e2446f37e1d949906092611dd59', 'https://s3-ap-southeast-1.amazonaws.com/mp-media-dev/main/7e/7e/7e7eeae127deb793dba60764a57a0950_68d200516a432e2446f37e1d949906092611dd59');
INSERT INTO `object_storage_s3` VALUES ('4476673417822', 'ap-southeast-1', 'mp-media-dev', 'main/76/85/7685c75b211bd37e896f46d1ecfdc3f9_934bae8c10fcc047de5c89bbd3243ab9afd97f62', 'https://s3-ap-southeast-1.amazonaws.com/mp-media-dev/main/76/85/7685c75b211bd37e896f46d1ecfdc3f9_934bae8c10fcc047de5c89bbd3243ab9afd97f62');
INSERT INTO `object_storage_s3` VALUES ('4476673507935', 'ap-southeast-1', 'mp-media-dev', 'main/54/db/54db4277c26b706bb649365f53d0f9e2_3696995950a3a58b38d83e454353c0f22b1efec2', 'https://s3-ap-southeast-1.amazonaws.com/mp-media-dev/main/54/db/54db4277c26b706bb649365f53d0f9e2_3696995950a3a58b38d83e454353c0f22b1efec2');
INSERT INTO `object_storage_s3` VALUES ('4476676858464', 'ap-southeast-1', 'mp-media-dev', 'main/82/99/8299c5ef39557dbaa0c507aae2e45734_15114a79c0fe32f52d980a6432e538d1859e88fe', 'https://s3-ap-southeast-1.amazonaws.com/mp-media-dev/main/82/99/8299c5ef39557dbaa0c507aae2e45734_15114a79c0fe32f52d980a6432e538d1859e88fe');
INSERT INTO `object_storage_s3` VALUES ('4476676973153', 'ap-southeast-1', 'mp-media-dev', 'main/e5/0a/e50af82e5f8757aee52905f542951e59_5af659402d33c6ba4d2802972331ba76ba2258ad', 'https://s3-ap-southeast-1.amazonaws.com/mp-media-dev/main/e5/0a/e50af82e5f8757aee52905f542951e59_5af659402d33c6ba4d2802972331ba76ba2258ad');
INSERT INTO `object_storage_s3` VALUES ('4476713165410', 'ap-southeast-1', 'mp-media-dev', 'main/68/eb/68ebf46c9c1bca092488b6d78c6f5d1e_802a03ea2075a9d77cdc68eb88c295757bd6618d', 'https://s3-ap-southeast-1.amazonaws.com/mp-media-dev/main/68/eb/68ebf46c9c1bca092488b6d78c6f5d1e_802a03ea2075a9d77cdc68eb88c295757bd6618d');
INSERT INTO `object_storage_s3` VALUES ('4476713706083', 'ap-southeast-1', 'mp-media-dev', 'main/88/a0/88a05318ae6d23932a182205bf4876d4_93c5002cefaed27eec96009b005d20e109873e12', 'https://s3-ap-southeast-1.amazonaws.com/mp-media-dev/main/88/a0/88a05318ae6d23932a182205bf4876d4_93c5002cefaed27eec96009b005d20e109873e12');
INSERT INTO `object_storage_s3` VALUES ('4476714443364', 'ap-southeast-1', 'mp-media-dev', 'main/27/30/2730677568a75ba71375f0bb2f1aa99e_fefe75e6d6102282c5be59719800b3354f01064b', 'https://s3-ap-southeast-1.amazonaws.com/mp-media-dev/main/27/30/2730677568a75ba71375f0bb2f1aa99e_fefe75e6d6102282c5be59719800b3354f01064b');
INSERT INTO `object_storage_s3` VALUES ('4476715229797', 'ap-southeast-1', 'mp-media-dev', 'main/2c/e2/2ce24326fd2c4e4ea668952129965a5d_b71bae070297bec3259b325351db4a11b0b0ada1', 'https://s3-ap-southeast-1.amazonaws.com/mp-media-dev/main/2c/e2/2ce24326fd2c4e4ea668952129965a5d_b71bae070297bec3259b325351db4a11b0b0ada1');
INSERT INTO `object_storage_s3` VALUES ('4476727411302', 'ap-southeast-1', 'mp-media-dev', 'main/74/63/74638fc31e14d8bd8fa467ef77ab6925_1e04095f44a42ac7d1e68d6cf938e08c7823088c', 'https://s3-ap-southeast-1.amazonaws.com/mp-media-dev/main/74/63/74638fc31e14d8bd8fa467ef77ab6925_1e04095f44a42ac7d1e68d6cf938e08c7823088c');
INSERT INTO `object_storage_s3` VALUES ('4476784345703', 'ap-southeast-1', 'mp-media-dev', 'main/a2/a9/a2a9b8295cf6b1339579f4740866e80a_6bf91a25396332b11e604d5b334e8abafcb079e9', 'https://s3-ap-southeast-1.amazonaws.com/mp-media-dev/main/a2/a9/a2a9b8295cf6b1339579f4740866e80a_6bf91a25396332b11e604d5b334e8abafcb079e9');
INSERT INTO `object_storage_s3` VALUES ('4476785697384', 'ap-southeast-1', 'mp-media-dev', 'main/a2/e4/a2e4d0e53990467b1478bcb8437e9592_0a2fd684f8e34c364da8d75ffe9becf3f3b3b494', 'https://s3-ap-southeast-1.amazonaws.com/mp-media-dev/main/a2/e4/a2e4d0e53990467b1478bcb8437e9592_0a2fd684f8e34c364da8d75ffe9becf3f3b3b494');
INSERT INTO `object_storage_s3` VALUES ('4476785705577', 'ap-southeast-1', 'mp-media-dev', 'main/41/7b/417b5c574d052c590f32dea0faff081e_db4efc2ce9e39ba69f89f64b42ca546b58982532', 'https://s3-ap-southeast-1.amazonaws.com/mp-media-dev/main/41/7b/417b5c574d052c590f32dea0faff081e_db4efc2ce9e39ba69f89f64b42ca546b58982532');
INSERT INTO `object_storage_s3` VALUES ('4476785738346', 'ap-southeast-1', 'mp-media-dev', 'main/c1/75/c1756ba84b7f4aa5bb862030dedabbbd_f0f5beed1ebdd42bdd5b05b923eab34831c8e87c', 'https://s3-ap-southeast-1.amazonaws.com/mp-media-dev/main/c1/75/c1756ba84b7f4aa5bb862030dedabbbd_f0f5beed1ebdd42bdd5b05b923eab34831c8e87c');
INSERT INTO `object_storage_s3` VALUES ('4476785746539', 'ap-southeast-1', 'mp-media-dev', 'main/71/96/7196be94e9b115639922e98afbe2dd88_994b484323f3b102e33c2a9907767781b4bfa5ac', 'https://s3-ap-southeast-1.amazonaws.com/mp-media-dev/main/71/96/7196be94e9b115639922e98afbe2dd88_994b484323f3b102e33c2a9907767781b4bfa5ac');
INSERT INTO `object_storage_s3` VALUES ('4476793209452', 'ap-southeast-1', 'mp-media-dev', 'main/d7/05/d70516917520d0da9ba3640428df4eb7_0b5b88ab6a3ecaf2ac85c4355ded3cf44888f5d3', 'https://s3-ap-southeast-1.amazonaws.com/mp-media-dev/main/d7/05/d70516917520d0da9ba3640428df4eb7_0b5b88ab6a3ecaf2ac85c4355ded3cf44888f5d3');
INSERT INTO `object_storage_s3` VALUES ('4476818170477', 'ap-southeast-1', 'mp-media-dev', 'main/1a/a6/1aa683ccd1a3b74d9ce1e2f261de6f6e_a18c49d331a7fceeccec52a035c497a2f3ae21c8', 'https://s3-ap-southeast-1.amazonaws.com/mp-media-dev/main/1a/a6/1aa683ccd1a3b74d9ce1e2f261de6f6e_a18c49d331a7fceeccec52a035c497a2f3ae21c8');
INSERT INTO `object_storage_s3` VALUES ('4476818236014', 'ap-southeast-1', 'mp-media-dev', 'main/7f/d3/7fd36af4c46248df3f6bf0f377945d4e_40fb7bc2b7a02d14841f460f40715aa90f724c9d', 'https://s3-ap-southeast-1.amazonaws.com/mp-media-dev/main/7f/d3/7fd36af4c46248df3f6bf0f377945d4e_40fb7bc2b7a02d14841f460f40715aa90f724c9d');
INSERT INTO `object_storage_s3` VALUES ('4476818252399', 'ap-southeast-1', 'mp-media-dev', 'main/ea/d9/ead98a26a6f8095f05be30c6cc038381_98cb290a8904ac84a2f2f02f411f13635c99d6c6', 'https://s3-ap-southeast-1.amazonaws.com/mp-media-dev/main/ea/d9/ead98a26a6f8095f05be30c6cc038381_98cb290a8904ac84a2f2f02f411f13635c99d6c6');
INSERT INTO `object_storage_s3` VALUES ('4476818350704', 'ap-southeast-1', 'mp-media-dev', 'main/41/1b/411ba3ba0c8b31bb5e355a12ad01160a_24030a463924ff3cec4337698fa1f0bdee394892', 'https://s3-ap-southeast-1.amazonaws.com/mp-media-dev/main/41/1b/411ba3ba0c8b31bb5e355a12ad01160a_24030a463924ff3cec4337698fa1f0bdee394892');
INSERT INTO `object_storage_s3` VALUES ('4476822233713', 'ap-southeast-1', 'mp-media-dev', 'main/b8/f1/b8f1efebd8b7669d343d893458d57bb4_5e096dde85d0bf6d53352de0a3bd84c2bf323d98', 'https://s3-ap-southeast-1.amazonaws.com/mp-media-dev/main/b8/f1/b8f1efebd8b7669d343d893458d57bb4_5e096dde85d0bf6d53352de0a3bd84c2bf323d98');
INSERT INTO `object_storage_s3` VALUES ('4476822356594', 'ap-southeast-1', 'mp-media-dev', 'main/3f/44/3f44e5f0aa41514e94cb80337ba26a26_6f66719909b3740cada0744c40fd63ee08fefad2', 'https://s3-ap-southeast-1.amazonaws.com/mp-media-dev/main/3f/44/3f44e5f0aa41514e94cb80337ba26a26_6f66719909b3740cada0744c40fd63ee08fefad2');
INSERT INTO `object_storage_s3` VALUES ('4476822430323', 'ap-southeast-1', 'mp-media-dev', 'main/12/ee/12ee98dc54bc7e6b3de15087af7f7215_6833c05557ab094a2278c3145be55080006692aa', 'https://s3-ap-southeast-1.amazonaws.com/mp-media-dev/main/12/ee/12ee98dc54bc7e6b3de15087af7f7215_6833c05557ab094a2278c3145be55080006692aa');
INSERT INTO `object_storage_s3` VALUES ('4476832539252', 'ap-southeast-1', 'mp-media-dev', 'main/97/b4/97b462902415e86e6077f7ae4057c5fb_3588b253fbf722715a128afe2b7e0d5aac12f147', 'https://s3-ap-southeast-1.amazonaws.com/mp-media-dev/main/97/b4/97b462902415e86e6077f7ae4057c5fb_3588b253fbf722715a128afe2b7e0d5aac12f147');
INSERT INTO `object_storage_s3` VALUES ('4476832588405', 'ap-southeast-1', 'mp-media-dev', 'main/1c/27/1c2782fbabcc1085e2ae5383564bfe04_4ca6a6650ca01a273e1b2112e8244af4cc09ea99', 'https://s3-ap-southeast-1.amazonaws.com/mp-media-dev/main/1c/27/1c2782fbabcc1085e2ae5383564bfe04_4ca6a6650ca01a273e1b2112e8244af4cc09ea99');
INSERT INTO `object_storage_s3` VALUES ('4476832883318', 'ap-southeast-1', 'mp-media-dev', 'main/0a/dd/0add874725176fc4d80abaa6946dbc94_5d1acd78eb1f54c6ecf8595c78118a344c88ad2d', 'https://s3-ap-southeast-1.amazonaws.com/mp-media-dev/main/0a/dd/0add874725176fc4d80abaa6946dbc94_5d1acd78eb1f54c6ecf8595c78118a344c88ad2d');
INSERT INTO `object_storage_s3` VALUES ('4476832957047', 'ap-southeast-1', 'mp-media-dev', 'main/91/c8/91c82c06763746b842d39d8ff8ea3418_844e968682b27f193542581de5e264270d054f89', 'https://s3-ap-southeast-1.amazonaws.com/mp-media-dev/main/91/c8/91c82c06763746b842d39d8ff8ea3418_844e968682b27f193542581de5e264270d054f89');
INSERT INTO `object_storage_s3` VALUES ('4476857246328', 'ap-southeast-1', 'mp-media-dev', 'main/26/3d/263d8f106e9c3ebac5c7067d671ce1b1_088e47c6df89a08a9f610b769a820cbf114fe8f5', 'https://s3-ap-southeast-1.amazonaws.com/mp-media-dev/main/26/3d/263d8f106e9c3ebac5c7067d671ce1b1_088e47c6df89a08a9f610b769a820cbf114fe8f5');
INSERT INTO `object_storage_s3` VALUES ('4476876776057', 'ap-southeast-1', 'mp-media-dev', 'main/eb/33/eb33467c59e18bf344fdd2c5ccf5da0c_1e0a494ded07ad455d7832368e0933b7ca74b093', 'https://s3-ap-southeast-1.amazonaws.com/mp-media-dev/main/eb/33/eb33467c59e18bf344fdd2c5ccf5da0c_1e0a494ded07ad455d7832368e0933b7ca74b093');
INSERT INTO `object_storage_s3` VALUES ('4476879364730', 'ap-southeast-1', 'mp-media-dev', 'main/5e/fa/5efa7a12b2956e7de5e501350289d17d_fcfa5f9a8cbe955ed0c6cc5b6ea5192669e45931', 'https://s3-ap-southeast-1.amazonaws.com/mp-media-dev/main/5e/fa/5efa7a12b2956e7de5e501350289d17d_fcfa5f9a8cbe955ed0c6cc5b6ea5192669e45931');
INSERT INTO `object_storage_s3` VALUES ('4477389873787', 'ap-southeast-1', 'mp-media-dev', 'main/fc/cb/fccbce224c89d7c9048202690335c9bf_949ad04911a3dde1126340dc8c658676fe3f7bc9', 'https://s3-ap-southeast-1.amazonaws.com/mp-media-dev/main/fc/cb/fccbce224c89d7c9048202690335c9bf_949ad04911a3dde1126340dc8c658676fe3f7bc9');
INSERT INTO `object_storage_s3` VALUES ('4477408830076', 'ap-southeast-1', 'mp-media-dev', 'main/4a/67/4a6768d525de5f7f7630bb9049aca415_0fdc55b438e25c818e5191bf1bcccc97a2e40388', 'https://s3-ap-southeast-1.amazonaws.com/mp-media-dev/main/4a/67/4a6768d525de5f7f7630bb9049aca415_0fdc55b438e25c818e5191bf1bcccc97a2e40388');
INSERT INTO `object_storage_s3` VALUES ('4477409108605', 'ap-southeast-1', 'mp-media-dev', 'main/fc/66/fc66a61f2fa3c270fb7554918429f35a_a29009576f7b95837ffc4b409ee6d9f909ce2af2', 'https://s3-ap-southeast-1.amazonaws.com/mp-media-dev/main/fc/66/fc66a61f2fa3c270fb7554918429f35a_a29009576f7b95837ffc4b409ee6d9f909ce2af2');
INSERT INTO `object_storage_s3` VALUES ('4477409469054', 'ap-southeast-1', 'mp-media-dev', 'main/ad/51/ad51e54db2f85c42c219b3ed18acc6c0_9fb4829a088d06b8f0e119c3fffeefe1466fa003', 'https://s3-ap-southeast-1.amazonaws.com/mp-media-dev/main/ad/51/ad51e54db2f85c42c219b3ed18acc6c0_9fb4829a088d06b8f0e119c3fffeefe1466fa003');
INSERT INTO `object_storage_s3` VALUES ('4477418734207', 'ap-southeast-1', 'mp-media-dev', 'main/86/71/8671ee18676d8754cf9cb2f4b215a800_d74de222544975b1c12f431129f6535370b050c7', 'https://s3-ap-southeast-1.amazonaws.com/mp-media-dev/main/86/71/8671ee18676d8754cf9cb2f4b215a800_d74de222544975b1c12f431129f6535370b050c7');
INSERT INTO `object_storage_s3` VALUES ('4477562651264', 'ap-southeast-1', 'mp-media-dev', 'main/ec/1f/ec1fbeb3d938fd1b7852ae00997fe5d3_e6a90e74457f5b33224172d171c76c6f82d340b3', 'https://s3-ap-southeast-1.amazonaws.com/mp-media-dev/main/ec/1f/ec1fbeb3d938fd1b7852ae00997fe5d3_e6a90e74457f5b33224172d171c76c6f82d340b3');
INSERT INTO `object_storage_s3` VALUES ('4477606232705', 'ap-southeast-1', 'mp-media-dev', 'main/af/fc/affc886b1b0f6e48f7aeeb07ba53486d_abbb45ea902bd8c61e87034eb7df6d48aa0aab74', 'https://s3-ap-southeast-1.amazonaws.com/mp-media-dev/main/af/fc/affc886b1b0f6e48f7aeeb07ba53486d_abbb45ea902bd8c61e87034eb7df6d48aa0aab74');
INSERT INTO `object_storage_s3` VALUES ('4477606298242', 'ap-southeast-1', 'mp-media-dev', 'main/0d/e0/0de01c8a30e3e88cc14aad42180d0451_c58c18c84bfd6fb21aa1bdb8da5e485547a4f4fb', 'https://s3-ap-southeast-1.amazonaws.com/mp-media-dev/main/0d/e0/0de01c8a30e3e88cc14aad42180d0451_c58c18c84bfd6fb21aa1bdb8da5e485547a4f4fb');
INSERT INTO `object_storage_s3` VALUES ('4479537554051', 'ap-southeast-1', 'mp-media-dev', 'main/86/8e/868eb68838e4cc0b1f42f028c5f0fcdc_b2ec07fda3bf7ba5f95b406d5d6b97bb17adbcc0', 'https://s3-ap-southeast-1.amazonaws.com/mp-media-dev/main/86/8e/868eb68838e4cc0b1f42f028c5f0fcdc_b2ec07fda3bf7ba5f95b406d5d6b97bb17adbcc0');
INSERT INTO `object_storage_s3` VALUES ('4479538209412', 'ap-southeast-1', 'mp-media-dev', 'main/c6/8f/c68fbd93c4653056c631a8bfc2ff399d_b32c2d102a08ebd9a1c173eaaee02352da99c15b', 'https://s3-ap-southeast-1.amazonaws.com/mp-media-dev/main/c6/8f/c68fbd93c4653056c631a8bfc2ff399d_b32c2d102a08ebd9a1c173eaaee02352da99c15b');
INSERT INTO `object_storage_s3` VALUES ('4479538307717', 'ap-southeast-1', 'mp-media-dev', 'main/3a/3f/3a3fb998548bbd1b39dcbc67cf2e703f_24388be120c8b9605dfa20a61421781c8d479a65', 'https://s3-ap-southeast-1.amazonaws.com/mp-media-dev/main/3a/3f/3a3fb998548bbd1b39dcbc67cf2e703f_24388be120c8b9605dfa20a61421781c8d479a65');
INSERT INTO `object_storage_s3` VALUES ('4479538406022', 'ap-southeast-1', 'mp-media-dev', 'main/4e/2e/4e2e9707580ed536443b02a4550c1d78_24a806f02739db210501288ae8626dca951e62d6', 'https://s3-ap-southeast-1.amazonaws.com/mp-media-dev/main/4e/2e/4e2e9707580ed536443b02a4550c1d78_24a806f02739db210501288ae8626dca951e62d6');
INSERT INTO `object_storage_s3` VALUES ('4479538487943', 'ap-southeast-1', 'mp-media-dev', 'main/37/c7/37c71fff02267897a1c898d48582f5f1_fbf1873008dca989fcc8e68f17c3e005f88e9bee', 'https://s3-ap-southeast-1.amazonaws.com/mp-media-dev/main/37/c7/37c71fff02267897a1c898d48582f5f1_fbf1873008dca989fcc8e68f17c3e005f88e9bee');
INSERT INTO `object_storage_s3` VALUES ('4479538619016', 'ap-southeast-1', 'mp-media-dev', 'main/45/0a/450a8f89f8f6466eccd7321c0efee4ba_21b10cc713d64835c954837467fc24a1f8569798', 'https://s3-ap-southeast-1.amazonaws.com/mp-media-dev/main/45/0a/450a8f89f8f6466eccd7321c0efee4ba_21b10cc713d64835c954837467fc24a1f8569798');
INSERT INTO `object_storage_s3` VALUES ('4479542248073', 'ap-southeast-1', 'mp-media-dev', 'main/05/66/056642d11c4a5da6600cebe4bc2430e4_93ef02836d0647e4ed5db9088be27478c2786ae2', 'https://s3-ap-southeast-1.amazonaws.com/mp-media-dev/main/05/66/056642d11c4a5da6600cebe4bc2430e4_93ef02836d0647e4ed5db9088be27478c2786ae2');
INSERT INTO `object_storage_s3` VALUES ('4479542313610', 'ap-southeast-1', 'mp-media-dev', 'main/fc/65/fc6535a9aa12563715eae75b22aafac3_6d5e1c2122b781046a58ead84afc18fabb8c1f09', 'https://s3-ap-southeast-1.amazonaws.com/mp-media-dev/main/fc/65/fc6535a9aa12563715eae75b22aafac3_6d5e1c2122b781046a58ead84afc18fabb8c1f09');
INSERT INTO `object_storage_s3` VALUES ('4479542583947', 'ap-southeast-1', 'mp-media-dev', 'main/19/ca/19ca2aa85a168d9b26ff616d12d58c7f_a34f157dc048d68912af53c4e0e8f77d38c8f08a', 'https://s3-ap-southeast-1.amazonaws.com/mp-media-dev/main/19/ca/19ca2aa85a168d9b26ff616d12d58c7f_a34f157dc048d68912af53c4e0e8f77d38c8f08a');
INSERT INTO `object_storage_s3` VALUES ('4479544550028', 'ap-southeast-1', 'mp-media-dev', 'main/76/7e/767e2d10ebd8edf99ff417fae2e55698_94391e2ee955823695af1ae0f7275fd73f0e51d7', 'https://s3-ap-southeast-1.amazonaws.com/mp-media-dev/main/76/7e/767e2d10ebd8edf99ff417fae2e55698_94391e2ee955823695af1ae0f7275fd73f0e51d7');
INSERT INTO `object_storage_s3` VALUES ('4479544574605', 'ap-southeast-1', 'mp-media-dev', 'main/c3/f8/c3f812ebc7dc8f583b880fa2d59702f1_780e0af31c073ae4dfce4db046e8208e200d91d2', 'https://s3-ap-southeast-1.amazonaws.com/mp-media-dev/main/c3/f8/c3f812ebc7dc8f583b880fa2d59702f1_780e0af31c073ae4dfce4db046e8208e200d91d2');
INSERT INTO `object_storage_s3` VALUES ('4479544607374', 'ap-southeast-1', 'mp-media-dev', 'main/e8/4e/e84e78acc566dfa8ad078ad5a3c0f213_02d4afa0a895794dfdcb5418e5a0bf4427ad13e3', 'https://s3-ap-southeast-1.amazonaws.com/mp-media-dev/main/e8/4e/e84e78acc566dfa8ad078ad5a3c0f213_02d4afa0a895794dfdcb5418e5a0bf4427ad13e3');
INSERT INTO `object_storage_s3` VALUES ('4479628722831', 'ap-southeast-1', 'mp-media-dev', 'main/ab/cc/abcc45448feacadaaf4a259e187fe38c_af5ad644b86f8e3223ed6f34fc1e81892314f735', 'https://s3-ap-southeast-1.amazonaws.com/mp-media-dev/main/ab/cc/abcc45448feacadaaf4a259e187fe38c_af5ad644b86f8e3223ed6f34fc1e81892314f735');
INSERT INTO `object_storage_s3` VALUES ('4479674090128', 'ap-southeast-1', 'mp-media-dev', 'main/44/66/4466304f665d6f557ae765845167fff1_e528ff8dd346cd11220280199ae0936d38ac0e17', 'https://s3-ap-southeast-1.amazonaws.com/mp-media-dev/main/44/66/4466304f665d6f557ae765845167fff1_e528ff8dd346cd11220280199ae0936d38ac0e17');
INSERT INTO `object_storage_s3` VALUES ('4479674466961', 'ap-southeast-1', 'mp-media-dev', 'main/0e/32/0e32f40d2c5e0c7371017349cda77c25_2c42e08e9534819b9211ba6b10617dbf03f8c243', 'https://s3-ap-southeast-1.amazonaws.com/mp-media-dev/main/0e/32/0e32f40d2c5e0c7371017349cda77c25_2c42e08e9534819b9211ba6b10617dbf03f8c243');
INSERT INTO `object_storage_s3` VALUES ('4479717106322', 'ap-southeast-1', 'mp-media-dev', 'main/55/90/559078662e1879301dbdbb7c79ec050e_125f6900d7c111507c34f81814e6abc7948c16fb', 'https://s3-ap-southeast-1.amazonaws.com/mp-media-dev/main/55/90/559078662e1879301dbdbb7c79ec050e_125f6900d7c111507c34f81814e6abc7948c16fb');
INSERT INTO `object_storage_s3` VALUES ('4480201998995', 'ap-southeast-1', 'mp-media-dev', 'main/70/c7/70c74d945d29022cd81d1fb2e53b8461_4d9f21c91b0d0e4504e9267a75cc78ccd3ad63e2', 'https://s3-ap-southeast-1.amazonaws.com/mp-media-dev/main/70/c7/70c74d945d29022cd81d1fb2e53b8461_4d9f21c91b0d0e4504e9267a75cc78ccd3ad63e2');
INSERT INTO `object_storage_s3` VALUES ('4480323691156', 'ap-southeast-1', 'mp-media-dev', 'main/c6/58/c658ce99848f1792c2ed56371124bdd1_ac74a7da17f605af19bdb5f7737c2103cad974f9', 'https://s3-ap-southeast-1.amazonaws.com/mp-media-dev/main/c6/58/c658ce99848f1792c2ed56371124bdd1_ac74a7da17f605af19bdb5f7737c2103cad974f9');
INSERT INTO `object_storage_s3` VALUES ('4480351568533', 'ap-southeast-1', 'mp-media-dev', 'main/0b/58/0b58db657ce8ac6e3a8bcdc8c8c7e77d_999c71985289fab7c966defdda7bca02d64d0931', 'https://s3-ap-southeast-1.amazonaws.com/mp-media-dev/main/0b/58/0b58db657ce8ac6e3a8bcdc8c8c7e77d_999c71985289fab7c966defdda7bca02d64d0931');
INSERT INTO `object_storage_s3` VALUES ('4480362193558', 'ap-southeast-1', 'mp-media-dev', 'main/14/a1/14a19634708cec39ef78b6ca07084c73_f3a077026bc31fc33773ac707dba5b35721c02cb', 'https://s3-ap-southeast-1.amazonaws.com/mp-media-dev/main/14/a1/14a19634708cec39ef78b6ca07084c73_f3a077026bc31fc33773ac707dba5b35721c02cb');
INSERT INTO `object_storage_s3` VALUES ('4480388702871', 'ap-southeast-1', 'mp-media-dev', 'main/5f/ec/5fecde8db1e36abba6da0b731f0a5242_6d993459ee5c482714f72e87b3625ef58720bf14', 'https://s3-ap-southeast-1.amazonaws.com/mp-media-dev/main/5f/ec/5fecde8db1e36abba6da0b731f0a5242_6d993459ee5c482714f72e87b3625ef58720bf14');
INSERT INTO `object_storage_s3` VALUES ('4480389022360', 'ap-southeast-1', 'mp-media-dev', 'main/3f/01/3f01c4e882f21cd61ac4ea8c63c7ffa3_40980a71371ba7da38e53c4157e2d17f2309e2a5', 'https://s3-ap-southeast-1.amazonaws.com/mp-media-dev/main/3f/01/3f01c4e882f21cd61ac4ea8c63c7ffa3_40980a71371ba7da38e53c4157e2d17f2309e2a5');
INSERT INTO `object_storage_s3` VALUES ('4480901096089', 'ap-southeast-1', 'mp-media-dev', 'main/9b/37/9b37c6d7239e43b943ef50c855532ff3_6c9a0d708051cba78d0c441dda9fdd386352abc2', 'https://s3-ap-southeast-1.amazonaws.com/mp-media-dev/main/9b/37/9b37c6d7239e43b943ef50c855532ff3_6c9a0d708051cba78d0c441dda9fdd386352abc2');
INSERT INTO `object_storage_s3` VALUES ('4480901841562', 'ap-southeast-1', 'mp-media-dev', 'main/b6/b2/b6b29f873535cf33120d7e122ba4170a_2e7de072e248f3639234e0037b9cd5e1ce63470a', 'https://s3-ap-southeast-1.amazonaws.com/mp-media-dev/main/b6/b2/b6b29f873535cf33120d7e122ba4170a_2e7de072e248f3639234e0037b9cd5e1ce63470a');
INSERT INTO `object_storage_s3` VALUES ('4480909664923', 'ap-southeast-1', 'mp-media-dev', 'main/ec/52/ec526f523fe60c4a0ef295570172007f_c11cf8257990df011f7ef6a6f5169b624ebe165a', 'https://s3-ap-southeast-1.amazonaws.com/mp-media-dev/main/ec/52/ec526f523fe60c4a0ef295570172007f_c11cf8257990df011f7ef6a6f5169b624ebe165a');
INSERT INTO `object_storage_s3` VALUES ('4480909746844', 'ap-southeast-1', 'mp-media-dev', 'main/58/e6/58e69eef743ddd8b49b861cbe3b3997f_ed8b96cf156afeb91fd3ae9f7afd33853426e038', 'https://s3-ap-southeast-1.amazonaws.com/mp-media-dev/main/58/e6/58e69eef743ddd8b49b861cbe3b3997f_ed8b96cf156afeb91fd3ae9f7afd33853426e038');
INSERT INTO `object_storage_s3` VALUES ('4480923353757', 'ap-southeast-1', 'mp-media-dev', 'main/6c/89/6c8958445e85fe2f552ee43dbe3916fc_d31702ca7fa26c1117fb8bd4e2aacab31dcb5571', 'https://s3-ap-southeast-1.amazonaws.com/mp-media-dev/main/6c/89/6c8958445e85fe2f552ee43dbe3916fc_d31702ca7fa26c1117fb8bd4e2aacab31dcb5571');
INSERT INTO `object_storage_s3` VALUES ('4480956203678', 'ap-southeast-1', 'mp-media-dev', 'main/0c/6f/0c6f5b64c2fb3df85dd00136873650ec_9e80fe096de46adb14d32fbbb9ecf6a125af2344', 'https://s3-ap-southeast-1.amazonaws.com/mp-media-dev/main/0c/6f/0c6f5b64c2fb3df85dd00136873650ec_9e80fe096de46adb14d32fbbb9ecf6a125af2344');
INSERT INTO `object_storage_s3` VALUES ('4480956342943', 'ap-southeast-1', 'mp-media-dev', 'main/5a/db/5adbdc194f188d24f53e18ebedb72cdd_b9eaae183750c94caf904ac120857f68dccfd068', 'https://s3-ap-southeast-1.amazonaws.com/mp-media-dev/main/5a/db/5adbdc194f188d24f53e18ebedb72cdd_b9eaae183750c94caf904ac120857f68dccfd068');
INSERT INTO `object_storage_s3` VALUES ('4480957498016', 'ap-southeast-1', 'mp-media-dev', 'main/ce/16/ce16408f9fc545306b123d7ac51434d4_8c373fb8f22992607f235ad8d7f2f8c60c7b3c56', 'https://s3-ap-southeast-1.amazonaws.com/mp-media-dev/main/ce/16/ce16408f9fc545306b123d7ac51434d4_8c373fb8f22992607f235ad8d7f2f8c60c7b3c56');
INSERT INTO `object_storage_s3` VALUES ('4481030324897', 'ap-southeast-1', 'mp-media-dev', 'main/58/ed/58ede3b75bd172be46e7f2a8a02716c9_a63dec2bff71506f208f730bebc0dd7ca9e2f91c', 'https://s3-ap-southeast-1.amazonaws.com/mp-media-dev/main/58/ed/58ede3b75bd172be46e7f2a8a02716c9_a63dec2bff71506f208f730bebc0dd7ca9e2f91c');
INSERT INTO `object_storage_s3` VALUES ('4481034248866', 'ap-southeast-1', 'mp-media-dev', 'main/e4/54/e4547b8a94e2c855288c48da3d403579_0e52d5b15cc3355f8d876996c49d753f2601f637', 'https://s3-ap-southeast-1.amazonaws.com/mp-media-dev/main/e4/54/e4547b8a94e2c855288c48da3d403579_0e52d5b15cc3355f8d876996c49d753f2601f637');
INSERT INTO `object_storage_s3` VALUES ('4481040925347', 'ap-southeast-1', 'mp-media-dev', 'main/af/cf/afcf6d9445537604ee39b2f9aedf1f00_6ace10405bd08f01a293bbad6359e28e8824e5ce', 'https://s3-ap-southeast-1.amazonaws.com/mp-media-dev/main/af/cf/afcf6d9445537604ee39b2f9aedf1f00_6ace10405bd08f01a293bbad6359e28e8824e5ce');
INSERT INTO `object_storage_s3` VALUES ('4481042162340', 'ap-southeast-1', 'mp-media-dev', 'main/fd/30/fd3034ee2af801d2346d0c5f220974d3_b0382ac770786583e466e678d3bf6b5ba6308f0f', 'https://s3-ap-southeast-1.amazonaws.com/mp-media-dev/main/fd/30/fd3034ee2af801d2346d0c5f220974d3_b0382ac770786583e466e678d3bf6b5ba6308f0f');
INSERT INTO `object_storage_s3` VALUES ('4481073087141', 'ap-southeast-1', 'mp-media-dev', 'main/f8/74/f8742f48e0f4ac0a4db1d7404a31d2f0_ea8a86c68da9fb097a241f5c08c26a1ee89915c1', 'https://s3-ap-southeast-1.amazonaws.com/mp-media-dev/main/f8/74/f8742f48e0f4ac0a4db1d7404a31d2f0_ea8a86c68da9fb097a241f5c08c26a1ee89915c1');
INSERT INTO `object_storage_s3` VALUES ('4481113506470', 'ap-southeast-1', 'mp-media-dev', 'main/f1/65/f1650935d2226830137d5675d0a8f0af_9f4c01e235de2022a127c0fa9b68871a1b77fdf0', 'https://s3-ap-southeast-1.amazonaws.com/mp-media-dev/main/f1/65/f1650935d2226830137d5675d0a8f0af_9f4c01e235de2022a127c0fa9b68871a1b77fdf0');
INSERT INTO `object_storage_s3` VALUES ('4481128268455', 'ap-southeast-1', 'mp-media-dev', 'main/d4/f3/d4f3f109e14b5600747907468ea28d64_a156a1f15770c74f89ae57ab7e8c5ac0988e7c33', 'https://s3-ap-southeast-1.amazonaws.com/mp-media-dev/main/d4/f3/d4f3f109e14b5600747907468ea28d64_a156a1f15770c74f89ae57ab7e8c5ac0988e7c33');
INSERT INTO `object_storage_s3` VALUES ('4481128866472', 'ap-southeast-1', 'mp-media-dev', 'main/56/81/5681281056567b649a158da829f7b5da_e7afee54a593f6cb6fd1aad60917ee218360b26d', 'https://s3-ap-southeast-1.amazonaws.com/mp-media-dev/main/56/81/5681281056567b649a158da829f7b5da_e7afee54a593f6cb6fd1aad60917ee218360b26d');
INSERT INTO `object_storage_s3` VALUES ('4481131676329', 'ap-southeast-1', 'mp-media-dev', 'main/f8/0c/f80cd7b27f9b5315ff6e53ce668f4e6c_7120ea2785c3751dec8866d4a6a453d08112f0ca', 'https://s3-ap-southeast-1.amazonaws.com/mp-media-dev/main/f8/0c/f80cd7b27f9b5315ff6e53ce668f4e6c_7120ea2785c3751dec8866d4a6a453d08112f0ca');
INSERT INTO `object_storage_s3` VALUES ('4481132667562', 'ap-southeast-1', 'mp-media-dev', 'main/ac/47/ac47e3424ea3f8c1b7903d51164a3155_ae6aa377b6b790aa009b3937a8636ba517e4b193', 'https://s3-ap-southeast-1.amazonaws.com/mp-media-dev/main/ac/47/ac47e3424ea3f8c1b7903d51164a3155_ae6aa377b6b790aa009b3937a8636ba517e4b193');
INSERT INTO `object_storage_s3` VALUES ('4481132749483', 'ap-southeast-1', 'mp-media-dev', 'main/11/a9/11a91babfe6f7536bd5898325a644627_e08ae6fcfa6a09b985370d2a7ea403df06401b43', 'https://s3-ap-southeast-1.amazonaws.com/mp-media-dev/main/11/a9/11a91babfe6f7536bd5898325a644627_e08ae6fcfa6a09b985370d2a7ea403df06401b43');
INSERT INTO `object_storage_s3` VALUES ('4481132782252', 'ap-southeast-1', 'mp-media-dev', 'main/0d/ca/0dca4b866916ef624663efb92398e677_733d22eb9626cd3508ae2333e00c4cdbc1566d6a', 'https://s3-ap-southeast-1.amazonaws.com/mp-media-dev/main/0d/ca/0dca4b866916ef624663efb92398e677_733d22eb9626cd3508ae2333e00c4cdbc1566d6a');
INSERT INTO `object_storage_s3` VALUES ('4481133535917', 'ap-southeast-1', 'mp-media-dev', 'main/7c/00/7c00b16f85f708fc1b8ab36ce2c47c50_c4ef3c83f41fa569e7f666d6f565e8c908a56669', 'https://s3-ap-southeast-1.amazonaws.com/mp-media-dev/main/7c/00/7c00b16f85f708fc1b8ab36ce2c47c50_c4ef3c83f41fa569e7f666d6f565e8c908a56669');
INSERT INTO `object_storage_s3` VALUES ('4481133658798', 'ap-southeast-1', 'mp-media-dev', 'main/c7/11/c71163caf0f301528c37a657d5d6f3a2_7397af9c4b5cd8ce235be8936749fd8dc16ba06b', 'https://s3-ap-southeast-1.amazonaws.com/mp-media-dev/main/c7/11/c71163caf0f301528c37a657d5d6f3a2_7397af9c4b5cd8ce235be8936749fd8dc16ba06b');
INSERT INTO `object_storage_s3` VALUES ('4481146143407', 'ap-southeast-1', 'mp-media-dev', 'main/a4/2e/a42eb7638018e09c33c0ea15e6b6bb44_8a52f258844b1ff62cdd6c89adf9a7e24d21b748', 'https://s3-ap-southeast-1.amazonaws.com/mp-media-dev/main/a4/2e/a42eb7638018e09c33c0ea15e6b6bb44_8a52f258844b1ff62cdd6c89adf9a7e24d21b748');
INSERT INTO `object_storage_s3` VALUES ('4481610244784', 'ap-southeast-1', 'mp-media-dev', 'main/be/8a/be8a5c4256b0f44e048af5678f000564_3efc1214c19bc6a40232d40bf0fe93e8b0c8100c', 'https://s3-ap-southeast-1.amazonaws.com/mp-media-dev/main/be/8a/be8a5c4256b0f44e048af5678f000564_3efc1214c19bc6a40232d40bf0fe93e8b0c8100c');
INSERT INTO `object_storage_s3` VALUES ('4481610523313', 'ap-southeast-1', 'mp-media-dev', 'main/42/f4/42f4a06a0fb876725e69de7597696052_b9bdf7f2e2250508498b9fb3b13071b19d16c7d0', 'https://s3-ap-southeast-1.amazonaws.com/mp-media-dev/main/42/f4/42f4a06a0fb876725e69de7597696052_b9bdf7f2e2250508498b9fb3b13071b19d16c7d0');
INSERT INTO `object_storage_s3` VALUES ('4481641874098', 'ap-southeast-1', 'mp-media-dev', 'main/1b/de/1bdebfa3b7c4d93f571140effc89bc27_efb63ed8ecc53f55eeac9371ce0e1fdec0a56ea4', 'https://s3-ap-southeast-1.amazonaws.com/mp-media-dev/main/1b/de/1bdebfa3b7c4d93f571140effc89bc27_efb63ed8ecc53f55eeac9371ce0e1fdec0a56ea4');
INSERT INTO `object_storage_s3` VALUES ('4481641939635', 'ap-southeast-1', 'mp-media-dev', 'main/ba/97/ba973d4bdfc031ab766d9912ffef82c1_57035d592a0974c297c977a31e47f723c1edab52', 'https://s3-ap-southeast-1.amazonaws.com/mp-media-dev/main/ba/97/ba973d4bdfc031ab766d9912ffef82c1_57035d592a0974c297c977a31e47f723c1edab52');
INSERT INTO `object_storage_s3` VALUES ('4481641988788', 'ap-southeast-1', 'mp-media-dev', 'main/3c/92/3c927c14de47a2ca06452a63256f4f37_50fa7d32ffa6e2d41a8d7559a3639f1d0a2d0b53', 'https://s3-ap-southeast-1.amazonaws.com/mp-media-dev/main/3c/92/3c927c14de47a2ca06452a63256f4f37_50fa7d32ffa6e2d41a8d7559a3639f1d0a2d0b53');
INSERT INTO `object_storage_s3` VALUES ('4481642062517', 'ap-southeast-1', 'mp-media-dev', 'main/b9/91/b99166efd8ed8eef4f3e86d7925f4f27_3ada6643cd41a00f896f12b23925d4d5625a6bab', 'https://s3-ap-southeast-1.amazonaws.com/mp-media-dev/main/b9/91/b99166efd8ed8eef4f3e86d7925f4f27_3ada6643cd41a00f896f12b23925d4d5625a6bab');
INSERT INTO `object_storage_s3` VALUES ('4481642185398', 'ap-southeast-1', 'mp-media-dev', 'main/20/3b/203ba6fb7bcf8bf9b92dd7c098046228_f7196555a6e61c795f7f83d307166a50904d376f', 'https://s3-ap-southeast-1.amazonaws.com/mp-media-dev/main/20/3b/203ba6fb7bcf8bf9b92dd7c098046228_f7196555a6e61c795f7f83d307166a50904d376f');
INSERT INTO `object_storage_s3` VALUES ('4481779040951', 'ap-southeast-1', 'mp-media-dev', 'main/8e/b5/8eb575114bc6b09c0885fcc0f5e1777c_f8f31c539315e1cf964cb514505eefe28cab86df', 'https://s3-ap-southeast-1.amazonaws.com/mp-media-dev/main/8e/b5/8eb575114bc6b09c0885fcc0f5e1777c_f8f31c539315e1cf964cb514505eefe28cab86df');
INSERT INTO `object_storage_s3` VALUES ('4481779114680', 'ap-southeast-1', 'mp-media-dev', 'main/21/39/2139ccbd87628afd19497ffd070496f6_dfbd82151d7a3906cc34f80aae895aa9231a1c83', 'https://s3-ap-southeast-1.amazonaws.com/mp-media-dev/main/21/39/2139ccbd87628afd19497ffd070496f6_dfbd82151d7a3906cc34f80aae895aa9231a1c83');
INSERT INTO `object_storage_s3` VALUES ('4481779188409', 'ap-southeast-1', 'mp-media-dev', 'main/8f/0d/8f0d5e650838f7c17415ba752773aa3d_817401927be43fbd0a970c228c2dd4e45b00b690', 'https://s3-ap-southeast-1.amazonaws.com/mp-media-dev/main/8f/0d/8f0d5e650838f7c17415ba752773aa3d_817401927be43fbd0a970c228c2dd4e45b00b690');
INSERT INTO `object_storage_s3` VALUES ('4481779253946', 'ap-southeast-1', 'mp-media-dev', 'main/95/3c/953c76cee2a83a58f71d566830aeec6b_3fb8e6cfddafd2285bdfa643cb83bf8352fb6aae', 'https://s3-ap-southeast-1.amazonaws.com/mp-media-dev/main/95/3c/953c76cee2a83a58f71d566830aeec6b_3fb8e6cfddafd2285bdfa643cb83bf8352fb6aae');
INSERT INTO `object_storage_s3` VALUES ('4481779368635', 'ap-southeast-1', 'mp-media-dev', 'main/ee/4e/ee4e0c2c2340493c664f8714c25c7801_9f07ed8f499a18ae30e1bb690c8f3ef8b0fcce7a', 'https://s3-ap-southeast-1.amazonaws.com/mp-media-dev/main/ee/4e/ee4e0c2c2340493c664f8714c25c7801_9f07ed8f499a18ae30e1bb690c8f3ef8b0fcce7a');
INSERT INTO `object_storage_s3` VALUES ('4481779794620', 'ap-southeast-1', 'mp-media-dev', 'main/70/55/70554c4b18d2854507c859abd069b879_984c2eb770246c63c3a2bc3e1069b700c9cd9565', 'https://s3-ap-southeast-1.amazonaws.com/mp-media-dev/main/70/55/70554c4b18d2854507c859abd069b879_984c2eb770246c63c3a2bc3e1069b700c9cd9565');
INSERT INTO `object_storage_s3` VALUES ('4481780105917', 'ap-southeast-1', 'mp-media-dev', 'main/d6/a6/d6a694b95103bd63d2c21e3878285033_60bb48d81e5909ae73f57cdfaebcfc9b2eacea80', 'https://s3-ap-southeast-1.amazonaws.com/mp-media-dev/main/d6/a6/d6a694b95103bd63d2c21e3878285033_60bb48d81e5909ae73f57cdfaebcfc9b2eacea80');
INSERT INTO `object_storage_s3` VALUES ('4481780474558', 'ap-southeast-1', 'mp-media-dev', 'main/4c/3b/4c3bbc14971554961f6a06a9a8ef3493_1f7d5f244537ba1d95e617ea919c33529bfedc5b', 'https://s3-ap-southeast-1.amazonaws.com/mp-media-dev/main/4c/3b/4c3bbc14971554961f6a06a9a8ef3493_1f7d5f244537ba1d95e617ea919c33529bfedc5b');
INSERT INTO `object_storage_s3` VALUES ('4481791181503', 'ap-southeast-1', 'mp-media-dev', 'main/be/27/be27c931a721fe61a01ad7402a7788d3_150ea4eb2f45fa366e3a5405513f1dc913144c2b', 'https://s3-ap-southeast-1.amazonaws.com/mp-media-dev/main/be/27/be27c931a721fe61a01ad7402a7788d3_150ea4eb2f45fa366e3a5405513f1dc913144c2b');
INSERT INTO `object_storage_s3` VALUES ('4481791812288', 'ap-southeast-1', 'mp-media-dev', 'main/41/58/41585b80f46a4302036d9c4fcfa671ca_edbb0137c1383b9eadd5856697c99da0c7a2621f', 'https://s3-ap-southeast-1.amazonaws.com/mp-media-dev/main/41/58/41585b80f46a4302036d9c4fcfa671ca_edbb0137c1383b9eadd5856697c99da0c7a2621f');
INSERT INTO `object_storage_s3` VALUES ('4481802158785', 'ap-southeast-1', 'mp-media-dev', 'main/d5/c0/d5c0127de21daaf5fee56d78824aa661_4257e2b2199d39060083f2774289162a55755268', 'https://s3-ap-southeast-1.amazonaws.com/mp-media-dev/main/d5/c0/d5c0127de21daaf5fee56d78824aa661_4257e2b2199d39060083f2774289162a55755268');
INSERT INTO `object_storage_s3` VALUES ('4481802257090', 'ap-southeast-1', 'mp-media-dev', 'main/92/b5/92b5c6d5bac1aef86cc6d13a27afa166_d8a02000730fcf50a95f04a9d36eba1803c59ed8', 'https://s3-ap-southeast-1.amazonaws.com/mp-media-dev/main/92/b5/92b5c6d5bac1aef86cc6d13a27afa166_d8a02000730fcf50a95f04a9d36eba1803c59ed8');

-- ----------------------------
-- Table structure for ticket
-- ----------------------------
DROP TABLE IF EXISTS `ticket`;
CREATE TABLE `ticket` (
  `name` varchar(32) NOT NULL COMMENT '名称',
  `sequence` bigint(20) unsigned NOT NULL COMMENT '序号',
  PRIMARY KEY (`name`)
) ENGINE=InnoDB DEFAULT CHARSET=utf8 COMMENT='Ticket发号计数器';

-- ----------------------------
-- Records of ticket
-- ----------------------------
INSERT INTO `ticket` VALUES ('media', '1444');
INSERT INTO `ticket` VALUES ('object', '706');
